ride_ts,video_path,ride_dir
20240115074945,/projects/u6ex/fbots/frodobots_raw/frodobots_data/output_rides_0/ride_16477_20240115074945/recordings/9bc032df6d4929b5dccc59976f9f7ed2_ride_16477__uid_s_1000__uid_e_video.m3u8,/projects/u6ex/fbots/frodobots_raw/frodobots_data/output_rides_0/ride_16477_20240115074945
20240115085313,/projects/u6ex/fbots/frodobots_raw/frodobots_data/output_rides_0/ride_16481_20240115085313/recordings/e3bc3f2e6942b2db7d39e79d525a4ee2_ride_16481__uid_s_1000__uid_e_video.m3u8,/projects/u6ex/fbots/frodobots_raw/frodobots_data/output_rides_0/ride_16481_20240115085313
20240115090907,/projects/u6ex/fbots/frodobots_raw/frodobots_data/output_rides_0/ride_16484_20240115090907/recordings/fe009c2e2944f30fec2c9797b018ec32_ride_16484__uid_s_1000__uid_e_video.m3u8,/projects/u6ex/fbots/frodobots_raw/frodobots_data/output_rides_0/ride_16484_20240115090907
20240116035143,/projects/u6ex/fbots/frodobots_raw/frodobots_data/output_rides_0/ride_16515_20240116035143/recordings/f6648362d440df767981dc8ea3eb4ba2_ride_16515__uid_s_1000__uid_e_video.m3u8,/projects/u6ex/fbots/frodobots_raw/frodobots_data/output_rides_0/ride_16515_20240116035143
20240116054229,/projects/u6ex/fbots/frodobots_raw/frodobots_data/output_rides_0/ride_16526_20240116054229/recordings/b31655be4841cafa1f654d84dbc0f082_ride_16526__uid_s_1000__uid_e_video.m3u8,/projects/u6ex/fbots/frodobots_raw/frodobots_data/output_rides_0/ride_16526_20240116054229
20240116062144,/projects/u6ex/fbots/frodobots_raw/frodobots_data/output_rides_0/ride_16531_20240116062144/recordings/a5cfb28d9c4b7e884ec7dcbfc41c8e12_frodobot_4828dd__uid_s_1000__uid_e_video.m3u8,/projects/u6ex/fbots/frodobots_raw/frodobots_data/output_rides_0/ride_16531_20240116062144
20240116072413,/projects/u6ex/fbots/frodobots_raw/frodobots_data/output_rides_0/ride_16540_20240116072413/recordings/7863bf7f3c41432c1438c49f7c744312_ride_16540__uid_s_1000__uid_e_video.m3u8,/projects/u6ex/fbots/frodobots_raw/frodobots_data/output_rides_0/ride_16540_20240116072413
20240122031806,/projects/u6ex/fbots/frodobots_raw/frodobots_data/output_rides_0/ride_16721_20240122031806/recordings/7baabb2c8b4b64b89ddfcf8e4b234ac2_ride_16721__uid_s_1000__uid_e_video.m3u8,/projects/u6ex/fbots/frodobots_raw/frodobots_data/output_rides_0/ride_16721_20240122031806
20240122043242,/projects/u6ex/fbots/frodobots_raw/frodobots_data/output_rides_0/ride_16734_20240122043242/recordings/30850ed18a473846b7a84c9378531912_ride_16734__uid_s_1000__uid_e_video.m3u8,/projects/u6ex/fbots/frodobots_raw/frodobots_data/output_rides_0/ride_16734_20240122043242
20240122060123,/projects/u6ex/fbots/frodobots_raw/frodobots_data/output_rides_0/ride_16744_20240122060123/recordings/5c074d8bc64cc181de55b690691dbeb2_ride_16744__uid_s_1000__uid_e_video.m3u8,/projects/u6ex/fbots/frodobots_raw/frodobots_data/output_rides_0/ride_16744_20240122060123
20240122060947,/projects/u6ex/fbots/frodobots_raw/frodobots_data/output_rides_0/ride_16746_20240122060947/recordings/951b0e38184568d630a7b5919b6c5a72_ride_16746__uid_s_1000__uid_e_video.m3u8,/projects/u6ex/fbots/frodobots_raw/frodobots_data/output_rides_0/ride_16746_20240122060947
20240122062527,/projects/u6ex/fbots/frodobots_raw/frodobots_data/output_rides_0/ride_16747_20240122062527/recordings/fce6ce2105404b9021bdbba1f4c269b2_ride_16747__uid_s_1000__uid_e_video.m3u8,/projects/u6ex/fbots/frodobots_raw/frodobots_data/output_rides_0/ride_16747_20240122062527
20240122063417,/projects/u6ex/fbots/frodobots_raw/frodobots_data/output_rides_0/ride_16748_20240122063417/recordings/776375aeed4ff6f14aca2b82801101d2_ride_16748__uid_s_1000__uid_e_video.m3u8,/projects/u6ex/fbots/frodobots_raw/frodobots_data/output_rides_0/ride_16748_20240122063417
20240122075514,/projects/u6ex/fbots/frodobots_raw/frodobots_data/output_rides_0/ride_16764_20240122075514/recordings/1c4d84b0904bafefeba2deb7a718ffd2_ride_16764__uid_s_1000__uid_e_video.m3u8,/projects/u6ex/fbots/frodobots_raw/frodobots_data/output_rides_0/ride_16764_20240122075514
20240122081049,/projects/u6ex/fbots/frodobots_raw/frodobots_data/output_rides_0/ride_16767_20240122081049/recordings/b678c2270c4d6c416945fabfd129a8b2_ride_16767__uid_s_1000__uid_e_video.m3u8,/projects/u6ex/fbots/frodobots_raw/frodobots_data/output_rides_0/ride_16767_20240122081049
20240122084028,/projects/u6ex/fbots/frodobots_raw/frodobots_data/output_rides_0/ride_16771_20240122084028/recordings/9918ebb376482da4b31ecd8748fcde32_ride_16771__uid_s_1000__uid_e_video.m3u8,/projects/u6ex/fbots/frodobots_raw/frodobots_data/output_rides_0/ride_16771_20240122084028
20240122084440,/projects/u6ex/fbots/frodobots_raw/frodobots_data/output_rides_0/ride_16773_20240122084440/recordings/da9cffeecc453e733eb548a895e6b2c2_ride_16773__uid_s_1000__uid_e_video.m3u8,/projects/u6ex/fbots/frodobots_raw/frodobots_data/output_rides_0/ride_16773_20240122084440
20240123063009,/projects/u6ex/fbots/frodobots_raw/frodobots_data/output_rides_0/ride_16814_20240123063009/recordings/d5c8b3e465417bcc6cf36d99687e8282_ride_16814__uid_s_1000__uid_e_video.m3u8,/projects/u6ex/fbots/frodobots_raw/frodobots_data/output_rides_0/ride_16814_20240123063009
20240123063146,/projects/u6ex/fbots/frodobots_raw/frodobots_data/output_rides_0/ride_16815_20240123063146/recordings/f08623993e4bbe616e3baeb83378dc92_ride_16815__uid_s_1000__uid_e_video.m3u8,/projects/u6ex/fbots/frodobots_raw/frodobots_data/output_rides_0/ride_16815_20240123063146
20240123063531,/projects/u6ex/fbots/frodobots_raw/frodobots_data/output_rides_0/ride_16816_20240123063531/recordings/c71b8a9f9e47fd06b48e63af50edb1a2_ride_16816__uid_s_1000__uid_e_video.m3u8,/projects/u6ex/fbots/frodobots_raw/frodobots_data/output_rides_0/ride_16816_20240123063531
20240125002255,/projects/u6ex/fbots/frodobots_raw/frodobots_data/output_rides_0/ride_16940_20240125002255/recordings/b5311d26da493bb7b44ce489614c3c62_ride_16940__uid_s_1000__uid_e_video.m3u8,/projects/u6ex/fbots/frodobots_raw/frodobots_data/output_rides_0/ride_16940_20240125002255
20240125002749,/projects/u6ex/fbots/frodobots_raw/frodobots_data/output_rides_0/ride_16942_20240125002749/recordings/14f42325f04487d147113486864e7542_ride_16942__uid_s_1000__uid_e_video.m3u8,/projects/u6ex/fbots/frodobots_raw/frodobots_data/output_rides_0/ride_16942_20240125002749
20240125005103,/projects/u6ex/fbots/frodobots_raw/frodobots_data/output_rides_0/ride_16946_20240125005103/recordings/b380665427472791d07a78b6083dfcf2_ride_16946__uid_s_1000__uid_e_video.m3u8,/projects/u6ex/fbots/frodobots_raw/frodobots_data/output_rides_0/ride_16946_20240125005103
20240125011214,/projects/u6ex/fbots/frodobots_raw/frodobots_data/output_rides_0/ride_16950_20240125011214/recordings/26a7252c504d90bc84b38b880dee6a12_ride_16950__uid_s_1000__uid_e_video.m3u8,/projects/u6ex/fbots/frodobots_raw/frodobots_data/output_rides_0/ride_16950_20240125011214
20240125012349,/projects/u6ex/fbots/frodobots_raw/frodobots_data/output_rides_0/ride_16952_20240125012349/recordings/56d25ce5124d656f118edf883018ad62_ride_16952__uid_s_1000__uid_e_video.m3u8,/projects/u6ex/fbots/frodobots_raw/frodobots_data/output_rides_0/ride_16952_20240125012349
20240125023226,/projects/u6ex/fbots/frodobots_raw/frodobots_data/output_rides_0/ride_16971_20240125023226/recordings/a15c5073404c6f58954e2fa04f0865f2_ride_16971__uid_s_1000__uid_e_video.m3u8,/projects/u6ex/fbots/frodobots_raw/frodobots_data/output_rides_0/ride_16971_20240125023226
20240125024041,/projects/u6ex/fbots/frodobots_raw/frodobots_data/output_rides_0/ride_16975_20240125024041/recordings/e3f54b9cdf44f48d196b66ad4dfaa722_ride_16975__uid_s_1000__uid_e_video.m3u8,/projects/u6ex/fbots/frodobots_raw/frodobots_data/output_rides_0/ride_16975_20240125024041
20240125033611,/projects/u6ex/fbots/frodobots_raw/frodobots_data/output_rides_0/ride_17001_20240125033611/recordings/5e86a3d80d47319f72a89285605fd562_ride_17001__uid_s_1000__uid_e_video.m3u8,/projects/u6ex/fbots/frodobots_raw/frodobots_data/output_rides_0/ride_17001_20240125033611
20240125034212,/projects/u6ex/fbots/frodobots_raw/frodobots_data/output_rides_0/ride_17005_20240125034212/recordings/c2ec44d06343216ab7cdceb53ffcaf62_ride_17005__uid_s_1000__uid_e_video.m3u8,/projects/u6ex/fbots/frodobots_raw/frodobots_data/output_rides_0/ride_17005_20240125034212
20240125034920,/projects/u6ex/fbots/frodobots_raw/frodobots_data/output_rides_0/ride_17008_20240125034920/recordings/7ccf8dd7814d4b0e479f5a86436d92b2_ride_17008__uid_s_1000__uid_e_video.m3u8,/projects/u6ex/fbots/frodobots_raw/frodobots_data/output_rides_0/ride_17008_20240125034920
20240125045558,/projects/u6ex/fbots/frodobots_raw/frodobots_data/output_rides_0/ride_17039_20240125045558/recordings/7442ddc3e14a7830bd93ecb67f410e52_ride_17039__uid_s_1000__uid_e_video.m3u8,/projects/u6ex/fbots/frodobots_raw/frodobots_data/output_rides_0/ride_17039_20240125045558
20240125060707,/projects/u6ex/fbots/frodobots_raw/frodobots_data/output_rides_0/ride_17055_20240125060707/recordings/1dbd970f024bcc1a599357abfaba2862_ride_17055__uid_s_1000__uid_e_video.m3u8,/projects/u6ex/fbots/frodobots_raw/frodobots_data/output_rides_0/ride_17055_20240125060707
20240125062533,/projects/u6ex/fbots/frodobots_raw/frodobots_data/output_rides_0/ride_17070_20240125062533/recordings/7bd46999a142190c175ff686268eeb52_ride_17070__uid_s_1000__uid_e_video.m3u8,/projects/u6ex/fbots/frodobots_raw/frodobots_data/output_rides_0/ride_17070_20240125062533
20240125062721,/projects/u6ex/fbots/frodobots_raw/frodobots_data/output_rides_0/ride_17073_20240125062721/recordings/4e443849a34b5fd83218c3bbb18eb012_ride_17073__uid_s_1000__uid_e_video.m3u8,/projects/u6ex/fbots/frodobots_raw/frodobots_data/output_rides_0/ride_17073_20240125062721
20240125071537,/projects/u6ex/fbots/frodobots_raw/frodobots_data/output_rides_0/ride_17089_20240125071537/recordings/5f51185b0b4a43e747c8b383124477b2_ride_17089__uid_s_1000__uid_e_video.m3u8,/projects/u6ex/fbots/frodobots_raw/frodobots_data/output_rides_0/ride_17089_20240125071537
20240125073326,/projects/u6ex/fbots/frodobots_raw/frodobots_data/output_rides_0/ride_17096_20240125073326/recordings/5ac85d68eb475c63600d6fb404c61522_ride_17096__uid_s_1000__uid_e_video.m3u8,/projects/u6ex/fbots/frodobots_raw/frodobots_data/output_rides_0/ride_17096_20240125073326
20240126032253,/projects/u6ex/fbots/frodobots_raw/frodobots_data/output_rides_0/ride_17223_20240126032253/recordings/9df29e0a31430dd5c8484ab1c391ce12_ride_17223__uid_s_1000__uid_e_video.m3u8,/projects/u6ex/fbots/frodobots_raw/frodobots_data/output_rides_0/ride_17223_20240126032253
20240126064727,/projects/u6ex/fbots/frodobots_raw/frodobots_data/output_rides_0/ride_17286_20240126064727/recordings/87ff4d6ecf436236a6b8eaaae691add2_ride_17286__uid_s_1000__uid_e_video.m3u8,/projects/u6ex/fbots/frodobots_raw/frodobots_data/output_rides_0/ride_17286_20240126064727
20240126065902,/projects/u6ex/fbots/frodobots_raw/frodobots_data/output_rides_0/ride_17288_20240126065902/recordings/e5e8350c104fb51aa6ff58ada4ce47b2_ride_17288__uid_s_1000__uid_e_video.m3u8,/projects/u6ex/fbots/frodobots_raw/frodobots_data/output_rides_0/ride_17288_20240126065902
20240126072912,/projects/u6ex/fbots/frodobots_raw/frodobots_data/output_rides_0/ride_17297_20240126072912/recordings/352f732d7c48dd07c3e19995415a8452_ride_17297__uid_s_1000__uid_e_video.m3u8,/projects/u6ex/fbots/frodobots_raw/frodobots_data/output_rides_0/ride_17297_20240126072912
20240126073957,/projects/u6ex/fbots/frodobots_raw/frodobots_data/output_rides_0/ride_17298_20240126073957/recordings/a21c5f6dad49740794366091b8db3f02_ride_17298__uid_s_1000__uid_e_video.m3u8,/projects/u6ex/fbots/frodobots_raw/frodobots_data/output_rides_0/ride_17298_20240126073957
20240126074824,/projects/u6ex/fbots/frodobots_raw/frodobots_data/output_rides_0/ride_17299_20240126074824/recordings/59e0e3e7cb4654037c3b86a74c044122_ride_17299__uid_s_1000__uid_e_video.m3u8,/projects/u6ex/fbots/frodobots_raw/frodobots_data/output_rides_0/ride_17299_20240126074824
20240126083944,/projects/u6ex/fbots/frodobots_raw/frodobots_data/output_rides_0/ride_17317_20240126083944/recordings/b7257ff83448367e50e571b32a76e4d2_ride_17317__uid_s_1000__uid_e_video.m3u8,/projects/u6ex/fbots/frodobots_raw/frodobots_data/output_rides_0/ride_17317_20240126083944
20240127030100,/projects/u6ex/fbots/frodobots_raw/frodobots_data/output_rides_0/ride_17357_20240127030100/recordings/c1c68304814133a893d793ab85ab3e52_ride_17357__uid_s_1000__uid_e_video.m3u8,/projects/u6ex/fbots/frodobots_raw/frodobots_data/output_rides_0/ride_17357_20240127030100
20240127030655,/projects/u6ex/fbots/frodobots_raw/frodobots_data/output_rides_0/ride_17360_20240127030655/recordings/8c3c7623114395d0412b9fb6cb4c1ac2_ride_17360__uid_s_1000__uid_e_video.m3u8,/projects/u6ex/fbots/frodobots_raw/frodobots_data/output_rides_0/ride_17360_20240127030655
20240127031444,/projects/u6ex/fbots/frodobots_raw/frodobots_data/output_rides_0/ride_17364_20240127031444/recordings/0a49a3e3ac45b51ac6193eaa17c4cd12_ride_17364__uid_s_1000__uid_e_video.m3u8,/projects/u6ex/fbots/frodobots_raw/frodobots_data/output_rides_0/ride_17364_20240127031444
20240127031836,/projects/u6ex/fbots/frodobots_raw/frodobots_data/output_rides_0/ride_17366_20240127031836/recordings/0f8bba4199489846d76d0d8768ad79a2_ride_17366__uid_s_1000__uid_e_video.m3u8,/projects/u6ex/fbots/frodobots_raw/frodobots_data/output_rides_0/ride_17366_20240127031836
20240127032338,/projects/u6ex/fbots/frodobots_raw/frodobots_data/output_rides_0/ride_17369_20240127032338/recordings/ac8faa8dc94714a9cf710c9157508f72_ride_17369__uid_s_1000__uid_e_video.m3u8,/projects/u6ex/fbots/frodobots_raw/frodobots_data/output_rides_0/ride_17369_20240127032338
20240127034601,/projects/u6ex/fbots/frodobots_raw/frodobots_data/output_rides_0/ride_17375_20240127034601/recordings/4ca8dd0380408b08ea9aa182dd9e4202_ride_17375__uid_s_1000__uid_e_video.m3u8,/projects/u6ex/fbots/frodobots_raw/frodobots_data/output_rides_0/ride_17375_20240127034601
20240127035735,/projects/u6ex/fbots/frodobots_raw/frodobots_data/output_rides_0/ride_17379_20240127035735/recordings/0071fbefc94e0d0a08b57499cb55d572_ride_17379__uid_s_1000__uid_e_video.m3u8,/projects/u6ex/fbots/frodobots_raw/frodobots_data/output_rides_0/ride_17379_20240127035735
20240127043333,/projects/u6ex/fbots/frodobots_raw/frodobots_data/output_rides_0/ride_17396_20240127043333/recordings/e6cffb2a374d35ab86640a92016dc0a2_ride_17396__uid_s_1000__uid_e_video.m3u8,/projects/u6ex/fbots/frodobots_raw/frodobots_data/output_rides_0/ride_17396_20240127043333
20240127054203,/projects/u6ex/fbots/frodobots_raw/frodobots_data/output_rides_0/ride_17415_20240127054203/recordings/e6fe347ca24ae8437bc462a0d4dfa432_ride_17415__uid_s_1000__uid_e_video.m3u8,/projects/u6ex/fbots/frodobots_raw/frodobots_data/output_rides_0/ride_17415_20240127054203
20240127062038,/projects/u6ex/fbots/frodobots_raw/frodobots_data/output_rides_0/ride_17423_20240127062038/recordings/dcdcffa69247c87dd24a1cb8fc977be2_ride_17423__uid_s_1000__uid_e_video.m3u8,/projects/u6ex/fbots/frodobots_raw/frodobots_data/output_rides_0/ride_17423_20240127062038
20240127071414,/projects/u6ex/fbots/frodobots_raw/frodobots_data/output_rides_0/ride_17436_20240127071414/recordings/3c793c2ad2469bba76538b8fa35a36a2_ride_17436__uid_s_1000__uid_e_video.m3u8,/projects/u6ex/fbots/frodobots_raw/frodobots_data/output_rides_0/ride_17436_20240127071414
20240127073238,/projects/u6ex/fbots/frodobots_raw/frodobots_data/output_rides_0/ride_17442_20240127073238/recordings/ce26bf8a224746f091a9f9bd67719d72_ride_17442__uid_s_1000__uid_e_video.m3u8,/projects/u6ex/fbots/frodobots_raw/frodobots_data/output_rides_0/ride_17442_20240127073238
20240127083102,/projects/u6ex/fbots/frodobots_raw/frodobots_data/output_rides_0/ride_17458_20240127083102/recordings/833ea8da214011b59c50b29d1c7141c2_ride_17458__uid_s_1000__uid_e_video.m3u8,/projects/u6ex/fbots/frodobots_raw/frodobots_data/output_rides_0/ride_17458_20240127083102
20240127083918,/projects/u6ex/fbots/frodobots_raw/frodobots_data/output_rides_0/ride_17460_20240127083918/recordings/b9654b64524d41d8a9de19a7bfa34a92_ride_17460__uid_s_1000__uid_e_video.m3u8,/projects/u6ex/fbots/frodobots_raw/frodobots_data/output_rides_0/ride_17460_20240127083918
20240127085601,/projects/u6ex/fbots/frodobots_raw/frodobots_data/output_rides_0/ride_17465_20240127085601/recordings/aa76dc391c4c365c39079399df501542_ride_17465__uid_s_1000__uid_e_video.m3u8,/projects/u6ex/fbots/frodobots_raw/frodobots_data/output_rides_0/ride_17465_20240127085601
20240128022932,/projects/u6ex/fbots/frodobots_raw/frodobots_data/output_rides_0/ride_17488_20240128022932/recordings/56d587fef64fbfe0d8af3ca96932bfd2_ride_17488__uid_s_1000__uid_e_video.m3u8,/projects/u6ex/fbots/frodobots_raw/frodobots_data/output_rides_0/ride_17488_20240128022932
20240128023830,/projects/u6ex/fbots/frodobots_raw/frodobots_data/output_rides_0/ride_17492_20240128023830/recordings/1f548dc0964754258e0c1c9eafdccfa2_ride_17492__uid_s_1000__uid_e_video.m3u8,/projects/u6ex/fbots/frodobots_raw/frodobots_data/output_rides_0/ride_17492_20240128023830
20240128024625,/projects/u6ex/fbots/frodobots_raw/frodobots_data/output_rides_0/ride_17495_20240128024625/recordings/1e6cfa2f504a6f45a27e53a979522622_ride_17495__uid_s_1000__uid_e_video.m3u8,/projects/u6ex/fbots/frodobots_raw/frodobots_data/output_rides_0/ride_17495_20240128024625
20240128030958,/projects/u6ex/fbots/frodobots_raw/frodobots_data/output_rides_0/ride_17500_20240128030958/recordings/07ceb6d9234689cf759779b96900a6b2_ride_17500__uid_s_1000__uid_e_video.m3u8,/projects/u6ex/fbots/frodobots_raw/frodobots_data/output_rides_0/ride_17500_20240128030958
20240128032035,/projects/u6ex/fbots/frodobots_raw/frodobots_data/output_rides_0/ride_17501_20240128032035/recordings/d8a201193142d4c07e86149c7a4c5792_ride_17501__uid_s_1000__uid_e_video.m3u8,/projects/u6ex/fbots/frodobots_raw/frodobots_data/output_rides_0/ride_17501_20240128032035
20240128033642,/projects/u6ex/fbots/frodobots_raw/frodobots_data/output_rides_0/ride_17504_20240128033642/recordings/1650a66fad4d7d825f734e84044988e2_ride_17504__uid_s_1000__uid_e_video.m3u8,/projects/u6ex/fbots/frodobots_raw/frodobots_data/output_rides_0/ride_17504_20240128033642
20240128035930,/projects/u6ex/fbots/frodobots_raw/frodobots_data/output_rides_0/ride_17508_20240128035930/recordings/5faba6a0584ff1035334819cdb246472_ride_17508__uid_s_1000__uid_e_video.m3u8,/projects/u6ex/fbots/frodobots_raw/frodobots_data/output_rides_0/ride_17508_20240128035930
20240128040536,/projects/u6ex/fbots/frodobots_raw/frodobots_data/output_rides_0/ride_17510_20240128040536/recordings/242f4cd5554703a46edcde92ae0e7092_ride_17510__uid_s_1000__uid_e_video.m3u8,/projects/u6ex/fbots/frodobots_raw/frodobots_data/output_rides_0/ride_17510_20240128040536
20240128044959,/projects/u6ex/fbots/frodobots_raw/frodobots_data/output_rides_0/ride_17520_20240128044959/recordings/451a4e28b246d0b9745deaa5a1e52772_ride_17520__uid_s_1000__uid_e_video.m3u8,/projects/u6ex/fbots/frodobots_raw/frodobots_data/output_rides_0/ride_17520_20240128044959
20240128052434,/projects/u6ex/fbots/frodobots_raw/frodobots_data/output_rides_0/ride_17532_20240128052434/recordings/253a03f3a6411a711a8ab6b08eb40aa2_ride_17532__uid_s_1000__uid_e_video.m3u8,/projects/u6ex/fbots/frodobots_raw/frodobots_data/output_rides_0/ride_17532_20240128052434
20240128053424,/projects/u6ex/fbots/frodobots_raw/frodobots_data/output_rides_0/ride_17535_20240128053424/recordings/80f48ad48e48afba9d8d6fafda7fe742_ride_17535__uid_s_1000__uid_e_video.m3u8,/projects/u6ex/fbots/frodobots_raw/frodobots_data/output_rides_0/ride_17535_20240128053424
20240128064802,/projects/u6ex/fbots/frodobots_raw/frodobots_data/output_rides_0/ride_17552_20240128064802/recordings/8950525de740d0026b34ee850ccaa122_ride_17552__uid_s_1000__uid_e_video.m3u8,/projects/u6ex/fbots/frodobots_raw/frodobots_data/output_rides_0/ride_17552_20240128064802
20240128070800,/projects/u6ex/fbots/frodobots_raw/frodobots_data/output_rides_0/ride_17558_20240128070800/recordings/8c8b0784f2466a397a1a469e409323c2_ride_17558__uid_s_1000__uid_e_video.m3u8,/projects/u6ex/fbots/frodobots_raw/frodobots_data/output_rides_0/ride_17558_20240128070800
20240129035348,/projects/u6ex/fbots/frodobots_raw/frodobots_data/output_rides_0/ride_17578_20240129035348/recordings/b16696473c4789522e4add800725e082_ride_17578__uid_s_1000__uid_e_video.m3u8,/projects/u6ex/fbots/frodobots_raw/frodobots_data/output_rides_0/ride_17578_20240129035348
20240129053650,/projects/u6ex/fbots/frodobots_raw/frodobots_data/output_rides_0/ride_17595_20240129053650/recordings/341e9e9a4e42d7370bb51594fe4e52f2_ride_17595__uid_s_1000__uid_e_video.m3u8,/projects/u6ex/fbots/frodobots_raw/frodobots_data/output_rides_0/ride_17595_20240129053650
20240129070545,/projects/u6ex/fbots/frodobots_raw/frodobots_data/output_rides_0/ride_17602_20240129070545/recordings/7e76f0346d4266f2f0e64fb83efe3862_ride_17602__uid_s_1000__uid_e_video.m3u8,/projects/u6ex/fbots/frodobots_raw/frodobots_data/output_rides_0/ride_17602_20240129070545
20240131032555,/projects/u6ex/fbots/frodobots_raw/frodobots_data/output_rides_0/ride_17661_20240131032555/recordings/77124e169a4b6b801f111189e5a95602_ride_17661__uid_s_1000__uid_e_video.m3u8,/projects/u6ex/fbots/frodobots_raw/frodobots_data/output_rides_0/ride_17661_20240131032555
20240131050626,/projects/u6ex/fbots/frodobots_raw/frodobots_data/output_rides_0/ride_17675_20240131050626/recordings/10c4c4173a40509edada26b091085fa2_ride_17675__uid_s_1000__uid_e_video.m3u8,/projects/u6ex/fbots/frodobots_raw/frodobots_data/output_rides_0/ride_17675_20240131050626
20240201055853,/projects/u6ex/fbots/frodobots_raw/frodobots_data/output_rides_0/ride_17730_20240201055853/recordings/706cbec25842599ed77788945c91d172_ride_17730__uid_s_1000__uid_e_video.m3u8,/projects/u6ex/fbots/frodobots_raw/frodobots_data/output_rides_0/ride_17730_20240201055853
20240201060016,/projects/u6ex/fbots/frodobots_raw/frodobots_data/output_rides_0/ride_17733_20240201060016/recordings/c0322321fc47f7a29624d083a32ba4b2_ride_17733__uid_s_1000__uid_e_video.m3u8,/projects/u6ex/fbots/frodobots_raw/frodobots_data/output_rides_0/ride_17733_20240201060016
20240201061418,/projects/u6ex/fbots/frodobots_raw/frodobots_data/output_rides_0/ride_17736_20240201061418/recordings/69364e401348b8051a41b29db64d2de2_ride_17736__uid_s_1000__uid_e_video.m3u8,/projects/u6ex/fbots/frodobots_raw/frodobots_data/output_rides_0/ride_17736_20240201061418
20240201062202,/projects/u6ex/fbots/frodobots_raw/frodobots_data/output_rides_0/ride_17741_20240201062202/recordings/8babcef9ce46a08316959ab4f8632312_ride_17741__uid_s_1000__uid_e_video.m3u8,/projects/u6ex/fbots/frodobots_raw/frodobots_data/output_rides_0/ride_17741_20240201062202
20240201062741,/projects/u6ex/fbots/frodobots_raw/frodobots_data/output_rides_0/ride_17743_20240201062741/recordings/6c78b005634de09ff38637812532c302_ride_17743__uid_s_1000__uid_e_video.m3u8,/projects/u6ex/fbots/frodobots_raw/frodobots_data/output_rides_0/ride_17743_20240201062741
20240201063329,/projects/u6ex/fbots/frodobots_raw/frodobots_data/output_rides_0/ride_17745_20240201063329/recordings/5a1a0c0dc64ff1bc5f3ce98e3b77f932_ride_17745__uid_s_1000__uid_e_video.m3u8,/projects/u6ex/fbots/frodobots_raw/frodobots_data/output_rides_0/ride_17745_20240201063329
20240201063811,/projects/u6ex/fbots/frodobots_raw/frodobots_data/output_rides_0/ride_17746_20240201063811/recordings/01247c33d84c698ccd26f3811585cdc2_ride_17746__uid_s_1000__uid_e_video.m3u8,/projects/u6ex/fbots/frodobots_raw/frodobots_data/output_rides_0/ride_17746_20240201063811
20240202045119,/projects/u6ex/fbots/frodobots_raw/frodobots_data/output_rides_0/ride_17773_20240202045119/recordings/44e205dbad4108a6d99aa6b1c4928f99_ride_17773__uid_s_1000__uid_e_video.m3u8,/projects/u6ex/fbots/frodobots_raw/frodobots_data/output_rides_0/ride_17773_20240202045119
20240202050706,/projects/u6ex/fbots/frodobots_raw/frodobots_data/output_rides_0/ride_17774_20240202050706/recordings/102eaed9cf4bf0a42f49d489e472cc12_ride_17774__uid_s_1000__uid_e_video.m3u8,/projects/u6ex/fbots/frodobots_raw/frodobots_data/output_rides_0/ride_17774_20240202050706
20240202075837,/projects/u6ex/fbots/frodobots_raw/frodobots_data/output_rides_0/ride_17783_20240202075837/recordings/4e860899f74aea6d59c14c869e9c7a69_ride_17783__uid_s_1000__uid_e_video.m3u8,/projects/u6ex/fbots/frodobots_raw/frodobots_data/output_rides_0/ride_17783_20240202075837
20240203040705,/projects/u6ex/fbots/frodobots_raw/frodobots_data/output_rides_0/ride_17806_20240203040705/recordings/354cefbebc46aaaae60d779cacebf462_ride_17806__uid_s_1000__uid_e_video.m3u8,/projects/u6ex/fbots/frodobots_raw/frodobots_data/output_rides_0/ride_17806_20240203040705
20240203045021,/projects/u6ex/fbots/frodobots_raw/frodobots_data/output_rides_0/ride_17811_20240203045021/recordings/17725e9fa5443f485af81883a3f3b77f_ride_17811__uid_s_1000__uid_e_video.m3u8,/projects/u6ex/fbots/frodobots_raw/frodobots_data/output_rides_0/ride_17811_20240203045021
20240203045752,/projects/u6ex/fbots/frodobots_raw/frodobots_data/output_rides_0/ride_17813_20240203045752/recordings/a94b2a9bdf4dc21a791282b0aab18d1a_ride_17813__uid_s_1000__uid_e_video.m3u8,/projects/u6ex/fbots/frodobots_raw/frodobots_data/output_rides_0/ride_17813_20240203045752
20240203050303,/projects/u6ex/fbots/frodobots_raw/frodobots_data/output_rides_0/ride_17814_20240203050303/recordings/a1840803f14fd9f4a21d80bd1f2a29ec_ride_17814__uid_s_1000__uid_e_video.m3u8,/projects/u6ex/fbots/frodobots_raw/frodobots_data/output_rides_0/ride_17814_20240203050303
20240203051040,/projects/u6ex/fbots/frodobots_raw/frodobots_data/output_rides_0/ride_17817_20240203051040/recordings/a550bf0fa742b3aa4d48b383462ae477_ride_17817__uid_s_1000__uid_e_video.m3u8,/projects/u6ex/fbots/frodobots_raw/frodobots_data/output_rides_0/ride_17817_20240203051040
20240203051535,/projects/u6ex/fbots/frodobots_raw/frodobots_data/output_rides_0/ride_17819_20240203051535/recordings/71eb0f3bb041d858e789e2af5cf4e078_ride_17819__uid_s_1000__uid_e_video.m3u8,/projects/u6ex/fbots/frodobots_raw/frodobots_data/output_rides_0/ride_17819_20240203051535
20240203051812,/projects/u6ex/fbots/frodobots_raw/frodobots_data/output_rides_0/ride_17820_20240203051812/recordings/5b6831e99949bcb601dcc0877afe8242_ride_17820__uid_s_1000__uid_e_video.m3u8,/projects/u6ex/fbots/frodobots_raw/frodobots_data/output_rides_0/ride_17820_20240203051812
20240203053644,/projects/u6ex/fbots/frodobots_raw/frodobots_data/output_rides_0/ride_17823_20240203053644/recordings/b8135646db4a286b1590c7b86f935b72_ride_17823__uid_s_1000__uid_e_video.m3u8,/projects/u6ex/fbots/frodobots_raw/frodobots_data/output_rides_0/ride_17823_20240203053644
20240203054640,/projects/u6ex/fbots/frodobots_raw/frodobots_data/output_rides_0/ride_17826_20240203054640/recordings/64c4c8ef4a4947f0a4223eb413326667_ride_17826__uid_s_1000__uid_e_video.m3u8,/projects/u6ex/fbots/frodobots_raw/frodobots_data/output_rides_0/ride_17826_20240203054640
20240203092913,/projects/u6ex/fbots/frodobots_raw/frodobots_data/output_rides_0/ride_17832_20240203092913/recordings/d191fc167142f98ed2b863b5bea0dadb_ride_17832__uid_s_1000__uid_e_video.m3u8,/projects/u6ex/fbots/frodobots_raw/frodobots_data/output_rides_0/ride_17832_20240203092913
20240204040301,/projects/u6ex/fbots/frodobots_raw/frodobots_data/output_rides_0/ride_17839_20240204040301/recordings/b0cdedda224cf66ddfc8e681f20fa0ac_ride_17839__uid_s_1000__uid_e_video.m3u8,/projects/u6ex/fbots/frodobots_raw/frodobots_data/output_rides_0/ride_17839_20240204040301
20240204041030,/projects/u6ex/fbots/frodobots_raw/frodobots_data/output_rides_0/ride_17840_20240204041030/recordings/f50069aaec4f6b884a1a3d8d5a715305_ride_17840__uid_s_1000__uid_e_video.m3u8,/projects/u6ex/fbots/frodobots_raw/frodobots_data/output_rides_0/ride_17840_20240204041030
20240205012453,/projects/u6ex/fbots/frodobots_raw/frodobots_data/output_rides_1/ride_17847_20240205012453/recordings/1b34961c524f135e2a59a2a621c9d18d_ride_17847__uid_s_1000__uid_e_video.m3u8,/projects/u6ex/fbots/frodobots_raw/frodobots_data/output_rides_1/ride_17847_20240205012453
20240206085734,/projects/u6ex/fbots/frodobots_raw/frodobots_data/output_rides_1/ride_17924_20240206085734/recordings/7fe8a1b61f486a96205631b77dd49cc7_ride_17924__uid_s_1000__uid_e_video.m3u8,/projects/u6ex/fbots/frodobots_raw/frodobots_data/output_rides_1/ride_17924_20240206085734
20240206091723,/projects/u6ex/fbots/frodobots_raw/frodobots_data/output_rides_1/ride_17931_20240206091723/recordings/14e205aa424b0989cecd33b24bec5c8b_ride_17931__uid_s_1000__uid_e_video.m3u8,/projects/u6ex/fbots/frodobots_raw/frodobots_data/output_rides_1/ride_17931_20240206091723
20240207002729,/projects/u6ex/fbots/frodobots_raw/frodobots_data/output_rides_1/ride_17943_20240207002729/recordings/5cafc4bba84f3d2a84adfc90f68664b6_ride_17943__uid_s_1000__uid_e_video.m3u8,/projects/u6ex/fbots/frodobots_raw/frodobots_data/output_rides_1/ride_17943_20240207002729
20240207020016,/projects/u6ex/fbots/frodobots_raw/frodobots_data/output_rides_1/ride_17950_20240207020016/recordings/58d2e347e44faf8c2e324fae92afb56d_ride_17950__uid_s_1000__uid_e_video.m3u8,/projects/u6ex/fbots/frodobots_raw/frodobots_data/output_rides_1/ride_17950_20240207020016
20240207043630,/projects/u6ex/fbots/frodobots_raw/frodobots_data/output_rides_1/ride_17958_20240207043630/recordings/280b355f3a4c98cec5e86ca2960fc00a_ride_17958__uid_s_1000__uid_e_video.m3u8,/projects/u6ex/fbots/frodobots_raw/frodobots_data/output_rides_1/ride_17958_20240207043630
20240207044722,/projects/u6ex/fbots/frodobots_raw/frodobots_data/output_rides_1/ride_17961_20240207044722/recordings/bbfdd405454ea1d69d8190930a43f01f_ride_17961__uid_s_1000__uid_e_video.m3u8,/projects/u6ex/fbots/frodobots_raw/frodobots_data/output_rides_1/ride_17961_20240207044722
20240207045230,/projects/u6ex/fbots/frodobots_raw/frodobots_data/output_rides_1/ride_17963_20240207045230/recordings/eb16e06af4447047ee3b249bfa6d0d74_ride_17963__uid_s_1000__uid_e_video.m3u8,/projects/u6ex/fbots/frodobots_raw/frodobots_data/output_rides_1/ride_17963_20240207045230
20240207061220,/projects/u6ex/fbots/frodobots_raw/frodobots_data/output_rides_1/ride_17983_20240207061220/recordings/f2d18c700c4db00af6a7fcbe6617e739_ride_17983__uid_s_1000__uid_e_video.m3u8,/projects/u6ex/fbots/frodobots_raw/frodobots_data/output_rides_1/ride_17983_20240207061220
20240207062907,/projects/u6ex/fbots/frodobots_raw/frodobots_data/output_rides_1/ride_17988_20240207062907/recordings/a738c65663433133ae14dcab9e35a5f7_ride_17988__uid_s_1000__uid_e_video.m3u8,/projects/u6ex/fbots/frodobots_raw/frodobots_data/output_rides_1/ride_17988_20240207062907
20240207074649,/projects/u6ex/fbots/frodobots_raw/frodobots_data/output_rides_1/ride_18000_20240207074649/recordings/94119a7a694316d606c871bbdd4c406a_ride_18000__uid_s_1000__uid_e_video.m3u8,/projects/u6ex/fbots/frodobots_raw/frodobots_data/output_rides_1/ride_18000_20240207074649
20240208005327,/projects/u6ex/fbots/frodobots_raw/frodobots_data/output_rides_1/ride_18020_20240208005327/recordings/2c655f329e46154f7e7771af71e450d0_ride_18020__uid_s_1000__uid_e_video.m3u8,/projects/u6ex/fbots/frodobots_raw/frodobots_data/output_rides_1/ride_18020_20240208005327
20240208005611,/projects/u6ex/fbots/frodobots_raw/frodobots_data/output_rides_1/ride_18021_20240208005611/recordings/b9a607e2bb453c3ada0355b14cfbe012_ride_18021__uid_s_1000__uid_e_video.m3u8,/projects/u6ex/fbots/frodobots_raw/frodobots_data/output_rides_1/ride_18021_20240208005611
20240208005912,/projects/u6ex/fbots/frodobots_raw/frodobots_data/output_rides_1/ride_18023_20240208005912/recordings/17ce4d6cd8487670bfc1bf871a536ec5_ride_18023__uid_s_1000__uid_e_video.m3u8,/projects/u6ex/fbots/frodobots_raw/frodobots_data/output_rides_1/ride_18023_20240208005912
20240210034751,/projects/u6ex/fbots/frodobots_raw/frodobots_data/output_rides_1/ride_18189_20240210034751/recordings/313fc9ad11485627631325ad6ee5ae88_ride_18189__uid_s_1000__uid_e_video.m3u8,/projects/u6ex/fbots/frodobots_raw/frodobots_data/output_rides_1/ride_18189_20240210034751
20240210044934,/projects/u6ex/fbots/frodobots_raw/frodobots_data/output_rides_1/ride_18193_20240210044934/recordings/4537c18ff744dfbe1a9479808d2b85c0_ride_18193__uid_s_1000__uid_e_video.m3u8,/projects/u6ex/fbots/frodobots_raw/frodobots_data/output_rides_1/ride_18193_20240210044934
20240210062658,/projects/u6ex/fbots/frodobots_raw/frodobots_data/output_rides_1/ride_18202_20240210062658/recordings/f77674dd0549453f728466a72c0ae694_ride_18202__uid_s_1000__uid_e_video.m3u8,/projects/u6ex/fbots/frodobots_raw/frodobots_data/output_rides_1/ride_18202_20240210062658
20240211041119,/projects/u6ex/fbots/frodobots_raw/frodobots_data/output_rides_1/ride_18218_20240211041119/recordings/f75779e479486ccf5046f29412b9a8b3_ride_18218__uid_s_1000__uid_e_video.m3u8,/projects/u6ex/fbots/frodobots_raw/frodobots_data/output_rides_1/ride_18218_20240211041119
20240211042832,/projects/u6ex/fbots/frodobots_raw/frodobots_data/output_rides_1/ride_18224_20240211042832/recordings/83c5fa12904e98b5f2996bae3d83bfeb_ride_18224__uid_s_1000__uid_e_video.m3u8,/projects/u6ex/fbots/frodobots_raw/frodobots_data/output_rides_1/ride_18224_20240211042832
20240211055801,/projects/u6ex/fbots/frodobots_raw/frodobots_data/output_rides_1/ride_18233_20240211055801/recordings/b500b50c0b4339e14b841cbbf59f53a9_ride_18233__uid_s_1000__uid_e_video.m3u8,/projects/u6ex/fbots/frodobots_raw/frodobots_data/output_rides_1/ride_18233_20240211055801
20240212042756,/projects/u6ex/fbots/frodobots_raw/frodobots_data/output_rides_1/ride_18252_20240212042756/recordings/c49c597a5d4ffc56ec5c7c8fbce4ef78_ride_18252__uid_s_1000__uid_e_video.m3u8,/projects/u6ex/fbots/frodobots_raw/frodobots_data/output_rides_1/ride_18252_20240212042756
20240212062131,/projects/u6ex/fbots/frodobots_raw/frodobots_data/output_rides_1/ride_18259_20240212062131/recordings/12e74606d6434f57ea486cab83e06262_ride_18259__uid_s_1000__uid_e_video.m3u8,/projects/u6ex/fbots/frodobots_raw/frodobots_data/output_rides_1/ride_18259_20240212062131
20240212080206,/projects/u6ex/fbots/frodobots_raw/frodobots_data/output_rides_1/ride_18264_20240212080206/recordings/17f21a0105482fc9c5368fb8d5a34e0c_ride_18264__uid_s_1000__uid_e_video.m3u8,/projects/u6ex/fbots/frodobots_raw/frodobots_data/output_rides_1/ride_18264_20240212080206
20240213011924,/projects/u6ex/fbots/frodobots_raw/frodobots_data/output_rides_1/ride_18286_20240213011924/recordings/87d69eaa9c49ccca21e8358158cf9763_ride_18286__uid_s_1000__uid_e_video.m3u8,/projects/u6ex/fbots/frodobots_raw/frodobots_data/output_rides_1/ride_18286_20240213011924
20240213013904,/projects/u6ex/fbots/frodobots_raw/frodobots_data/output_rides_1/ride_18287_20240213013904/recordings/731c1d427542701a3d10aab2195409ca_ride_18287__uid_s_1000__uid_e_video.m3u8,/projects/u6ex/fbots/frodobots_raw/frodobots_data/output_rides_1/ride_18287_20240213013904
20240213045422,/projects/u6ex/fbots/frodobots_raw/frodobots_data/output_rides_1/ride_18321_20240213045422/recordings/136aef21ff4cb81a959971aa7df81e12_ride_18321__uid_s_1000__uid_e_video.m3u8,/projects/u6ex/fbots/frodobots_raw/frodobots_data/output_rides_1/ride_18321_20240213045422
20240213045534,/projects/u6ex/fbots/frodobots_raw/frodobots_data/output_rides_1/ride_18323_20240213045534/recordings/9bdf16cb2a480bb1cfdbb2ba1c448b00_ride_18323__uid_s_1000__uid_e_video.m3u8,/projects/u6ex/fbots/frodobots_raw/frodobots_data/output_rides_1/ride_18323_20240213045534
20240213062037,/projects/u6ex/fbots/frodobots_raw/frodobots_data/output_rides_1/ride_18334_20240213062037/recordings/184bebda324e81bc2b7640a94522433e_ride_18334__uid_s_1000__uid_e_video.m3u8,/projects/u6ex/fbots/frodobots_raw/frodobots_data/output_rides_1/ride_18334_20240213062037
20240214080218,/projects/u6ex/fbots/frodobots_raw/frodobots_data/output_rides_1/ride_18370_20240214080218/recordings/a44a7b54f54fb4cecbe6cf8e88073f59_ride_18370__uid_s_1000__uid_e_video.m3u8,/projects/u6ex/fbots/frodobots_raw/frodobots_data/output_rides_1/ride_18370_20240214080218
20240214082637,/projects/u6ex/fbots/frodobots_raw/frodobots_data/output_rides_1/ride_18372_20240214082637/recordings/1e34e554714f2daa5bd579b257b34c66_ride_18372__uid_s_1000__uid_e_video.m3u8,/projects/u6ex/fbots/frodobots_raw/frodobots_data/output_rides_1/ride_18372_20240214082637
20240214092623,/projects/u6ex/fbots/frodobots_raw/frodobots_data/output_rides_1/ride_18375_20240214092623/recordings/5310f22bb540d4814448eb922e0b0cdd_ride_18375__uid_s_1000__uid_e_video.m3u8,/projects/u6ex/fbots/frodobots_raw/frodobots_data/output_rides_1/ride_18375_20240214092623
20240214093812,/projects/u6ex/fbots/frodobots_raw/frodobots_data/output_rides_1/ride_18377_20240214093812/recordings/774692aa2b423aa46ca92e988863bb92_ride_18377__uid_s_1000__uid_e_video.m3u8,/projects/u6ex/fbots/frodobots_raw/frodobots_data/output_rides_1/ride_18377_20240214093812
20240215043336,/projects/u6ex/fbots/frodobots_raw/frodobots_data/output_rides_1/ride_18399_20240215043336/recordings/cf5fa43d4b4e8f97279899ac88ee740f_ride_18399__uid_s_1000__uid_e_video.m3u8,/projects/u6ex/fbots/frodobots_raw/frodobots_data/output_rides_1/ride_18399_20240215043336
20240215045158,/projects/u6ex/fbots/frodobots_raw/frodobots_data/output_rides_1/ride_18402_20240215045158/recordings/0fa3b3d06445df3205a2aeaeda58f493_ride_18402__uid_s_1000__uid_e_video.m3u8,/projects/u6ex/fbots/frodobots_raw/frodobots_data/output_rides_1/ride_18402_20240215045158
20240216103439,/projects/u6ex/fbots/frodobots_raw/frodobots_data/output_rides_1/ride_18506_20240216103439/recordings/27d5c935904adcb96b7f1ba770ad9bd2_ride_18506__uid_s_1000__uid_e_video.m3u8,/projects/u6ex/fbots/frodobots_raw/frodobots_data/output_rides_1/ride_18506_20240216103439
20240219110914,/projects/u6ex/fbots/frodobots_raw/frodobots_data/output_rides_1/ride_18611_20240219110914/recordings/7a28e5b4df4a60d011bc1e93efc1e1c2_ride_18611__uid_s_1000__uid_e_video.m3u8,/projects/u6ex/fbots/frodobots_raw/frodobots_data/output_rides_1/ride_18611_20240219110914
20240219112319,/projects/u6ex/fbots/frodobots_raw/frodobots_data/output_rides_1/ride_18613_20240219112319/recordings/adb3b85454416bed98cd459e2a49dfec_ride_18613__uid_s_1000__uid_e_video.m3u8,/projects/u6ex/fbots/frodobots_raw/frodobots_data/output_rides_1/ride_18613_20240219112319
20240220110429,/projects/u6ex/fbots/frodobots_raw/frodobots_data/output_rides_1/ride_18713_20240220110429/recordings/17daa4d05245c0ee3c3c36b4fe176b1c_ride_18713__uid_s_1000__uid_e_video.m3u8,/projects/u6ex/fbots/frodobots_raw/frodobots_data/output_rides_1/ride_18713_20240220110429
20240221050359,/projects/u6ex/fbots/frodobots_raw/frodobots_data/output_rides_1/ride_18774_20240221050359/recordings/d00e8bd3ec44f1ec205dc1bf456d2c1e_ride_18774__uid_s_1000__uid_e_video.m3u8,/projects/u6ex/fbots/frodobots_raw/frodobots_data/output_rides_1/ride_18774_20240221050359
20240221080735,/projects/u6ex/fbots/frodobots_raw/frodobots_data/output_rides_1/ride_18801_20240221080735/recordings/3eea347f76418f9c22de18ba731052a6_ride_18801__uid_s_1000__uid_e_video.m3u8,/projects/u6ex/fbots/frodobots_raw/frodobots_data/output_rides_1/ride_18801_20240221080735
20240221095150,/projects/u6ex/fbots/frodobots_raw/frodobots_data/output_rides_1/ride_18806_20240221095150/recordings/189edc61d041c0b9a0a3a7a88f0f7203_ride_18806__uid_s_1000__uid_e_video.m3u8,/projects/u6ex/fbots/frodobots_raw/frodobots_data/output_rides_1/ride_18806_20240221095150
20240221103244,/projects/u6ex/fbots/frodobots_raw/frodobots_data/output_rides_1/ride_18811_20240221103244/recordings/573c45989544a73fda476e9ef45cc63c_ride_18811__uid_s_1000__uid_e_video.m3u8,/projects/u6ex/fbots/frodobots_raw/frodobots_data/output_rides_1/ride_18811_20240221103244
20240221104718,/projects/u6ex/fbots/frodobots_raw/frodobots_data/output_rides_1/ride_18813_20240221104718/recordings/0ebaf3dbe849401df63c8c8f39cbc17a_ride_18813__uid_s_1000__uid_e_video.m3u8,/projects/u6ex/fbots/frodobots_raw/frodobots_data/output_rides_1/ride_18813_20240221104718
20240221110823,/projects/u6ex/fbots/frodobots_raw/frodobots_data/output_rides_1/ride_18815_20240221110823/recordings/98810bc7bf4babb7136a67a4c6e84386_ride_18815__uid_s_1000__uid_e_video.m3u8,/projects/u6ex/fbots/frodobots_raw/frodobots_data/output_rides_1/ride_18815_20240221110823
20240221112028,/projects/u6ex/fbots/frodobots_raw/frodobots_data/output_rides_1/ride_18819_20240221112028/recordings/c55fcd002a47998bf3c29c89659d4d75_ride_18819__uid_s_1000__uid_e_video.m3u8,/projects/u6ex/fbots/frodobots_raw/frodobots_data/output_rides_1/ride_18819_20240221112028
20240221112909,/projects/u6ex/fbots/frodobots_raw/frodobots_data/output_rides_1/ride_18820_20240221112909/recordings/65762eb24941ab7e1c4166af9f2693c6_ride_18820__uid_s_1000__uid_e_video.m3u8,/projects/u6ex/fbots/frodobots_raw/frodobots_data/output_rides_1/ride_18820_20240221112909
20240221113551,/projects/u6ex/fbots/frodobots_raw/frodobots_data/output_rides_1/ride_18822_20240221113551/recordings/046178d3ea4e22b0c33384869f5ef1cb_ride_18822__uid_s_1000__uid_e_video.m3u8,/projects/u6ex/fbots/frodobots_raw/frodobots_data/output_rides_1/ride_18822_20240221113551
20240221114225,/projects/u6ex/fbots/frodobots_raw/frodobots_data/output_rides_1/ride_18823_20240221114225/recordings/748aa1cae04e7edc8a795db1f439b00e_ride_18823__uid_s_1000__uid_e_video.m3u8,/projects/u6ex/fbots/frodobots_raw/frodobots_data/output_rides_1/ride_18823_20240221114225
20240221130134,/projects/u6ex/fbots/frodobots_raw/frodobots_data/output_rides_1/ride_18828_20240221130134/recordings/f18d6e1c7a431b51a41fd795e056e6bb_ride_18828__uid_s_1000__uid_e_video.m3u8,/projects/u6ex/fbots/frodobots_raw/frodobots_data/output_rides_1/ride_18828_20240221130134
20240222015805,/projects/u6ex/fbots/frodobots_raw/frodobots_data/output_rides_1/ride_18842_20240222015805/recordings/3058c48f0c40c6af0e9b37a1f7a585e3_ride_18842__uid_s_1000__uid_e_video.m3u8,/projects/u6ex/fbots/frodobots_raw/frodobots_data/output_rides_1/ride_18842_20240222015805
20240222020331,/projects/u6ex/fbots/frodobots_raw/frodobots_data/output_rides_1/ride_18844_20240222020331/recordings/fa3c65bc82417a15108c1ab75ef9a462_ride_18844__uid_s_1000__uid_e_video.m3u8,/projects/u6ex/fbots/frodobots_raw/frodobots_data/output_rides_1/ride_18844_20240222020331
20240222023418,/projects/u6ex/fbots/frodobots_raw/frodobots_data/output_rides_1/ride_18855_20240222023418/recordings/3b955aec79457d1ea08d7ba3a77f3041_ride_18855__uid_s_1000__uid_e_video.m3u8,/projects/u6ex/fbots/frodobots_raw/frodobots_data/output_rides_1/ride_18855_20240222023418
20240222032511,/projects/u6ex/fbots/frodobots_raw/frodobots_data/output_rides_1/ride_18861_20240222032511/recordings/91ea6db4a44ef89f7641449feeec914a_ride_18861__uid_s_1000__uid_e_video.m3u8,/projects/u6ex/fbots/frodobots_raw/frodobots_data/output_rides_1/ride_18861_20240222032511
20240222043727,/projects/u6ex/fbots/frodobots_raw/frodobots_data/output_rides_1/ride_18872_20240222043727/recordings/1d698a7bfe46450cdc3b43ab7571c684_ride_18872__uid_s_1000__uid_e_video.m3u8,/projects/u6ex/fbots/frodobots_raw/frodobots_data/output_rides_1/ride_18872_20240222043727
20240222044827,/projects/u6ex/fbots/frodobots_raw/frodobots_data/output_rides_1/ride_18874_20240222044827/recordings/5f38f16655422a9433306b9775ae4495_ride_18874__uid_s_1000__uid_e_video.m3u8,/projects/u6ex/fbots/frodobots_raw/frodobots_data/output_rides_1/ride_18874_20240222044827
20240222045705,/projects/u6ex/fbots/frodobots_raw/frodobots_data/output_rides_1/ride_18880_20240222045705/recordings/81711c184549226d0c0b98b5610f9691_ride_18880__uid_s_1000__uid_e_video.m3u8,/projects/u6ex/fbots/frodobots_raw/frodobots_data/output_rides_1/ride_18880_20240222045705
20240222045927,/projects/u6ex/fbots/frodobots_raw/frodobots_data/output_rides_1/ride_18882_20240222045927/recordings/da3d87afba436dd7c32d94996da692c2_ride_18882__uid_s_1000__uid_e_video.m3u8,/projects/u6ex/fbots/frodobots_raw/frodobots_data/output_rides_1/ride_18882_20240222045927
20240222050426,/projects/u6ex/fbots/frodobots_raw/frodobots_data/output_rides_1/ride_18884_20240222050426/recordings/48074551204b8e585a0730ab72344a8d_ride_18884__uid_s_1000__uid_e_video.m3u8,/projects/u6ex/fbots/frodobots_raw/frodobots_data/output_rides_1/ride_18884_20240222050426
20240222051426,/projects/u6ex/fbots/frodobots_raw/frodobots_data/output_rides_1/ride_18886_20240222051426/recordings/2fd40345154d70754bf786a9c3c3b666_ride_18886__uid_s_1000__uid_e_video.m3u8,/projects/u6ex/fbots/frodobots_raw/frodobots_data/output_rides_1/ride_18886_20240222051426
20240222051720,/projects/u6ex/fbots/frodobots_raw/frodobots_data/output_rides_1/ride_18888_20240222051720/recordings/8641ea01f84c006e4218d8a0f7c183e9_ride_18888__uid_s_1000__uid_e_video.m3u8,/projects/u6ex/fbots/frodobots_raw/frodobots_data/output_rides_1/ride_18888_20240222051720
20240222053255,/projects/u6ex/fbots/frodobots_raw/frodobots_data/output_rides_1/ride_18890_20240222053255/recordings/100a2ef75b4a2d2898f2b683b2adbcf2_ride_18890__uid_s_1000__uid_e_video.m3u8,/projects/u6ex/fbots/frodobots_raw/frodobots_data/output_rides_1/ride_18890_20240222053255
20240222053328,/projects/u6ex/fbots/frodobots_raw/frodobots_data/output_rides_1/ride_18891_20240222053328/recordings/b0148347b04fbb05c65bc2951c71d688_ride_18891__uid_s_1000__uid_e_video.m3u8,/projects/u6ex/fbots/frodobots_raw/frodobots_data/output_rides_1/ride_18891_20240222053328
20240222060951,/projects/u6ex/fbots/frodobots_raw/frodobots_data/output_rides_1/ride_18895_20240222060951/recordings/37824dce6b44246afbe7429f5455fc25_ride_18895__uid_s_1000__uid_e_video.m3u8,/projects/u6ex/fbots/frodobots_raw/frodobots_data/output_rides_1/ride_18895_20240222060951
20240222073703,/projects/u6ex/fbots/frodobots_raw/frodobots_data/output_rides_1/ride_18908_20240222073703/recordings/ba0f197c4644e4eda7862c9b24cdeacc_ride_18908__uid_s_1000__uid_e_video.m3u8,/projects/u6ex/fbots/frodobots_raw/frodobots_data/output_rides_1/ride_18908_20240222073703
20240222075145,/projects/u6ex/fbots/frodobots_raw/frodobots_data/output_rides_1/ride_18911_20240222075145/recordings/299a5f440b40637f26f09b8a2048077f_ride_18911__uid_s_1000__uid_e_video.m3u8,/projects/u6ex/fbots/frodobots_raw/frodobots_data/output_rides_1/ride_18911_20240222075145
20240222080748,/projects/u6ex/fbots/frodobots_raw/frodobots_data/output_rides_1/ride_18915_20240222080748/recordings/e4cc4b87674288d078bf3c9a1977eaea_ride_18915__uid_s_1000__uid_e_video.m3u8,/projects/u6ex/fbots/frodobots_raw/frodobots_data/output_rides_1/ride_18915_20240222080748
20240222081448,/projects/u6ex/fbots/frodobots_raw/frodobots_data/output_rides_1/ride_18919_20240222081448/recordings/f4dddd7d4249d8163775e284a80d2751_ride_18919__uid_s_1000__uid_e_video.m3u8,/projects/u6ex/fbots/frodobots_raw/frodobots_data/output_rides_1/ride_18919_20240222081448
20240222091507,/projects/u6ex/fbots/frodobots_raw/frodobots_data/output_rides_1/ride_18925_20240222091507/recordings/fe0810fc1341dff8bb69d69c7e285df9_ride_18925__uid_s_1000__uid_e_video.m3u8,/projects/u6ex/fbots/frodobots_raw/frodobots_data/output_rides_1/ride_18925_20240222091507
20240223004432,/projects/u6ex/fbots/frodobots_raw/frodobots_data/output_rides_1/ride_18942_20240223004432/recordings/73e40cc5a24b5d943847f48f12822437_ride_18942__uid_s_1000__uid_e_video.m3u8,/projects/u6ex/fbots/frodobots_raw/frodobots_data/output_rides_1/ride_18942_20240223004432
20240223024017,/projects/u6ex/fbots/frodobots_raw/frodobots_data/output_rides_1/ride_18952_20240223024017/recordings/d039e61657478013e660ea866e1c107c_ride_18952__uid_s_1000__uid_e_video.m3u8,/projects/u6ex/fbots/frodobots_raw/frodobots_data/output_rides_1/ride_18952_20240223024017
20240223031255,/projects/u6ex/fbots/frodobots_raw/frodobots_data/output_rides_1/ride_18956_20240223031255/recordings/ad42d8e319491ca5b419df9f00896bb8_ride_18956__uid_s_1000__uid_e_video.m3u8,/projects/u6ex/fbots/frodobots_raw/frodobots_data/output_rides_1/ride_18956_20240223031255
20240223035214,/projects/u6ex/fbots/frodobots_raw/frodobots_data/output_rides_1/ride_18960_20240223035214/recordings/0c5dd0688249305a15176a88dae7cd73_ride_18960__uid_s_1000__uid_e_video.m3u8,/projects/u6ex/fbots/frodobots_raw/frodobots_data/output_rides_1/ride_18960_20240223035214
20240223040526,/projects/u6ex/fbots/frodobots_raw/frodobots_data/output_rides_1/ride_18961_20240223040526/recordings/8528b6e5e347f9f20a65279010b9ef45_ride_18961__uid_s_1000__uid_e_video.m3u8,/projects/u6ex/fbots/frodobots_raw/frodobots_data/output_rides_1/ride_18961_20240223040526
20240223041014,/projects/u6ex/fbots/frodobots_raw/frodobots_data/output_rides_1/ride_18962_20240223041014/recordings/a400416c3c458902b96c07bfe320c59a_ride_18962__uid_s_1000__uid_e_video.m3u8,/projects/u6ex/fbots/frodobots_raw/frodobots_data/output_rides_1/ride_18962_20240223041014
20240223041602,/projects/u6ex/fbots/frodobots_raw/frodobots_data/output_rides_1/ride_18963_20240223041602/recordings/cd4cdf6b694497d4c41721934c797771_ride_18963__uid_s_1000__uid_e_video.m3u8,/projects/u6ex/fbots/frodobots_raw/frodobots_data/output_rides_1/ride_18963_20240223041602
20240223042406,/projects/u6ex/fbots/frodobots_raw/frodobots_data/output_rides_1/ride_18965_20240223042406/recordings/1a0c10de2e4b1ad3932710abc160d69b_ride_18965__uid_s_1000__uid_e_video.m3u8,/projects/u6ex/fbots/frodobots_raw/frodobots_data/output_rides_1/ride_18965_20240223042406
20240223044920,/projects/u6ex/fbots/frodobots_raw/frodobots_data/output_rides_1/ride_18968_20240223044920/recordings/8011e2042c469f911429bd8c06353e56_ride_18968__uid_s_1000__uid_e_video.m3u8,/projects/u6ex/fbots/frodobots_raw/frodobots_data/output_rides_1/ride_18968_20240223044920
20240223060343,/projects/u6ex/fbots/frodobots_raw/frodobots_data/output_rides_1/ride_18981_20240223060343/recordings/695cf52c8c48b1ee62e3a5970c11c55d_ride_18981__uid_s_1000__uid_e_video.m3u8,/projects/u6ex/fbots/frodobots_raw/frodobots_data/output_rides_1/ride_18981_20240223060343
20240223073955,/projects/u6ex/fbots/frodobots_raw/frodobots_data/output_rides_1/ride_18988_20240223073955/recordings/af8ba477454bcfa531e498b8e1c2997a_ride_18988__uid_s_1000__uid_e_video.m3u8,/projects/u6ex/fbots/frodobots_raw/frodobots_data/output_rides_1/ride_18988_20240223073955
20240223075428,/projects/u6ex/fbots/frodobots_raw/frodobots_data/output_rides_1/ride_18990_20240223075428/recordings/9e581680da41a8b5508f2aaeab0ed26c_ride_18990__uid_s_1000__uid_e_video.m3u8,/projects/u6ex/fbots/frodobots_raw/frodobots_data/output_rides_1/ride_18990_20240223075428
20240223082129,/projects/u6ex/fbots/frodobots_raw/frodobots_data/output_rides_1/ride_18992_20240223082129/recordings/36ffafff014c0149345723b87371ddce_ride_18992__uid_s_1000__uid_e_video.m3u8,/projects/u6ex/fbots/frodobots_raw/frodobots_data/output_rides_1/ride_18992_20240223082129
20240223082646,/projects/u6ex/fbots/frodobots_raw/frodobots_data/output_rides_1/ride_18994_20240223082646/recordings/f304baed824827574a74d0bf6f9f7d51_ride_18994__uid_s_1000__uid_e_video.m3u8,/projects/u6ex/fbots/frodobots_raw/frodobots_data/output_rides_1/ride_18994_20240223082646
20240223083117,/projects/u6ex/fbots/frodobots_raw/frodobots_data/output_rides_1/ride_18995_20240223083117/recordings/d89b3337954df7055e535bae9edfaeba_ride_18995__uid_s_1000__uid_e_video.m3u8,/projects/u6ex/fbots/frodobots_raw/frodobots_data/output_rides_1/ride_18995_20240223083117
20240223083633,/projects/u6ex/fbots/frodobots_raw/frodobots_data/output_rides_1/ride_18996_20240223083633/recordings/d163b906394c818a96c3fba5c37f8ae4_ride_18996__uid_s_1000__uid_e_video.m3u8,/projects/u6ex/fbots/frodobots_raw/frodobots_data/output_rides_1/ride_18996_20240223083633
20240223084255,/projects/u6ex/fbots/frodobots_raw/frodobots_data/output_rides_1/ride_18999_20240223084255/recordings/658cda08d84e5e05458052aeeaa7d971_ride_18999__uid_s_1000__uid_e_video.m3u8,/projects/u6ex/fbots/frodobots_raw/frodobots_data/output_rides_1/ride_18999_20240223084255
20240223084902,/projects/u6ex/fbots/frodobots_raw/frodobots_data/output_rides_1/ride_19001_20240223084902/recordings/8639542ad14c2919133482a78f2eb5ab_ride_19001__uid_s_1000__uid_e_video.m3u8,/projects/u6ex/fbots/frodobots_raw/frodobots_data/output_rides_1/ride_19001_20240223084902
20240223093000,/projects/u6ex/fbots/frodobots_raw/frodobots_data/output_rides_1/ride_19010_20240223093000/recordings/4a77f307cc4da17363e22c8608d3daaa_ride_19010__uid_s_1000__uid_e_video.m3u8,/projects/u6ex/fbots/frodobots_raw/frodobots_data/output_rides_1/ride_19010_20240223093000
20240223100038,/projects/u6ex/fbots/frodobots_raw/frodobots_data/output_rides_1/ride_19013_20240223100038/recordings/3e58cdd9a24a0074ec1d5bb174ad6a0b_ride_19013__uid_s_1000__uid_e_video.m3u8,/projects/u6ex/fbots/frodobots_raw/frodobots_data/output_rides_1/ride_19013_20240223100038
20240224002000,/projects/u6ex/fbots/frodobots_raw/frodobots_data/output_rides_1/ride_19031_20240224002000/recordings/b0624b0c984c2fde6e8e4c84a41074a6_ride_19031__uid_s_1000__uid_e_video.m3u8,/projects/u6ex/fbots/frodobots_raw/frodobots_data/output_rides_1/ride_19031_20240224002000
20240224003808,/projects/u6ex/fbots/frodobots_raw/frodobots_data/output_rides_1/ride_19036_20240224003808/recordings/3aa6943ab04e1fb2a373ea901f74d8df_ride_19036__uid_s_1000__uid_e_video.m3u8,/projects/u6ex/fbots/frodobots_raw/frodobots_data/output_rides_1/ride_19036_20240224003808
20240224004412,/projects/u6ex/fbots/frodobots_raw/frodobots_data/output_rides_1/ride_19038_20240224004412/recordings/edb35bc2874d2fc1d0f7f986fec9506f_ride_19038__uid_s_1000__uid_e_video.m3u8,/projects/u6ex/fbots/frodobots_raw/frodobots_data/output_rides_1/ride_19038_20240224004412
20240224013545,/projects/u6ex/fbots/frodobots_raw/frodobots_data/output_rides_1/ride_19048_20240224013545/recordings/a43cf3d0d84fd1ea42c564ab6e09c5e8_ride_19048__uid_s_1000__uid_e_video.m3u8,/projects/u6ex/fbots/frodobots_raw/frodobots_data/output_rides_1/ride_19048_20240224013545
20240224020156,/projects/u6ex/fbots/frodobots_raw/frodobots_data/output_rides_1/ride_19054_20240224020156/recordings/381040bb9e4730d0beb7adbcee3de39c_ride_19054__uid_s_1000__uid_e_video.m3u8,/projects/u6ex/fbots/frodobots_raw/frodobots_data/output_rides_1/ride_19054_20240224020156
20240224020645,/projects/u6ex/fbots/frodobots_raw/frodobots_data/output_rides_1/ride_19056_20240224020645/recordings/880f2be0c244f7455addbeb64f2eafd3_ride_19056__uid_s_1000__uid_e_video.m3u8,/projects/u6ex/fbots/frodobots_raw/frodobots_data/output_rides_1/ride_19056_20240224020645
20240224041536,/projects/u6ex/fbots/frodobots_raw/frodobots_data/output_rides_1/ride_19079_20240224041536/recordings/5991c1c9484c4905a7a47c9e7158e4f1_ride_19079__uid_s_1000__uid_e_video.m3u8,/projects/u6ex/fbots/frodobots_raw/frodobots_data/output_rides_1/ride_19079_20240224041536
20240224043623,/projects/u6ex/fbots/frodobots_raw/frodobots_data/output_rides_1/ride_19087_20240224043623/recordings/55b3ba8e72487cacf4b3b991a9f99b98_ride_19087__uid_s_1000__uid_e_video.m3u8,/projects/u6ex/fbots/frodobots_raw/frodobots_data/output_rides_1/ride_19087_20240224043623
20240224044204,/projects/u6ex/fbots/frodobots_raw/frodobots_data/output_rides_1/ride_19091_20240224044204/recordings/3fe0361c684b75ba294a2e893956e3f6_ride_19091__uid_s_1000__uid_e_video.m3u8,/projects/u6ex/fbots/frodobots_raw/frodobots_data/output_rides_1/ride_19091_20240224044204
20240224050759,/projects/u6ex/fbots/frodobots_raw/frodobots_data/output_rides_1/ride_19098_20240224050759/recordings/514ec79167484fc1a5722e8863419ecb_ride_19098__uid_s_1000__uid_e_video.m3u8,/projects/u6ex/fbots/frodobots_raw/frodobots_data/output_rides_1/ride_19098_20240224050759
20240224050951,/projects/u6ex/fbots/frodobots_raw/frodobots_data/output_rides_1/ride_19099_20240224050951/recordings/32a63f357d4247f1e4b8c4b2720df478_ride_19099__uid_s_1000__uid_e_video.m3u8,/projects/u6ex/fbots/frodobots_raw/frodobots_data/output_rides_1/ride_19099_20240224050951
20240224051129,/projects/u6ex/fbots/frodobots_raw/frodobots_data/output_rides_1/ride_19100_20240224051129/recordings/0831f3cf4b48930ff2b092ab4d920a5a_ride_19100__uid_s_1000__uid_e_video.m3u8,/projects/u6ex/fbots/frodobots_raw/frodobots_data/output_rides_1/ride_19100_20240224051129
20240224051416,/projects/u6ex/fbots/frodobots_raw/frodobots_data/output_rides_1/ride_19101_20240224051416/recordings/8b58de0189477e5ab85a70bc0a169694_ride_19101__uid_s_1000__uid_e_video.m3u8,/projects/u6ex/fbots/frodobots_raw/frodobots_data/output_rides_1/ride_19101_20240224051416
20240224051731,/projects/u6ex/fbots/frodobots_raw/frodobots_data/output_rides_1/ride_19103_20240224051731/recordings/9c38a574374ba6cef01e45b1ebe4c6ca_ride_19103__uid_s_1000__uid_e_video.m3u8,/projects/u6ex/fbots/frodobots_raw/frodobots_data/output_rides_1/ride_19103_20240224051731
20240224052849,/projects/u6ex/fbots/frodobots_raw/frodobots_data/output_rides_1/ride_19105_20240224052849/recordings/aa72a2d9794fccaae6c87b94949325ad_ride_19105__uid_s_1000__uid_e_video.m3u8,/projects/u6ex/fbots/frodobots_raw/frodobots_data/output_rides_1/ride_19105_20240224052849
20240224053328,/projects/u6ex/fbots/frodobots_raw/frodobots_data/output_rides_1/ride_19107_20240224053328/recordings/027f2f20ff4ae7c5e387e1befcd22f2c_ride_19107__uid_s_1000__uid_e_video.m3u8,/projects/u6ex/fbots/frodobots_raw/frodobots_data/output_rides_1/ride_19107_20240224053328
20240224054734,/projects/u6ex/fbots/frodobots_raw/frodobots_data/output_rides_1/ride_19109_20240224054734/recordings/8aa583057145bebfb05c6d93c5e6b3b6_ride_19109__uid_s_1000__uid_e_video.m3u8,/projects/u6ex/fbots/frodobots_raw/frodobots_data/output_rides_1/ride_19109_20240224054734
20240224062611,/projects/u6ex/fbots/frodobots_raw/frodobots_data/output_rides_1/ride_19112_20240224062611/recordings/562e1c1a1341f55c8853048b8124b830_ride_19112__uid_s_1000__uid_e_video.m3u8,/projects/u6ex/fbots/frodobots_raw/frodobots_data/output_rides_1/ride_19112_20240224062611
20240224064002,/projects/u6ex/fbots/frodobots_raw/frodobots_data/output_rides_1/ride_19116_20240224064002/recordings/03c49f5b5a423f5e2e26b49e35124ab1_ride_19116__uid_s_1000__uid_e_video.m3u8,/projects/u6ex/fbots/frodobots_raw/frodobots_data/output_rides_1/ride_19116_20240224064002
20240224065800,/projects/u6ex/fbots/frodobots_raw/frodobots_data/output_rides_1/ride_19121_20240224065800/recordings/0f1cb70cc942f702997bc88c0cbcaa63_ride_19121__uid_s_1000__uid_e_video.m3u8,/projects/u6ex/fbots/frodobots_raw/frodobots_data/output_rides_1/ride_19121_20240224065800
20240225021636,/projects/u6ex/fbots/frodobots_raw/frodobots_data/output_rides_1/ride_19151_20240225021636/recordings/76e9a977724b0e490bd846869426b21f_ride_19151__uid_s_1000__uid_e_video.m3u8,/projects/u6ex/fbots/frodobots_raw/frodobots_data/output_rides_1/ride_19151_20240225021636
20240225023555,/projects/u6ex/fbots/frodobots_raw/frodobots_data/output_rides_1/ride_19154_20240225023555/recordings/58bccc45a94c96b7a67d3286e33611ca_ride_19154__uid_s_1000__uid_e_video.m3u8,/projects/u6ex/fbots/frodobots_raw/frodobots_data/output_rides_1/ride_19154_20240225023555
20240225024153,/projects/u6ex/fbots/frodobots_raw/frodobots_data/output_rides_1/ride_19155_20240225024153/recordings/fc02565c77415071df03bd99e331125c_ride_19155__uid_s_1000__uid_e_video.m3u8,/projects/u6ex/fbots/frodobots_raw/frodobots_data/output_rides_1/ride_19155_20240225024153
20240225025456,/projects/u6ex/fbots/frodobots_raw/frodobots_data/output_rides_1/ride_19157_20240225025456/recordings/7f501ce240437c7c9dc7f1909e8dfca5_ride_19157__uid_s_1000__uid_e_video.m3u8,/projects/u6ex/fbots/frodobots_raw/frodobots_data/output_rides_1/ride_19157_20240225025456
20240225030214,/projects/u6ex/fbots/frodobots_raw/frodobots_data/output_rides_1/ride_19159_20240225030214/recordings/94e6debe7d448dfbded7d6ab6866571c_ride_19159__uid_s_1000__uid_e_video.m3u8,/projects/u6ex/fbots/frodobots_raw/frodobots_data/output_rides_1/ride_19159_20240225030214
20240225031015,/projects/u6ex/fbots/frodobots_raw/frodobots_data/output_rides_1/ride_19160_20240225031015/recordings/d79fcb46a94ced61fac2e49dec406b14_ride_19160__uid_s_1000__uid_e_video.m3u8,/projects/u6ex/fbots/frodobots_raw/frodobots_data/output_rides_1/ride_19160_20240225031015
20240225031228,/projects/u6ex/fbots/frodobots_raw/frodobots_data/output_rides_1/ride_19161_20240225031228/recordings/5084d1dbfb4e96e92631b89a69a501c2_ride_19161__uid_s_1000__uid_e_video.m3u8,/projects/u6ex/fbots/frodobots_raw/frodobots_data/output_rides_1/ride_19161_20240225031228
20240225040825,/projects/u6ex/fbots/frodobots_raw/frodobots_data/output_rides_1/ride_19167_20240225040825/recordings/d21de425c54771820e8a9e9e210728b0_ride_19167__uid_s_1000__uid_e_video.m3u8,/projects/u6ex/fbots/frodobots_raw/frodobots_data/output_rides_1/ride_19167_20240225040825
20240225041552,/projects/u6ex/fbots/frodobots_raw/frodobots_data/output_rides_1/ride_19168_20240225041552/recordings/0c8b663f564bb96202c9bab97676e1c5_ride_19168__uid_s_1000__uid_e_video.m3u8,/projects/u6ex/fbots/frodobots_raw/frodobots_data/output_rides_1/ride_19168_20240225041552
20240225041629,/projects/u6ex/fbots/frodobots_raw/frodobots_data/output_rides_1/ride_19169_20240225041629/recordings/93186330f64c35b8eaaa6fba61a72998_ride_19169__uid_s_1000__uid_e_video.m3u8,/projects/u6ex/fbots/frodobots_raw/frodobots_data/output_rides_1/ride_19169_20240225041629
20240225041835,/projects/u6ex/fbots/frodobots_raw/frodobots_data/output_rides_1/ride_19171_20240225041835/recordings/234a52ba66400bc41c293293557faa5a_ride_19171__uid_s_1000__uid_e_video.m3u8,/projects/u6ex/fbots/frodobots_raw/frodobots_data/output_rides_1/ride_19171_20240225041835
20240225050709,/projects/u6ex/fbots/frodobots_raw/frodobots_data/output_rides_1/ride_19177_20240225050709/recordings/4e14cd96074715f60422ca973a7dfde2_ride_19177__uid_s_1000__uid_e_video.m3u8,/projects/u6ex/fbots/frodobots_raw/frodobots_data/output_rides_1/ride_19177_20240225050709
20240225051031,/projects/u6ex/fbots/frodobots_raw/frodobots_data/output_rides_1/ride_19178_20240225051031/recordings/0a92a28c8b456406e2b7f69283d419ca_ride_19178__uid_s_1000__uid_e_video.m3u8,/projects/u6ex/fbots/frodobots_raw/frodobots_data/output_rides_1/ride_19178_20240225051031
20240225051209,/projects/u6ex/fbots/frodobots_raw/frodobots_data/output_rides_1/ride_19179_20240225051209/recordings/f74c2655534a1118f9d0978cf39ee64f_ride_19179__uid_s_1000__uid_e_video.m3u8,/projects/u6ex/fbots/frodobots_raw/frodobots_data/output_rides_1/ride_19179_20240225051209
20240225053509,/projects/u6ex/fbots/frodobots_raw/frodobots_data/output_rides_1/ride_19182_20240225053509/recordings/e3a32fa5df47309ea9fde29a85a81a18_ride_19182__uid_s_1000__uid_e_video.m3u8,/projects/u6ex/fbots/frodobots_raw/frodobots_data/output_rides_1/ride_19182_20240225053509
20240225054752,/projects/u6ex/fbots/frodobots_raw/frodobots_data/output_rides_1/ride_19183_20240225054752/recordings/17b117dcc04aebc5581f2781fb9c2cc0_ride_19183__uid_s_1000__uid_e_video.m3u8,/projects/u6ex/fbots/frodobots_raw/frodobots_data/output_rides_1/ride_19183_20240225054752
20240225074515,/projects/u6ex/fbots/frodobots_raw/frodobots_data/output_rides_1/ride_19189_20240225074515/recordings/5ffe1d25f542121d789989bb132acc18_ride_19189__uid_s_1000__uid_e_video.m3u8,/projects/u6ex/fbots/frodobots_raw/frodobots_data/output_rides_1/ride_19189_20240225074515
20240225084353,/projects/u6ex/fbots/frodobots_raw/frodobots_data/output_rides_1/ride_19193_20240225084353/recordings/e113d49a1b4547b504b0d396ea90baf8_ride_19193__uid_s_1000__uid_e_video.m3u8,/projects/u6ex/fbots/frodobots_raw/frodobots_data/output_rides_1/ride_19193_20240225084353
20240225231304,/projects/u6ex/fbots/frodobots_raw/frodobots_data/output_rides_1/ride_19200_20240225231304/recordings/2bec327bcd44fb29d2b2cfadc105cb4f_ride_19200__uid_s_1000__uid_e_video.m3u8,/projects/u6ex/fbots/frodobots_raw/frodobots_data/output_rides_1/ride_19200_20240225231304
20240226035037,/projects/u6ex/fbots/frodobots_raw/frodobots_data/output_rides_1/ride_19220_20240226035037/recordings/b2349d1cee4c934a2a986fb99066274d_ride_19220__uid_s_1000__uid_e_video.m3u8,/projects/u6ex/fbots/frodobots_raw/frodobots_data/output_rides_1/ride_19220_20240226035037
20240226042316,/projects/u6ex/fbots/frodobots_raw/frodobots_data/output_rides_1/ride_19228_20240226042316/recordings/cca482e2664f15338fe4e285a98d7bab_ride_19228__uid_s_1000__uid_e_video.m3u8,/projects/u6ex/fbots/frodobots_raw/frodobots_data/output_rides_1/ride_19228_20240226042316
20240226042630,/projects/u6ex/fbots/frodobots_raw/frodobots_data/output_rides_1/ride_19229_20240226042630/recordings/34a1cf022a4ddd66c62ed69430ce25c8_ride_19229__uid_s_1000__uid_e_video.m3u8,/projects/u6ex/fbots/frodobots_raw/frodobots_data/output_rides_1/ride_19229_20240226042630
20240226042845,/projects/u6ex/fbots/frodobots_raw/frodobots_data/output_rides_1/ride_19231_20240226042845/recordings/d2ab3c67594554abf91a88b4c4f555f6_ride_19231__uid_s_1000__uid_e_video.m3u8,/projects/u6ex/fbots/frodobots_raw/frodobots_data/output_rides_1/ride_19231_20240226042845
20240226060008,/projects/u6ex/fbots/frodobots_raw/frodobots_data/output_rides_1/ride_19243_20240226060008/recordings/a2a6aca31f4de55988e9db94de141e69_ride_19243__uid_s_1000__uid_e_video.m3u8,/projects/u6ex/fbots/frodobots_raw/frodobots_data/output_rides_1/ride_19243_20240226060008
20240226063645,/projects/u6ex/fbots/frodobots_raw/frodobots_data/output_rides_1/ride_19250_20240226063645/recordings/a43682dba24b1a69b97d539655608021_ride_19250__uid_s_1000__uid_e_video.m3u8,/projects/u6ex/fbots/frodobots_raw/frodobots_data/output_rides_1/ride_19250_20240226063645
20240226064642,/projects/u6ex/fbots/frodobots_raw/frodobots_data/output_rides_1/ride_19252_20240226064642/recordings/43e059676648030cdb4c328b2bf63d57_ride_19252__uid_s_1000__uid_e_video.m3u8,/projects/u6ex/fbots/frodobots_raw/frodobots_data/output_rides_1/ride_19252_20240226064642
20240226071312,/projects/u6ex/fbots/frodobots_raw/frodobots_data/output_rides_1/ride_19255_20240226071312/recordings/116b65f3144c217daf936d8ddc4a34d5_ride_19255__uid_s_1000__uid_e_video.m3u8,/projects/u6ex/fbots/frodobots_raw/frodobots_data/output_rides_1/ride_19255_20240226071312
20240227025720,/projects/u6ex/fbots/frodobots_raw/frodobots_data/output_rides_1/ride_19310_20240227025720/recordings/a314f1a5da4f2ac19b4e359926a73742_ride_19310__uid_s_1000__uid_e_video.m3u8,/projects/u6ex/fbots/frodobots_raw/frodobots_data/output_rides_1/ride_19310_20240227025720
20240227030758,/projects/u6ex/fbots/frodobots_raw/frodobots_data/output_rides_1/ride_19312_20240227030758/recordings/b1d32244dc46fea22032019951b97079_ride_19312__uid_s_1000__uid_e_video.m3u8,/projects/u6ex/fbots/frodobots_raw/frodobots_data/output_rides_1/ride_19312_20240227030758
20240227040529,/projects/u6ex/fbots/frodobots_raw/frodobots_data/output_rides_1/ride_19319_20240227040529/recordings/68fb3e32314027b9acc09eb6e9790103_ride_19319__uid_s_1000__uid_e_video.m3u8,/projects/u6ex/fbots/frodobots_raw/frodobots_data/output_rides_1/ride_19319_20240227040529
20240227041314,/projects/u6ex/fbots/frodobots_raw/frodobots_data/output_rides_1/ride_19321_20240227041314/recordings/e947ed2e3a4c21f3b0c68ca6ab10de94_ride_19321__uid_s_1000__uid_e_video.m3u8,/projects/u6ex/fbots/frodobots_raw/frodobots_data/output_rides_1/ride_19321_20240227041314
20240227042721,/projects/u6ex/fbots/frodobots_raw/frodobots_data/output_rides_1/ride_19328_20240227042721/recordings/9fb794dd2b4e0eb41d93758cadfb5b61_ride_19328__uid_s_1000__uid_e_video.m3u8,/projects/u6ex/fbots/frodobots_raw/frodobots_data/output_rides_1/ride_19328_20240227042721
20240227043647,/projects/u6ex/fbots/frodobots_raw/frodobots_data/output_rides_1/ride_19330_20240227043647/recordings/371d3b1e88428edbf677c6adb2877f66_ride_19330__uid_s_1000__uid_e_video.m3u8,/projects/u6ex/fbots/frodobots_raw/frodobots_data/output_rides_1/ride_19330_20240227043647
20240227045202,/projects/u6ex/fbots/frodobots_raw/frodobots_data/output_rides_1/ride_19335_20240227045202/recordings/26abbc3b774d38e20192d2a91d28ff0e_ride_19335__uid_s_1000__uid_e_video.m3u8,/projects/u6ex/fbots/frodobots_raw/frodobots_data/output_rides_1/ride_19335_20240227045202
20240227051001,/projects/u6ex/fbots/frodobots_raw/frodobots_data/output_rides_1/ride_19339_20240227051001/recordings/fe72a083c646bb95b04b27871e618b04_ride_19339__uid_s_1000__uid_e_video.m3u8,/projects/u6ex/fbots/frodobots_raw/frodobots_data/output_rides_1/ride_19339_20240227051001
20240227060926,/projects/u6ex/fbots/frodobots_raw/frodobots_data/output_rides_1/ride_19352_20240227060926/recordings/5bd73f4d3d46c3b35e65a99f229863e7_ride_19352__uid_s_1000__uid_e_video.m3u8,/projects/u6ex/fbots/frodobots_raw/frodobots_data/output_rides_1/ride_19352_20240227060926
20240227061618,/projects/u6ex/fbots/frodobots_raw/frodobots_data/output_rides_1/ride_19354_20240227061618/recordings/13fcd138154e0f9304fb55b819e549e1_ride_19354__uid_s_1000__uid_e_video.m3u8,/projects/u6ex/fbots/frodobots_raw/frodobots_data/output_rides_1/ride_19354_20240227061618
20240227064839,/projects/u6ex/fbots/frodobots_raw/frodobots_data/output_rides_1/ride_19360_20240227064839/recordings/e7384e13c54e19e33c885986186e099e_ride_19360__uid_s_1000__uid_e_video.m3u8,/projects/u6ex/fbots/frodobots_raw/frodobots_data/output_rides_1/ride_19360_20240227064839
20240227101854,/projects/u6ex/fbots/frodobots_raw/frodobots_data/output_rides_1/ride_19398_20240227101854/recordings/690921b16a4ac536fd8df787e99933cd_ride_19398__uid_s_1000__uid_e_video.m3u8,/projects/u6ex/fbots/frodobots_raw/frodobots_data/output_rides_1/ride_19398_20240227101854
20240227103815,/projects/u6ex/fbots/frodobots_raw/frodobots_data/output_rides_1/ride_19401_20240227103815/recordings/d285240fd442aa10af7cc2be514c2667_ride_19401__uid_s_1000__uid_e_video.m3u8,/projects/u6ex/fbots/frodobots_raw/frodobots_data/output_rides_1/ride_19401_20240227103815
20240227104555,/projects/u6ex/fbots/frodobots_raw/frodobots_data/output_rides_1/ride_19405_20240227104555/recordings/c66d83100b41e9a677f2d7b10fa0e122_ride_19405__uid_s_1000__uid_e_video.m3u8,/projects/u6ex/fbots/frodobots_raw/frodobots_data/output_rides_1/ride_19405_20240227104555
20240228032045,/projects/u6ex/fbots/frodobots_raw/frodobots_data/output_rides_1/ride_19431_20240228032045/recordings/b46868694e481fca18042ab41ca53f24_ride_19431__uid_s_1000__uid_e_video.m3u8,/projects/u6ex/fbots/frodobots_raw/frodobots_data/output_rides_1/ride_19431_20240228032045
20240228040142,/projects/u6ex/fbots/frodobots_raw/frodobots_data/output_rides_1/ride_19437_20240228040142/recordings/bae996d20845121f543566b7fed149a0_ride_19437__uid_s_1000__uid_e_video.m3u8,/projects/u6ex/fbots/frodobots_raw/frodobots_data/output_rides_1/ride_19437_20240228040142
20240228040805,/projects/u6ex/fbots/frodobots_raw/frodobots_data/output_rides_1/ride_19439_20240228040805/recordings/ee5457eb62484a88f13f5d9f8727594e_ride_19439__uid_s_1000__uid_e_video.m3u8,/projects/u6ex/fbots/frodobots_raw/frodobots_data/output_rides_1/ride_19439_20240228040805
20240228040948,/projects/u6ex/fbots/frodobots_raw/frodobots_data/output_rides_1/ride_19440_20240228040948/recordings/a1ec1c8dca457237d9f88c85364ad8d7_ride_19440__uid_s_1000__uid_e_video.m3u8,/projects/u6ex/fbots/frodobots_raw/frodobots_data/output_rides_1/ride_19440_20240228040948
20240228041028,/projects/u6ex/fbots/frodobots_raw/frodobots_data/output_rides_1/ride_19441_20240228041028/recordings/5c612c391c48790e027ce187c2086ddf_ride_19441__uid_s_1000__uid_e_video.m3u8,/projects/u6ex/fbots/frodobots_raw/frodobots_data/output_rides_1/ride_19441_20240228041028
20240228041355,/projects/u6ex/fbots/frodobots_raw/frodobots_data/output_rides_1/ride_19443_20240228041355/recordings/340cbae65a4a508f534a0ea979a2e606_ride_19443__uid_s_1000__uid_e_video.m3u8,/projects/u6ex/fbots/frodobots_raw/frodobots_data/output_rides_1/ride_19443_20240228041355
20240228041815,/projects/u6ex/fbots/frodobots_raw/frodobots_data/output_rides_1/ride_19445_20240228041815/recordings/8dc33a03a84aaf03a66df4bcffad0087_ride_19445__uid_s_1000__uid_e_video.m3u8,/projects/u6ex/fbots/frodobots_raw/frodobots_data/output_rides_1/ride_19445_20240228041815
20240228044058,/projects/u6ex/fbots/frodobots_raw/frodobots_data/output_rides_1/ride_19449_20240228044058/recordings/d83d7bf5284ae9beb07547bbbd3ac3ce_ride_19449__uid_s_1000__uid_e_video.m3u8,/projects/u6ex/fbots/frodobots_raw/frodobots_data/output_rides_1/ride_19449_20240228044058
20240228044218,/projects/u6ex/fbots/frodobots_raw/frodobots_data/output_rides_1/ride_19450_20240228044218/recordings/ff43725098492246eb35c9b70ca052bd_ride_19450__uid_s_1000__uid_e_video.m3u8,/projects/u6ex/fbots/frodobots_raw/frodobots_data/output_rides_1/ride_19450_20240228044218
20240228044657,/projects/u6ex/fbots/frodobots_raw/frodobots_data/output_rides_1/ride_19451_20240228044657/recordings/4989234ced4d8deec019edbd608aecfb_ride_19451__uid_s_1000__uid_e_video.m3u8,/projects/u6ex/fbots/frodobots_raw/frodobots_data/output_rides_1/ride_19451_20240228044657
20240228044737,/projects/u6ex/fbots/frodobots_raw/frodobots_data/output_rides_1/ride_19452_20240228044737/recordings/ce9a2abc1c499de239af5fa88087277f_ride_19452__uid_s_1000__uid_e_video.m3u8,/projects/u6ex/fbots/frodobots_raw/frodobots_data/output_rides_1/ride_19452_20240228044737
20240228090451,/projects/u6ex/fbots/frodobots_raw/frodobots_data/output_rides_1/ride_19466_20240228090451/recordings/00258b34dd4ed27b9e69f08b35175079_ride_19466__uid_s_1000__uid_e_video.m3u8,/projects/u6ex/fbots/frodobots_raw/frodobots_data/output_rides_1/ride_19466_20240228090451
20240228091559,/projects/u6ex/fbots/frodobots_raw/frodobots_data/output_rides_1/ride_19470_20240228091559/recordings/90eaa0d08a42374efc085ba5c0bc9c72_ride_19470__uid_s_1000__uid_e_video.m3u8,/projects/u6ex/fbots/frodobots_raw/frodobots_data/output_rides_1/ride_19470_20240228091559
20240228121850,/projects/u6ex/fbots/frodobots_raw/frodobots_data/output_rides_1/ride_19487_20240228121850/recordings/36969ae2f04f42b6e4d1b8a4fa10423a_ride_19487__uid_s_1000__uid_e_video.m3u8,/projects/u6ex/fbots/frodobots_raw/frodobots_data/output_rides_1/ride_19487_20240228121850
20240229040816,/projects/u6ex/fbots/frodobots_raw/frodobots_data/output_rides_1/ride_19508_20240229040816/recordings/196b8acbd048a9cfbb427fa923728e58_ride_19508__uid_s_1000__uid_e_video.m3u8,/projects/u6ex/fbots/frodobots_raw/frodobots_data/output_rides_1/ride_19508_20240229040816
20240229065146,/projects/u6ex/fbots/frodobots_raw/frodobots_data/output_rides_1/ride_19516_20240229065146/recordings/7ef8f965db425b93d920e5a724c18f9b_ride_19516__uid_s_1000__uid_e_video.m3u8,/projects/u6ex/fbots/frodobots_raw/frodobots_data/output_rides_1/ride_19516_20240229065146
20240405113053,/projects/u6ex/fbots/frodobots_raw/frodobots_data/output_rides_10/ride_27881_20240405113053/recordings/80d84606fd450df1ce297c9c3dd1a7c5_ride_27881__uid_s_1000__uid_e_video.m3u8,/projects/u6ex/fbots/frodobots_raw/frodobots_data/output_rides_10/ride_27881_20240405113053
20240405113417,/projects/u6ex/fbots/frodobots_raw/frodobots_data/output_rides_10/ride_27883_20240405113417/recordings/9c40b3736f4acd972cf0fa8b616b4371_ride_27883__uid_s_1000__uid_e_video.m3u8,/projects/u6ex/fbots/frodobots_raw/frodobots_data/output_rides_10/ride_27883_20240405113417
20240407104529,/projects/u6ex/fbots/frodobots_raw/frodobots_data/output_rides_11/ride_28437_20240407104529/recordings/59d39ce34240b3a62a5fd89c64446fc0_ride_28437__uid_s_1000__uid_e_video.m3u8,/projects/u6ex/fbots/frodobots_raw/frodobots_data/output_rides_11/ride_28437_20240407104529
20240407122625,/projects/u6ex/fbots/frodobots_raw/frodobots_data/output_rides_11/ride_28466_20240407122625/recordings/d38581951449444fa27822865c93c99a_ride_28466__uid_s_1000__uid_e_video.m3u8,/projects/u6ex/fbots/frodobots_raw/frodobots_data/output_rides_11/ride_28466_20240407122625
20240407131549,/projects/u6ex/fbots/frodobots_raw/frodobots_data/output_rides_11/ride_28476_20240407131549/recordings/142b1279d24a6169979ce99d83a7826d_ride_28476__uid_s_1000__uid_e_video.m3u8,/projects/u6ex/fbots/frodobots_raw/frodobots_data/output_rides_11/ride_28476_20240407131549
20240408151948,/projects/u6ex/fbots/frodobots_raw/frodobots_data/output_rides_11/ride_28786_20240408151948/recordings/de59d4f46f4a407e524a8782e8e52a6f_ride_28786__uid_s_1000__uid_e_video.m3u8,/projects/u6ex/fbots/frodobots_raw/frodobots_data/output_rides_11/ride_28786_20240408151948
20240408154112,/projects/u6ex/fbots/frodobots_raw/frodobots_data/output_rides_11/ride_28792_20240408154112/recordings/7f4841578e4c1051c7d14eb9ee3b5ca3_ride_28792__uid_s_1000__uid_e_video.m3u8,/projects/u6ex/fbots/frodobots_raw/frodobots_data/output_rides_11/ride_28792_20240408154112
20240408204235,/projects/u6ex/fbots/frodobots_raw/frodobots_data/output_rides_11/ride_28826_20240408204235/recordings/fc8d4444c340a14b930116a81c86093c_ride_28826__uid_s_1000__uid_e_video.m3u8,/projects/u6ex/fbots/frodobots_raw/frodobots_data/output_rides_11/ride_28826_20240408204235
20240408204421,/projects/u6ex/fbots/frodobots_raw/frodobots_data/output_rides_11/ride_28827_20240408204421/recordings/3c7db0d71243691e19656b88ddf6bb89_ride_28827__uid_s_1000__uid_e_video.m3u8,/projects/u6ex/fbots/frodobots_raw/frodobots_data/output_rides_11/ride_28827_20240408204421
20240408204952,/projects/u6ex/fbots/frodobots_raw/frodobots_data/output_rides_11/ride_28828_20240408204952/recordings/d0057deb884eee69728ed78041932abc_ride_28828__uid_s_1000__uid_e_video.m3u8,/projects/u6ex/fbots/frodobots_raw/frodobots_data/output_rides_11/ride_28828_20240408204952
20240408205431,/projects/u6ex/fbots/frodobots_raw/frodobots_data/output_rides_11/ride_28830_20240408205431/recordings/e1ede12ec741c09c56dbc8aa4f07f4f6_ride_28830__uid_s_1000__uid_e_video.m3u8,/projects/u6ex/fbots/frodobots_raw/frodobots_data/output_rides_11/ride_28830_20240408205431
20240408220222,/projects/u6ex/fbots/frodobots_raw/frodobots_data/output_rides_11/ride_28842_20240408220222/recordings/cea860fd904fdba9afbb4982d92bb58d_ride_28842__uid_s_1000__uid_e_video.m3u8,/projects/u6ex/fbots/frodobots_raw/frodobots_data/output_rides_11/ride_28842_20240408220222
20240408224713,/projects/u6ex/fbots/frodobots_raw/frodobots_data/output_rides_11/ride_28847_20240408224713/recordings/b8d0ad5cc24fae1a00fee79771a16a0c_ride_28847__uid_s_1000__uid_e_video.m3u8,/projects/u6ex/fbots/frodobots_raw/frodobots_data/output_rides_11/ride_28847_20240408224713
20240408233015,/projects/u6ex/fbots/frodobots_raw/frodobots_data/output_rides_11/ride_28851_20240408233015/recordings/41d193acfe4baaa43a442ebc8276a474_ride_28851__uid_s_1000__uid_e_video.m3u8,/projects/u6ex/fbots/frodobots_raw/frodobots_data/output_rides_11/ride_28851_20240408233015
20240409041036,/projects/u6ex/fbots/frodobots_raw/frodobots_data/output_rides_11/ride_28966_20240409041036/recordings/d4c7754f0d4055e5e9dceeb5086fcbda_ride_28966__uid_s_1000__uid_e_video.m3u8,/projects/u6ex/fbots/frodobots_raw/frodobots_data/output_rides_11/ride_28966_20240409041036
20240409041302,/projects/u6ex/fbots/frodobots_raw/frodobots_data/output_rides_11/ride_28969_20240409041302/recordings/a428a8639448ff6c6f744e93be8d2b9c_ride_28969__uid_s_1000__uid_e_video.m3u8,/projects/u6ex/fbots/frodobots_raw/frodobots_data/output_rides_11/ride_28969_20240409041302
20240409103459,/projects/u6ex/fbots/frodobots_raw/frodobots_data/output_rides_11/ride_29116_20240409103459/recordings/b568f5e0b647afd793e543a42daba947_ride_29116__uid_s_1000__uid_e_video.m3u8,/projects/u6ex/fbots/frodobots_raw/frodobots_data/output_rides_11/ride_29116_20240409103459
20240409115326,/projects/u6ex/fbots/frodobots_raw/frodobots_data/output_rides_11/ride_29141_20240409115326/recordings/48cc10c38743addde04d1d92ca65475e_ride_29141__uid_s_1000__uid_e_video.m3u8,/projects/u6ex/fbots/frodobots_raw/frodobots_data/output_rides_11/ride_29141_20240409115326
20240409115627,/projects/u6ex/fbots/frodobots_raw/frodobots_data/output_rides_11/ride_29143_20240409115627/recordings/6d1e56d19947cf26fe8ebe965d8793ee_ride_29143__uid_s_1000__uid_e_video.m3u8,/projects/u6ex/fbots/frodobots_raw/frodobots_data/output_rides_11/ride_29143_20240409115627
20240409120859,/projects/u6ex/fbots/frodobots_raw/frodobots_data/output_rides_11/ride_29147_20240409120859/recordings/59fdda5e954c5dd910bcd5883c7f8781_ride_29147__uid_s_1000__uid_e_video.m3u8,/projects/u6ex/fbots/frodobots_raw/frodobots_data/output_rides_11/ride_29147_20240409120859
20240409231230,/projects/u6ex/fbots/frodobots_raw/frodobots_data/output_rides_12/ride_29247_20240409231230/recordings/0a4525e467481644805cdbb21f89cc5f_ride_29247__uid_s_1000__uid_e_video.m3u8,/projects/u6ex/fbots/frodobots_raw/frodobots_data/output_rides_12/ride_29247_20240409231230
20240409235518,/projects/u6ex/fbots/frodobots_raw/frodobots_data/output_rides_12/ride_29253_20240409235518/recordings/eb5d0062d14f582816c8e0a12871191d_ride_29253__uid_s_1000__uid_e_video.m3u8,/projects/u6ex/fbots/frodobots_raw/frodobots_data/output_rides_12/ride_29253_20240409235518
20240410001208,/projects/u6ex/fbots/frodobots_raw/frodobots_data/output_rides_12/ride_29256_20240410001208/recordings/59fdecdfd94e26416dfba1af11032106_ride_29256__uid_s_1000__uid_e_video.m3u8,/projects/u6ex/fbots/frodobots_raw/frodobots_data/output_rides_12/ride_29256_20240410001208
20240410002351,/projects/u6ex/fbots/frodobots_raw/frodobots_data/output_rides_12/ride_29258_20240410002351/recordings/394a2c667f421d072cbd5c8fc7449ef6_ride_29258__uid_s_1000__uid_e_video.m3u8,/projects/u6ex/fbots/frodobots_raw/frodobots_data/output_rides_12/ride_29258_20240410002351
20240410003705,/projects/u6ex/fbots/frodobots_raw/frodobots_data/output_rides_12/ride_29260_20240410003705/recordings/3a8ae23619483ba5879d0182f5b5755a_ride_29260__uid_s_1000__uid_e_video.m3u8,/projects/u6ex/fbots/frodobots_raw/frodobots_data/output_rides_12/ride_29260_20240410003705
20240410004635,/projects/u6ex/fbots/frodobots_raw/frodobots_data/output_rides_12/ride_29261_20240410004635/recordings/d1267bcba6438bdc6d7ff49ad7477735_ride_29261__uid_s_1000__uid_e_video.m3u8,/projects/u6ex/fbots/frodobots_raw/frodobots_data/output_rides_12/ride_29261_20240410004635
20240410010109,/projects/u6ex/fbots/frodobots_raw/frodobots_data/output_rides_12/ride_29264_20240410010109/recordings/cf8cb2b0fe4a247473fd3ba98b9a84d9_ride_29264__uid_s_1000__uid_e_video.m3u8,/projects/u6ex/fbots/frodobots_raw/frodobots_data/output_rides_12/ride_29264_20240410010109
20240410011129,/projects/u6ex/fbots/frodobots_raw/frodobots_data/output_rides_12/ride_29267_20240410011129/recordings/71d51982d1483955e12566b7a98a71dc_ride_29267__uid_s_1000__uid_e_video.m3u8,/projects/u6ex/fbots/frodobots_raw/frodobots_data/output_rides_12/ride_29267_20240410011129
20240410084811,/projects/u6ex/fbots/frodobots_raw/frodobots_data/output_rides_12/ride_29398_20240410084811/recordings/027abde6e349b94ce52ecb8a1fa46a0a_ride_29398__uid_s_1000__uid_e_video.m3u8,/projects/u6ex/fbots/frodobots_raw/frodobots_data/output_rides_12/ride_29398_20240410084811
20240410090720,/projects/u6ex/fbots/frodobots_raw/frodobots_data/output_rides_12/ride_29405_20240410090720/recordings/7cf39672134c6d7ebb690ea697251558_ride_29405__uid_s_1000__uid_e_video.m3u8,/projects/u6ex/fbots/frodobots_raw/frodobots_data/output_rides_12/ride_29405_20240410090720
20240410103000,/projects/u6ex/fbots/frodobots_raw/frodobots_data/output_rides_12/ride_29429_20240410103000/recordings/c0fe8bc66544ef1ec70baf9f06662f53_ride_29429__uid_s_1000__uid_e_video.m3u8,/projects/u6ex/fbots/frodobots_raw/frodobots_data/output_rides_12/ride_29429_20240410103000
20240410103646,/projects/u6ex/fbots/frodobots_raw/frodobots_data/output_rides_12/ride_29431_20240410103646/recordings/2da5d7c3ae4e1514d41f289bfe4436f1_ride_29431__uid_s_1000__uid_e_video.m3u8,/projects/u6ex/fbots/frodobots_raw/frodobots_data/output_rides_12/ride_29431_20240410103646
20240410104622,/projects/u6ex/fbots/frodobots_raw/frodobots_data/output_rides_12/ride_29433_20240410104622/recordings/7f84e9f6a443cfca975c68a5d927a2de_ride_29433__uid_s_1000__uid_e_video.m3u8,/projects/u6ex/fbots/frodobots_raw/frodobots_data/output_rides_12/ride_29433_20240410104622
20240410110629,/projects/u6ex/fbots/frodobots_raw/frodobots_data/output_rides_12/ride_29439_20240410110629/recordings/b811e6460645c2a3bd954cbf572ddb17_ride_29439__uid_s_1000__uid_e_video.m3u8,/projects/u6ex/fbots/frodobots_raw/frodobots_data/output_rides_12/ride_29439_20240410110629
20240410114046,/projects/u6ex/fbots/frodobots_raw/frodobots_data/output_rides_12/ride_29445_20240410114046/recordings/a69e9a3f1545e921815ae782dc3d3441_ride_29445__uid_s_1000__uid_e_video.m3u8,/projects/u6ex/fbots/frodobots_raw/frodobots_data/output_rides_12/ride_29445_20240410114046
20240410115032,/projects/u6ex/fbots/frodobots_raw/frodobots_data/output_rides_12/ride_29447_20240410115032/recordings/17548a61d744de322c39788b6583ce30_ride_29447__uid_s_1000__uid_e_video.m3u8,/projects/u6ex/fbots/frodobots_raw/frodobots_data/output_rides_12/ride_29447_20240410115032
20240410120640,/projects/u6ex/fbots/frodobots_raw/frodobots_data/output_rides_12/ride_29449_20240410120640/recordings/58d9a7708149909fbbe83196d3fb7aff_ride_29449__uid_s_1000__uid_e_video.m3u8,/projects/u6ex/fbots/frodobots_raw/frodobots_data/output_rides_12/ride_29449_20240410120640
20240410203308,/projects/u6ex/fbots/frodobots_raw/frodobots_data/output_rides_12/ride_29582_20240410203308/recordings/eb90e5f3524ed6f79d701f98d41929d6_ride_29582__uid_s_1000__uid_e_video.m3u8,/projects/u6ex/fbots/frodobots_raw/frodobots_data/output_rides_12/ride_29582_20240410203308
20240410203657,/projects/u6ex/fbots/frodobots_raw/frodobots_data/output_rides_12/ride_29583_20240410203657/recordings/3bce10c6954509212b632f88d0be2174_ride_29583__uid_s_1000__uid_e_video.m3u8,/projects/u6ex/fbots/frodobots_raw/frodobots_data/output_rides_12/ride_29583_20240410203657
20240410204203,/projects/u6ex/fbots/frodobots_raw/frodobots_data/output_rides_12/ride_29584_20240410204203/recordings/61fb3acfdc4b74a0b48a0da02b5c6877_ride_29584__uid_s_1000__uid_e_video.m3u8,/projects/u6ex/fbots/frodobots_raw/frodobots_data/output_rides_12/ride_29584_20240410204203
20240410205449,/projects/u6ex/fbots/frodobots_raw/frodobots_data/output_rides_12/ride_29588_20240410205449/recordings/12f4dd0e7e4bbc57f677bab554bab0a0_ride_29588__uid_s_1000__uid_e_video.m3u8,/projects/u6ex/fbots/frodobots_raw/frodobots_data/output_rides_12/ride_29588_20240410205449
20240410211557,/projects/u6ex/fbots/frodobots_raw/frodobots_data/output_rides_12/ride_29590_20240410211557/recordings/d9a7cfafa949f63d198257b2e3ae2fd9_ride_29590__uid_s_1000__uid_e_video.m3u8,/projects/u6ex/fbots/frodobots_raw/frodobots_data/output_rides_12/ride_29590_20240410211557
20240410213715,/projects/u6ex/fbots/frodobots_raw/frodobots_data/output_rides_12/ride_29593_20240410213715/recordings/136310645c4b1e576f61229612f2ee84_ride_29593__uid_s_1000__uid_e_video.m3u8,/projects/u6ex/fbots/frodobots_raw/frodobots_data/output_rides_12/ride_29593_20240410213715
20240410214145,/projects/u6ex/fbots/frodobots_raw/frodobots_data/output_rides_12/ride_29594_20240410214145/recordings/07c4b119d643c7adc8d2dc8202ba940e_ride_29594__uid_s_1000__uid_e_video.m3u8,/projects/u6ex/fbots/frodobots_raw/frodobots_data/output_rides_12/ride_29594_20240410214145
20240410215157,/projects/u6ex/fbots/frodobots_raw/frodobots_data/output_rides_12/ride_29596_20240410215157/recordings/406c22e73d431071e1767581661c4d66_ride_29596__uid_s_1000__uid_e_video.m3u8,/projects/u6ex/fbots/frodobots_raw/frodobots_data/output_rides_12/ride_29596_20240410215157
20240410220350,/projects/u6ex/fbots/frodobots_raw/frodobots_data/output_rides_12/ride_29598_20240410220350/recordings/6552daa8e140bffbc9e3198012249826_ride_29598__uid_s_1000__uid_e_video.m3u8,/projects/u6ex/fbots/frodobots_raw/frodobots_data/output_rides_12/ride_29598_20240410220350
20240410221719,/projects/u6ex/fbots/frodobots_raw/frodobots_data/output_rides_12/ride_29601_20240410221719/recordings/7e773aebb24be11cadf6cab9eda341b1_ride_29601__uid_s_1000__uid_e_video.m3u8,/projects/u6ex/fbots/frodobots_raw/frodobots_data/output_rides_12/ride_29601_20240410221719
20240410222221,/projects/u6ex/fbots/frodobots_raw/frodobots_data/output_rides_12/ride_29602_20240410222221/recordings/85c186c1014eb889a8acc7ab26ca9f66_ride_29602__uid_s_1000__uid_e_video.m3u8,/projects/u6ex/fbots/frodobots_raw/frodobots_data/output_rides_12/ride_29602_20240410222221
20240410223419,/projects/u6ex/fbots/frodobots_raw/frodobots_data/output_rides_12/ride_29604_20240410223419/recordings/e262b6bd974186d5a88ae185e4624b3d_ride_29604__uid_s_1000__uid_e_video.m3u8,/projects/u6ex/fbots/frodobots_raw/frodobots_data/output_rides_12/ride_29604_20240410223419
20240410225321,/projects/u6ex/fbots/frodobots_raw/frodobots_data/output_rides_12/ride_29606_20240410225321/recordings/53f9f4de2c41ce55f9fb4eab0233f85b_ride_29606__uid_s_1000__uid_e_video.m3u8,/projects/u6ex/fbots/frodobots_raw/frodobots_data/output_rides_12/ride_29606_20240410225321
20240410233628,/projects/u6ex/fbots/frodobots_raw/frodobots_data/output_rides_12/ride_29608_20240410233628/recordings/c345fb85f54141d11363d9a3dc7a8079_ride_29608__uid_s_1000__uid_e_video.m3u8,/projects/u6ex/fbots/frodobots_raw/frodobots_data/output_rides_12/ride_29608_20240410233628
20240410235435,/projects/u6ex/fbots/frodobots_raw/frodobots_data/output_rides_12/ride_29610_20240410235435/recordings/78d99664c84e4afed82f51967e45b570_ride_29610__uid_s_1000__uid_e_video.m3u8,/projects/u6ex/fbots/frodobots_raw/frodobots_data/output_rides_12/ride_29610_20240410235435
20240411044921,/projects/u6ex/fbots/frodobots_raw/frodobots_data/output_rides_12/ride_29699_20240411044921/recordings/2ec3fd422f493cfe2feef19915638b01_ride_29699__uid_s_1000__uid_e_video.m3u8,/projects/u6ex/fbots/frodobots_raw/frodobots_data/output_rides_12/ride_29699_20240411044921
20240411082137,/projects/u6ex/fbots/frodobots_raw/frodobots_data/output_rides_12/ride_29765_20240411082137/recordings/e5cd55b9834808bb7815789b71858cf5_ride_29765__uid_s_1000__uid_e_video.m3u8,/projects/u6ex/fbots/frodobots_raw/frodobots_data/output_rides_12/ride_29765_20240411082137
20240411083010,/projects/u6ex/fbots/frodobots_raw/frodobots_data/output_rides_12/ride_29768_20240411083010/recordings/b7a0fbc9904b0e4e8fc702a384aaeb6b_ride_29768__uid_s_1000__uid_e_video.m3u8,/projects/u6ex/fbots/frodobots_raw/frodobots_data/output_rides_12/ride_29768_20240411083010
20240411083925,/projects/u6ex/fbots/frodobots_raw/frodobots_data/output_rides_12/ride_29770_20240411083925/recordings/793a780a454834c925baba9b9c97fbf2_ride_29770__uid_s_1000__uid_e_video.m3u8,/projects/u6ex/fbots/frodobots_raw/frodobots_data/output_rides_12/ride_29770_20240411083925
20240411085810,/projects/u6ex/fbots/frodobots_raw/frodobots_data/output_rides_12/ride_29777_20240411085810/recordings/09bc3a1afc4ac94839b90faf420e6da0_ride_29777__uid_s_1000__uid_e_video.m3u8,/projects/u6ex/fbots/frodobots_raw/frodobots_data/output_rides_12/ride_29777_20240411085810
20240411092748,/projects/u6ex/fbots/frodobots_raw/frodobots_data/output_rides_12/ride_29785_20240411092748/recordings/04991efdd94648476ea953a9aa9b8db5_ride_29785__uid_s_1000__uid_e_video.m3u8,/projects/u6ex/fbots/frodobots_raw/frodobots_data/output_rides_12/ride_29785_20240411092748
20240411093337,/projects/u6ex/fbots/frodobots_raw/frodobots_data/output_rides_12/ride_29787_20240411093337/recordings/9e196f1b0f4db80370a690a3af60ba41_ride_29787__uid_s_1000__uid_e_video.m3u8,/projects/u6ex/fbots/frodobots_raw/frodobots_data/output_rides_12/ride_29787_20240411093337
20240411094101,/projects/u6ex/fbots/frodobots_raw/frodobots_data/output_rides_12/ride_29791_20240411094101/recordings/c800067b634bfa45ec2221bcaf214ff6_ride_29791__uid_s_1000__uid_e_video.m3u8,/projects/u6ex/fbots/frodobots_raw/frodobots_data/output_rides_12/ride_29791_20240411094101
20240411100350,/projects/u6ex/fbots/frodobots_raw/frodobots_data/output_rides_12/ride_29798_20240411100350/recordings/954f6adf4c475569e8e7c7994885cbd1_ride_29798__uid_s_1000__uid_e_video.m3u8,/projects/u6ex/fbots/frodobots_raw/frodobots_data/output_rides_12/ride_29798_20240411100350
20240411102209,/projects/u6ex/fbots/frodobots_raw/frodobots_data/output_rides_12/ride_29800_20240411102209/recordings/fa633a6a744d7158a8eddab4d2ba4bfd_ride_29800__uid_s_1000__uid_e_video.m3u8,/projects/u6ex/fbots/frodobots_raw/frodobots_data/output_rides_12/ride_29800_20240411102209
20240411104459,/projects/u6ex/fbots/frodobots_raw/frodobots_data/output_rides_12/ride_29807_20240411104459/recordings/6ae349487b42411ba4f8758f6c7e5dcb_ride_29807__uid_s_1000__uid_e_video.m3u8,/projects/u6ex/fbots/frodobots_raw/frodobots_data/output_rides_12/ride_29807_20240411104459
20240411105510,/projects/u6ex/fbots/frodobots_raw/frodobots_data/output_rides_12/ride_29809_20240411105510/recordings/05479636a94a4a4a701edea2001da54e_ride_29809__uid_s_1000__uid_e_video.m3u8,/projects/u6ex/fbots/frodobots_raw/frodobots_data/output_rides_12/ride_29809_20240411105510
20240411110102,/projects/u6ex/fbots/frodobots_raw/frodobots_data/output_rides_12/ride_29810_20240411110102/recordings/abc1b0e72f4977bf3b61638fcbcebeef_ride_29810__uid_s_1000__uid_e_video.m3u8,/projects/u6ex/fbots/frodobots_raw/frodobots_data/output_rides_12/ride_29810_20240411110102
20240411110607,/projects/u6ex/fbots/frodobots_raw/frodobots_data/output_rides_12/ride_29811_20240411110607/recordings/2b1141c36e4ea0da6da2cf8f235d4e9e_ride_29811__uid_s_1000__uid_e_video.m3u8,/projects/u6ex/fbots/frodobots_raw/frodobots_data/output_rides_12/ride_29811_20240411110607
20240411111101,/projects/u6ex/fbots/frodobots_raw/frodobots_data/output_rides_12/ride_29812_20240411111101/recordings/496c5e2d4742983be5e605806c4cf7c1_ride_29812__uid_s_1000__uid_e_video.m3u8,/projects/u6ex/fbots/frodobots_raw/frodobots_data/output_rides_12/ride_29812_20240411111101
20240411111728,/projects/u6ex/fbots/frodobots_raw/frodobots_data/output_rides_12/ride_29813_20240411111728/recordings/9cacae3d214b561f3df4beb36bf0f91d_ride_29813__uid_s_1000__uid_e_video.m3u8,/projects/u6ex/fbots/frodobots_raw/frodobots_data/output_rides_12/ride_29813_20240411111728
20240411112821,/projects/u6ex/fbots/frodobots_raw/frodobots_data/output_rides_12/ride_29814_20240411112821/recordings/56527d4c0a4f3944b6a89eacb8b35062_ride_29814__uid_s_1000__uid_e_video.m3u8,/projects/u6ex/fbots/frodobots_raw/frodobots_data/output_rides_12/ride_29814_20240411112821
20240411131716,/projects/u6ex/fbots/frodobots_raw/frodobots_data/output_rides_12/ride_29826_20240411131716/recordings/24518d5fe24a279360b450b1d9d7bfc0_ride_29826__uid_s_1000__uid_e_video.m3u8,/projects/u6ex/fbots/frodobots_raw/frodobots_data/output_rides_12/ride_29826_20240411131716
20240411132907,/projects/u6ex/fbots/frodobots_raw/frodobots_data/output_rides_12/ride_29827_20240411132907/recordings/e173443457490e449520a79faa626b6a_ride_29827__uid_s_1000__uid_e_video.m3u8,/projects/u6ex/fbots/frodobots_raw/frodobots_data/output_rides_12/ride_29827_20240411132907
20240411133723,/projects/u6ex/fbots/frodobots_raw/frodobots_data/output_rides_12/ride_29828_20240411133723/recordings/e547c3228e4583df133bfeb66bdd941f_ride_29828__uid_s_1000__uid_e_video.m3u8,/projects/u6ex/fbots/frodobots_raw/frodobots_data/output_rides_12/ride_29828_20240411133723
20240411134636,/projects/u6ex/fbots/frodobots_raw/frodobots_data/output_rides_12/ride_29829_20240411134636/recordings/8331dff20545f6bf1b5778836d153741_ride_29829__uid_s_1000__uid_e_video.m3u8,/projects/u6ex/fbots/frodobots_raw/frodobots_data/output_rides_12/ride_29829_20240411134636
20240411140913,/projects/u6ex/fbots/frodobots_raw/frodobots_data/output_rides_12/ride_29831_20240411140913/recordings/e463873cfd49798ada4a36849457f44c_ride_29831__uid_s_1000__uid_e_video.m3u8,/projects/u6ex/fbots/frodobots_raw/frodobots_data/output_rides_12/ride_29831_20240411140913
20240411141618,/projects/u6ex/fbots/frodobots_raw/frodobots_data/output_rides_12/ride_29832_20240411141618/recordings/59f5272f5843c31896ddf8bfef12ac08_ride_29832__uid_s_1000__uid_e_video.m3u8,/projects/u6ex/fbots/frodobots_raw/frodobots_data/output_rides_12/ride_29832_20240411141618
20240411144407,/projects/u6ex/fbots/frodobots_raw/frodobots_data/output_rides_12/ride_29836_20240411144407/recordings/5a2162248d411953695b1082f4122d86_ride_29836__uid_s_1000__uid_e_video.m3u8,/projects/u6ex/fbots/frodobots_raw/frodobots_data/output_rides_12/ride_29836_20240411144407
20240411145720,/projects/u6ex/fbots/frodobots_raw/frodobots_data/output_rides_12/ride_29837_20240411145720/recordings/dc2e68c5d24cad64f0c26cb9c882519d_ride_29837__uid_s_1000__uid_e_video.m3u8,/projects/u6ex/fbots/frodobots_raw/frodobots_data/output_rides_12/ride_29837_20240411145720
20240411150648,/projects/u6ex/fbots/frodobots_raw/frodobots_data/output_rides_12/ride_29839_20240411150648/recordings/0d5cf006ea4021d0f43fffa0d51107aa_ride_29839__uid_s_1000__uid_e_video.m3u8,/projects/u6ex/fbots/frodobots_raw/frodobots_data/output_rides_12/ride_29839_20240411150648
20240411151643,/projects/u6ex/fbots/frodobots_raw/frodobots_data/output_rides_12/ride_29841_20240411151643/recordings/7939e849704e8b5824cd2fa564325857_ride_29841__uid_s_1000__uid_e_video.m3u8,/projects/u6ex/fbots/frodobots_raw/frodobots_data/output_rides_12/ride_29841_20240411151643
20240411152358,/projects/u6ex/fbots/frodobots_raw/frodobots_data/output_rides_12/ride_29844_20240411152358/recordings/45771b1e824a118e77914ba96ef82844_ride_29844__uid_s_1000__uid_e_video.m3u8,/projects/u6ex/fbots/frodobots_raw/frodobots_data/output_rides_12/ride_29844_20240411152358
20240411153950,/projects/u6ex/fbots/frodobots_raw/frodobots_data/output_rides_12/ride_29848_20240411153950/recordings/579f8129a04e89ad7e6b1a969e94517c_ride_29848__uid_s_1000__uid_e_video.m3u8,/projects/u6ex/fbots/frodobots_raw/frodobots_data/output_rides_12/ride_29848_20240411153950
20240411154932,/projects/u6ex/fbots/frodobots_raw/frodobots_data/output_rides_12/ride_29849_20240411154932/recordings/a0e5d420064157f4de9bfcbc8f0a5b08_ride_29849__uid_s_1000__uid_e_video.m3u8,/projects/u6ex/fbots/frodobots_raw/frodobots_data/output_rides_12/ride_29849_20240411154932
20240411160659,/projects/u6ex/fbots/frodobots_raw/frodobots_data/output_rides_12/ride_29858_20240411160659/recordings/ef709a379643cd3166c8c48a801edd02_ride_29858__uid_s_1000__uid_e_video.m3u8,/projects/u6ex/fbots/frodobots_raw/frodobots_data/output_rides_12/ride_29858_20240411160659
20240411161804,/projects/u6ex/fbots/frodobots_raw/frodobots_data/output_rides_12/ride_29859_20240411161804/recordings/554f691be146a318fa1bce88ab6ceccb_ride_29859__uid_s_1000__uid_e_video.m3u8,/projects/u6ex/fbots/frodobots_raw/frodobots_data/output_rides_12/ride_29859_20240411161804
20240411162636,/projects/u6ex/fbots/frodobots_raw/frodobots_data/output_rides_12/ride_29860_20240411162636/recordings/d5636454214aa7f1183a42927023935b_ride_29860__uid_s_1000__uid_e_video.m3u8,/projects/u6ex/fbots/frodobots_raw/frodobots_data/output_rides_12/ride_29860_20240411162636
20240411164937,/projects/u6ex/fbots/frodobots_raw/frodobots_data/output_rides_12/ride_29863_20240411164937/recordings/fbbe9da07447bfdb2e932ea4002ce9bd_ride_29863__uid_s_1000__uid_e_video.m3u8,/projects/u6ex/fbots/frodobots_raw/frodobots_data/output_rides_12/ride_29863_20240411164937
20240411170119,/projects/u6ex/fbots/frodobots_raw/frodobots_data/output_rides_12/ride_29864_20240411170119/recordings/11781049824be286ac8ca9a689fecd74_ride_29864__uid_s_1000__uid_e_video.m3u8,/projects/u6ex/fbots/frodobots_raw/frodobots_data/output_rides_12/ride_29864_20240411170119
20240411170854,/projects/u6ex/fbots/frodobots_raw/frodobots_data/output_rides_12/ride_29866_20240411170854/recordings/8fa0d53c4d41672e7d3b1985dbec250c_ride_29866__uid_s_1000__uid_e_video.m3u8,/projects/u6ex/fbots/frodobots_raw/frodobots_data/output_rides_12/ride_29866_20240411170854
20240411171948,/projects/u6ex/fbots/frodobots_raw/frodobots_data/output_rides_12/ride_29868_20240411171948/recordings/70e99627824847009a0b54b3ab7fe255_ride_29868__uid_s_1000__uid_e_video.m3u8,/projects/u6ex/fbots/frodobots_raw/frodobots_data/output_rides_12/ride_29868_20240411171948
20240411172750,/projects/u6ex/fbots/frodobots_raw/frodobots_data/output_rides_12/ride_29871_20240411172750/recordings/b3a39e933245e79d5f83c488a1468eba_ride_29871__uid_s_1000__uid_e_video.m3u8,/projects/u6ex/fbots/frodobots_raw/frodobots_data/output_rides_12/ride_29871_20240411172750
20240411174040,/projects/u6ex/fbots/frodobots_raw/frodobots_data/output_rides_12/ride_29876_20240411174040/recordings/502bb477784e73d4074dd0896eb2a1f0_ride_29876__uid_s_1000__uid_e_video.m3u8,/projects/u6ex/fbots/frodobots_raw/frodobots_data/output_rides_12/ride_29876_20240411174040
20240411174458,/projects/u6ex/fbots/frodobots_raw/frodobots_data/output_rides_12/ride_29878_20240411174458/recordings/601acfacae4c244ef0d2c9be662f5c70_ride_29878__uid_s_1000__uid_e_video.m3u8,/projects/u6ex/fbots/frodobots_raw/frodobots_data/output_rides_12/ride_29878_20240411174458
20240411174838,/projects/u6ex/fbots/frodobots_raw/frodobots_data/output_rides_12/ride_29881_20240411174838/recordings/25a30e0bd84e1896e80167bbb0bf72d0_ride_29881__uid_s_1000__uid_e_video.m3u8,/projects/u6ex/fbots/frodobots_raw/frodobots_data/output_rides_12/ride_29881_20240411174838
20240411180141,/projects/u6ex/fbots/frodobots_raw/frodobots_data/output_rides_12/ride_29884_20240411180141/recordings/5e51e1e38d4bec95cc40279c0094836c_ride_29884__uid_s_1000__uid_e_video.m3u8,/projects/u6ex/fbots/frodobots_raw/frodobots_data/output_rides_12/ride_29884_20240411180141
20240411203052,/projects/u6ex/fbots/frodobots_raw/frodobots_data/output_rides_12/ride_29919_20240411203052/recordings/4a8269d9d94b0ddaf879ce88591b855f_ride_29919__uid_s_1000__uid_e_video.m3u8,/projects/u6ex/fbots/frodobots_raw/frodobots_data/output_rides_12/ride_29919_20240411203052
20240411203639,/projects/u6ex/fbots/frodobots_raw/frodobots_data/output_rides_12/ride_29920_20240411203639/recordings/8475f4a00148270d6dfe9fbc61a7b1c8_ride_29920__uid_s_1000__uid_e_video.m3u8,/projects/u6ex/fbots/frodobots_raw/frodobots_data/output_rides_12/ride_29920_20240411203639
20240411204304,/projects/u6ex/fbots/frodobots_raw/frodobots_data/output_rides_12/ride_29922_20240411204304/recordings/a4d5a3530c4bb747490491ac3b063c94_ride_29922__uid_s_1000__uid_e_video.m3u8,/projects/u6ex/fbots/frodobots_raw/frodobots_data/output_rides_12/ride_29922_20240411204304
20240411205508,/projects/u6ex/fbots/frodobots_raw/frodobots_data/output_rides_12/ride_29925_20240411205508/recordings/3143645da343afb6781c83b8d2a96355_ride_29925__uid_s_1000__uid_e_video.m3u8,/projects/u6ex/fbots/frodobots_raw/frodobots_data/output_rides_12/ride_29925_20240411205508
20240411211246,/projects/u6ex/fbots/frodobots_raw/frodobots_data/output_rides_12/ride_29928_20240411211246/recordings/7d3bfe3b46412097e519e69205e3b3e9_ride_29928__uid_s_1000__uid_e_video.m3u8,/projects/u6ex/fbots/frodobots_raw/frodobots_data/output_rides_12/ride_29928_20240411211246
20240411213423,/projects/u6ex/fbots/frodobots_raw/frodobots_data/output_rides_12/ride_29933_20240411213423/recordings/8a7fe8fa12481ced61f0d58170b56fbc_ride_29933__uid_s_1000__uid_e_video.m3u8,/projects/u6ex/fbots/frodobots_raw/frodobots_data/output_rides_12/ride_29933_20240411213423
20240411214229,/projects/u6ex/fbots/frodobots_raw/frodobots_data/output_rides_12/ride_29935_20240411214229/recordings/6c7dc6b45147f9e2b41a54a732f5d2be_ride_29935__uid_s_1000__uid_e_video.m3u8,/projects/u6ex/fbots/frodobots_raw/frodobots_data/output_rides_12/ride_29935_20240411214229
20240411215104,/projects/u6ex/fbots/frodobots_raw/frodobots_data/output_rides_12/ride_29938_20240411215104/recordings/ba1efadacf4294bfee7f099471d1c9b5_ride_29938__uid_s_1000__uid_e_video.m3u8,/projects/u6ex/fbots/frodobots_raw/frodobots_data/output_rides_12/ride_29938_20240411215104
20240411220218,/projects/u6ex/fbots/frodobots_raw/frodobots_data/output_rides_12/ride_29940_20240411220218/recordings/cf9dda4ad74310e6e3c831a30bafc15c_ride_29940__uid_s_1000__uid_e_video.m3u8,/projects/u6ex/fbots/frodobots_raw/frodobots_data/output_rides_12/ride_29940_20240411220218
20240411221422,/projects/u6ex/fbots/frodobots_raw/frodobots_data/output_rides_12/ride_29944_20240411221422/recordings/11111cc48847b6454e75c486ccb193fe_ride_29944__uid_s_1000__uid_e_video.m3u8,/projects/u6ex/fbots/frodobots_raw/frodobots_data/output_rides_12/ride_29944_20240411221422
20240411222436,/projects/u6ex/fbots/frodobots_raw/frodobots_data/output_rides_12/ride_29946_20240411222436/recordings/3d012eaf664854da741453b979943642_ride_29946__uid_s_1000__uid_e_video.m3u8,/projects/u6ex/fbots/frodobots_raw/frodobots_data/output_rides_12/ride_29946_20240411222436
20240411225453,/projects/u6ex/fbots/frodobots_raw/frodobots_data/output_rides_12/ride_29951_20240411225453/recordings/6d6064831d4be06e8eeffeb946315909_ride_29951__uid_s_1000__uid_e_video.m3u8,/projects/u6ex/fbots/frodobots_raw/frodobots_data/output_rides_12/ride_29951_20240411225453
20240411225626,/projects/u6ex/fbots/frodobots_raw/frodobots_data/output_rides_12/ride_29955_20240411225626/recordings/113d17ec1e4e15383708a4bd62a7245c_ride_29955__uid_s_1000__uid_e_video.m3u8,/projects/u6ex/fbots/frodobots_raw/frodobots_data/output_rides_12/ride_29955_20240411225626
20240411230450,/projects/u6ex/fbots/frodobots_raw/frodobots_data/output_rides_12/ride_29958_20240411230450/recordings/de54c49ada435ca2ca7e6491dce83979_ride_29958__uid_s_1000__uid_e_video.m3u8,/projects/u6ex/fbots/frodobots_raw/frodobots_data/output_rides_12/ride_29958_20240411230450
20240412073903,/projects/u6ex/fbots/frodobots_raw/frodobots_data/output_rides_12/ride_30107_20240412073903/recordings/747f7476544fd8f4b7aa2e91fa124cc0_ride_30107__uid_s_1000__uid_e_video.m3u8,/projects/u6ex/fbots/frodobots_raw/frodobots_data/output_rides_12/ride_30107_20240412073903
20240412081529,/projects/u6ex/fbots/frodobots_raw/frodobots_data/output_rides_12/ride_30129_20240412081529/recordings/00e25026c340ca6562e7a29293bad11d_ride_30129__uid_s_1000__uid_e_video.m3u8,/projects/u6ex/fbots/frodobots_raw/frodobots_data/output_rides_12/ride_30129_20240412081529
20240412082308,/projects/u6ex/fbots/frodobots_raw/frodobots_data/output_rides_12/ride_30132_20240412082308/recordings/bf579b978949e51f56a153a8b54001d1_ride_30132__uid_s_1000__uid_e_video.m3u8,/projects/u6ex/fbots/frodobots_raw/frodobots_data/output_rides_12/ride_30132_20240412082308
20240412091708,/projects/u6ex/fbots/frodobots_raw/frodobots_data/output_rides_12/ride_30149_20240412091708/recordings/1a1f7aa41a433be228f82fa65b1bb200_ride_30149__uid_s_1000__uid_e_video.m3u8,/projects/u6ex/fbots/frodobots_raw/frodobots_data/output_rides_12/ride_30149_20240412091708
20240412092350,/projects/u6ex/fbots/frodobots_raw/frodobots_data/output_rides_12/ride_30152_20240412092350/recordings/cd803ea25b467d1b4233feb953d4b476_ride_30152__uid_s_1000__uid_e_video.m3u8,/projects/u6ex/fbots/frodobots_raw/frodobots_data/output_rides_12/ride_30152_20240412092350
20240412092617,/projects/u6ex/fbots/frodobots_raw/frodobots_data/output_rides_12/ride_30153_20240412092617/recordings/12d321514b4186130b4306a329f17a10_ride_30153__uid_s_1000__uid_e_video.m3u8,/projects/u6ex/fbots/frodobots_raw/frodobots_data/output_rides_12/ride_30153_20240412092617
20240415202343,/projects/u6ex/fbots/frodobots_raw/frodobots_data/output_rides_14/ride_31186_20240415202343/recordings/e161e01f104d600798124f85caddc086_ride_31186__uid_s_1000__uid_e_video.m3u8,/projects/u6ex/fbots/frodobots_raw/frodobots_data/output_rides_14/ride_31186_20240415202343
20240415203141,/projects/u6ex/fbots/frodobots_raw/frodobots_data/output_rides_14/ride_31190_20240415203141/recordings/912bc98c064dd99be81b59b51fe99d56_ride_31190__uid_s_1000__uid_e_video.m3u8,/projects/u6ex/fbots/frodobots_raw/frodobots_data/output_rides_14/ride_31190_20240415203141
20240415203615,/projects/u6ex/fbots/frodobots_raw/frodobots_data/output_rides_14/ride_31191_20240415203615/recordings/5d52b56fe546bc5a9ee2fb8fcc7fad89_ride_31191__uid_s_1000__uid_e_video.m3u8,/projects/u6ex/fbots/frodobots_raw/frodobots_data/output_rides_14/ride_31191_20240415203615
20240415204426,/projects/u6ex/fbots/frodobots_raw/frodobots_data/output_rides_14/ride_31194_20240415204426/recordings/3485823fc4469129c5be7e88ad107380_ride_31194__uid_s_1000__uid_e_video.m3u8,/projects/u6ex/fbots/frodobots_raw/frodobots_data/output_rides_14/ride_31194_20240415204426
20240415205441,/projects/u6ex/fbots/frodobots_raw/frodobots_data/output_rides_14/ride_31199_20240415205441/recordings/5abb9249fe4dc7f4178e2a99a29ad418_ride_31199__uid_s_1000__uid_e_video.m3u8,/projects/u6ex/fbots/frodobots_raw/frodobots_data/output_rides_14/ride_31199_20240415205441
20240415211304,/projects/u6ex/fbots/frodobots_raw/frodobots_data/output_rides_14/ride_31207_20240415211304/recordings/d07b24a7174c9c8ab88be88754536db3_ride_31207__uid_s_1000__uid_e_video.m3u8,/projects/u6ex/fbots/frodobots_raw/frodobots_data/output_rides_14/ride_31207_20240415211304
20240415214746,/projects/u6ex/fbots/frodobots_raw/frodobots_data/output_rides_14/ride_31216_20240415214746/recordings/aaf6b3a2b74a250260ae3f9e402625f7_ride_31216__uid_s_1000__uid_e_video.m3u8,/projects/u6ex/fbots/frodobots_raw/frodobots_data/output_rides_14/ride_31216_20240415214746
20240416003300,/projects/u6ex/fbots/frodobots_raw/frodobots_data/output_rides_14/ride_31239_20240416003300/recordings/426c318aa3473de8ca7254866752df37_ride_31239__uid_s_1000__uid_e_video.m3u8,/projects/u6ex/fbots/frodobots_raw/frodobots_data/output_rides_14/ride_31239_20240416003300
20240416010537,/projects/u6ex/fbots/frodobots_raw/frodobots_data/output_rides_14/ride_31250_20240416010537/recordings/b26a753fe14d8557a21574991ce95ae6_ride_31250__uid_s_1000__uid_e_video.m3u8,/projects/u6ex/fbots/frodobots_raw/frodobots_data/output_rides_14/ride_31250_20240416010537
20240416020648,/projects/u6ex/fbots/frodobots_raw/frodobots_data/output_rides_14/ride_31270_20240416020648/recordings/dfecef8bdd4b7f101e2546920f80f45e_ride_31270__uid_s_1000__uid_e_video.m3u8,/projects/u6ex/fbots/frodobots_raw/frodobots_data/output_rides_14/ride_31270_20240416020648
20240416022632,/projects/u6ex/fbots/frodobots_raw/frodobots_data/output_rides_14/ride_31274_20240416022632/recordings/93c85428094d75d3bf9aac8055db332c_ride_31274__uid_s_1000__uid_e_video.m3u8,/projects/u6ex/fbots/frodobots_raw/frodobots_data/output_rides_14/ride_31274_20240416022632
20240416024024,/projects/u6ex/fbots/frodobots_raw/frodobots_data/output_rides_14/ride_31279_20240416024024/recordings/06f4d0a79049126ca1855ca976683910_ride_31279__uid_s_1000__uid_e_video.m3u8,/projects/u6ex/fbots/frodobots_raw/frodobots_data/output_rides_14/ride_31279_20240416024024
20240416074705,/projects/u6ex/fbots/frodobots_raw/frodobots_data/output_rides_14/ride_31358_20240416074705/recordings/2e08aa5abf42a8d30a921fa4db35a54d_ride_31358__uid_s_1000__uid_e_video.m3u8,/projects/u6ex/fbots/frodobots_raw/frodobots_data/output_rides_14/ride_31358_20240416074705
20240416075220,/projects/u6ex/fbots/frodobots_raw/frodobots_data/output_rides_14/ride_31359_20240416075220/recordings/2ed8e5eb254e892c802045bbbbef752c_ride_31359__uid_s_1000__uid_e_video.m3u8,/projects/u6ex/fbots/frodobots_raw/frodobots_data/output_rides_14/ride_31359_20240416075220
20240416081731,/projects/u6ex/fbots/frodobots_raw/frodobots_data/output_rides_14/ride_31370_20240416081731/recordings/1ea74d60c64863ee54e133b22075afba_ride_31370__uid_s_1000__uid_e_video.m3u8,/projects/u6ex/fbots/frodobots_raw/frodobots_data/output_rides_14/ride_31370_20240416081731
20240416090812,/projects/u6ex/fbots/frodobots_raw/frodobots_data/output_rides_14/ride_31377_20240416090812/recordings/6f82da1c73419b0a3d61bd9eca542b41_ride_31377__uid_s_1000__uid_e_video.m3u8,/projects/u6ex/fbots/frodobots_raw/frodobots_data/output_rides_14/ride_31377_20240416090812
20240416095316,/projects/u6ex/fbots/frodobots_raw/frodobots_data/output_rides_14/ride_31385_20240416095316/recordings/727580cb304f906e8319be9c29574cb0_ride_31385__uid_s_1000__uid_e_video.m3u8,/projects/u6ex/fbots/frodobots_raw/frodobots_data/output_rides_14/ride_31385_20240416095316
20240416104537,/projects/u6ex/fbots/frodobots_raw/frodobots_data/output_rides_14/ride_31395_20240416104537/recordings/2542701c8546141ff8a780a792e5540f_ride_31395__uid_s_1000__uid_e_video.m3u8,/projects/u6ex/fbots/frodobots_raw/frodobots_data/output_rides_14/ride_31395_20240416104537
20240416105126,/projects/u6ex/fbots/frodobots_raw/frodobots_data/output_rides_14/ride_31398_20240416105126/recordings/6f7c78b33149e63018db47b9a249a539_ride_31398__uid_s_1000__uid_e_video.m3u8,/projects/u6ex/fbots/frodobots_raw/frodobots_data/output_rides_14/ride_31398_20240416105126
20240416110156,/projects/u6ex/fbots/frodobots_raw/frodobots_data/output_rides_14/ride_31400_20240416110156/recordings/e09adc0fc74aff2535e44ca161129517_ride_31400__uid_s_1000__uid_e_video.m3u8,/projects/u6ex/fbots/frodobots_raw/frodobots_data/output_rides_14/ride_31400_20240416110156
20240416112554,/projects/u6ex/fbots/frodobots_raw/frodobots_data/output_rides_14/ride_31407_20240416112554/recordings/bbb5bb1ea740209892f630917208fab7_ride_31407__uid_s_1000__uid_e_video.m3u8,/projects/u6ex/fbots/frodobots_raw/frodobots_data/output_rides_14/ride_31407_20240416112554
20240416114238,/projects/u6ex/fbots/frodobots_raw/frodobots_data/output_rides_14/ride_31409_20240416114238/recordings/02ea9500b84357e30c4222ab0664d2c1_ride_31409__uid_s_1000__uid_e_video.m3u8,/projects/u6ex/fbots/frodobots_raw/frodobots_data/output_rides_14/ride_31409_20240416114238
20240416115030,/projects/u6ex/fbots/frodobots_raw/frodobots_data/output_rides_14/ride_31411_20240416115030/recordings/785b729c664362cdf924b98329254627_ride_31411__uid_s_1000__uid_e_video.m3u8,/projects/u6ex/fbots/frodobots_raw/frodobots_data/output_rides_14/ride_31411_20240416115030
20240416120443,/projects/u6ex/fbots/frodobots_raw/frodobots_data/output_rides_14/ride_31415_20240416120443/recordings/a2ce3e281b46b4ccce590dabf4941d34_ride_31415__uid_s_1000__uid_e_video.m3u8,/projects/u6ex/fbots/frodobots_raw/frodobots_data/output_rides_14/ride_31415_20240416120443
20240416204424,/projects/u6ex/fbots/frodobots_raw/frodobots_data/output_rides_14/ride_31560_20240416204424/recordings/c1bfba864f4451a0357d999c1ce669e4_ride_31560__uid_s_1000__uid_e_video.m3u8,/projects/u6ex/fbots/frodobots_raw/frodobots_data/output_rides_14/ride_31560_20240416204424
20240416212106,/projects/u6ex/fbots/frodobots_raw/frodobots_data/output_rides_14/ride_31572_20240416212106/recordings/d293d2fd9a4f6515f3e79696cf9c6c38_ride_31572__uid_s_1000__uid_e_video.m3u8,/projects/u6ex/fbots/frodobots_raw/frodobots_data/output_rides_14/ride_31572_20240416212106
20240416212829,/projects/u6ex/fbots/frodobots_raw/frodobots_data/output_rides_14/ride_31573_20240416212829/recordings/304bcb8df94bad15bda6bb874fb8af45_ride_31573__uid_s_1000__uid_e_video.m3u8,/projects/u6ex/fbots/frodobots_raw/frodobots_data/output_rides_14/ride_31573_20240416212829
20240416213911,/projects/u6ex/fbots/frodobots_raw/frodobots_data/output_rides_14/ride_31578_20240416213911/recordings/4851c20b1a43bae0d58eeaa2d1d33de5_ride_31578__uid_s_1000__uid_e_video.m3u8,/projects/u6ex/fbots/frodobots_raw/frodobots_data/output_rides_14/ride_31578_20240416213911
20240416215133,/projects/u6ex/fbots/frodobots_raw/frodobots_data/output_rides_14/ride_31580_20240416215133/recordings/937e745ac14033302293ed8e28598350_ride_31580__uid_s_1000__uid_e_video.m3u8,/projects/u6ex/fbots/frodobots_raw/frodobots_data/output_rides_14/ride_31580_20240416215133
20240416220735,/projects/u6ex/fbots/frodobots_raw/frodobots_data/output_rides_14/ride_31588_20240416220735/recordings/a714a20ca047f197c1bcd1a2d2d44189_ride_31588__uid_s_1000__uid_e_video.m3u8,/projects/u6ex/fbots/frodobots_raw/frodobots_data/output_rides_14/ride_31588_20240416220735
20240416221217,/projects/u6ex/fbots/frodobots_raw/frodobots_data/output_rides_14/ride_31592_20240416221217/recordings/0a7de4da9c4fcfb48ae043a1c20176b4_ride_31592__uid_s_1000__uid_e_video.m3u8,/projects/u6ex/fbots/frodobots_raw/frodobots_data/output_rides_14/ride_31592_20240416221217
20240416222600,/projects/u6ex/fbots/frodobots_raw/frodobots_data/output_rides_14/ride_31594_20240416222600/recordings/af1b3112cb4f7e4f3c36f58446014d26_ride_31594__uid_s_1000__uid_e_video.m3u8,/projects/u6ex/fbots/frodobots_raw/frodobots_data/output_rides_14/ride_31594_20240416222600
20240416224254,/projects/u6ex/fbots/frodobots_raw/frodobots_data/output_rides_14/ride_31598_20240416224254/recordings/9f43d690754201d661c6ec93720840ba_ride_31598__uid_s_1000__uid_e_video.m3u8,/projects/u6ex/fbots/frodobots_raw/frodobots_data/output_rides_14/ride_31598_20240416224254
20240416230327,/projects/u6ex/fbots/frodobots_raw/frodobots_data/output_rides_14/ride_31601_20240416230327/recordings/1ff5bfea334501da02103b9dc5ac814d_ride_31601__uid_s_1000__uid_e_video.m3u8,/projects/u6ex/fbots/frodobots_raw/frodobots_data/output_rides_14/ride_31601_20240416230327
20240416231018,/projects/u6ex/fbots/frodobots_raw/frodobots_data/output_rides_14/ride_31604_20240416231018/recordings/ec4dd1911547e2a0653255a1abd6e364_ride_31604__uid_s_1000__uid_e_video.m3u8,/projects/u6ex/fbots/frodobots_raw/frodobots_data/output_rides_14/ride_31604_20240416231018
20240416233042,/projects/u6ex/fbots/frodobots_raw/frodobots_data/output_rides_14/ride_31607_20240416233042/recordings/51ba4efd224514e2e70d6bb8de988eb7_ride_31607__uid_s_1000__uid_e_video.m3u8,/projects/u6ex/fbots/frodobots_raw/frodobots_data/output_rides_14/ride_31607_20240416233042
20240416234350,/projects/u6ex/fbots/frodobots_raw/frodobots_data/output_rides_14/ride_31609_20240416234350/recordings/ded1f8468742bf61806ef09c919bf23f_ride_31609__uid_s_1000__uid_e_video.m3u8,/projects/u6ex/fbots/frodobots_raw/frodobots_data/output_rides_14/ride_31609_20240416234350
20240417000525,/projects/u6ex/fbots/frodobots_raw/frodobots_data/output_rides_14/ride_31613_20240417000525/recordings/d7652e081e43b7da7a63b5911a8543cd_ride_31613__uid_s_1000__uid_e_video.m3u8,/projects/u6ex/fbots/frodobots_raw/frodobots_data/output_rides_14/ride_31613_20240417000525
20240417001049,/projects/u6ex/fbots/frodobots_raw/frodobots_data/output_rides_14/ride_31615_20240417001049/recordings/818dd5b14e48996127e2fb8b845bbb12_ride_31615__uid_s_1000__uid_e_video.m3u8,/projects/u6ex/fbots/frodobots_raw/frodobots_data/output_rides_14/ride_31615_20240417001049
20240417081702,/projects/u6ex/fbots/frodobots_raw/frodobots_data/output_rides_14/ride_31807_20240417081702/recordings/45aaf23da944887f479e9396c5f9ad41_ride_31807__uid_s_1000__uid_e_video.m3u8,/projects/u6ex/fbots/frodobots_raw/frodobots_data/output_rides_14/ride_31807_20240417081702
20240417083925,/projects/u6ex/fbots/frodobots_raw/frodobots_data/output_rides_14/ride_31819_20240417083925/recordings/f5b404c4b448ce4c8e7444a161b19e37_ride_31819__uid_s_1000__uid_e_video.m3u8,/projects/u6ex/fbots/frodobots_raw/frodobots_data/output_rides_14/ride_31819_20240417083925
20240417085134,/projects/u6ex/fbots/frodobots_raw/frodobots_data/output_rides_14/ride_31824_20240417085134/recordings/b73ed452084367785415dfa6f13e203a_ride_31824__uid_s_1000__uid_e_video.m3u8,/projects/u6ex/fbots/frodobots_raw/frodobots_data/output_rides_14/ride_31824_20240417085134
20240417090910,/projects/u6ex/fbots/frodobots_raw/frodobots_data/output_rides_14/ride_31832_20240417090910/recordings/a345ef31e0493938b0e30e90ed9572b9_ride_31832__uid_s_1000__uid_e_video.m3u8,/projects/u6ex/fbots/frodobots_raw/frodobots_data/output_rides_14/ride_31832_20240417090910
20240417092801,/projects/u6ex/fbots/frodobots_raw/frodobots_data/output_rides_14/ride_31839_20240417092801/recordings/b1c4e1a8c44429307261b39c8a232cda_ride_31839__uid_s_1000__uid_e_video.m3u8,/projects/u6ex/fbots/frodobots_raw/frodobots_data/output_rides_14/ride_31839_20240417092801
20240417093408,/projects/u6ex/fbots/frodobots_raw/frodobots_data/output_rides_14/ride_31842_20240417093408/recordings/d5899d889443ea6ebf8611b72310283e_ride_31842__uid_s_1000__uid_e_video.m3u8,/projects/u6ex/fbots/frodobots_raw/frodobots_data/output_rides_14/ride_31842_20240417093408
20240417094704,/projects/u6ex/fbots/frodobots_raw/frodobots_data/output_rides_14/ride_31844_20240417094704/recordings/88a551296942193988cba4bda3a57208_ride_31844__uid_s_1000__uid_e_video.m3u8,/projects/u6ex/fbots/frodobots_raw/frodobots_data/output_rides_14/ride_31844_20240417094704
20240417114030,/projects/u6ex/fbots/frodobots_raw/frodobots_data/output_rides_14/ride_31865_20240417114030/recordings/26ba9d261c433101cfdc82b5f8c551b1_ride_31865__uid_s_1000__uid_e_video.m3u8,/projects/u6ex/fbots/frodobots_raw/frodobots_data/output_rides_14/ride_31865_20240417114030
20240417114636,/projects/u6ex/fbots/frodobots_raw/frodobots_data/output_rides_14/ride_31866_20240417114636/recordings/ef8114314d4713da2f52a7b8a70af4b3_ride_31866__uid_s_1000__uid_e_video.m3u8,/projects/u6ex/fbots/frodobots_raw/frodobots_data/output_rides_14/ride_31866_20240417114636
20240417120904,/projects/u6ex/fbots/frodobots_raw/frodobots_data/output_rides_14/ride_31879_20240417120904/recordings/58dbaf3c9349271c06f64cb322a62180_ride_31879__uid_s_1000__uid_e_video.m3u8,/projects/u6ex/fbots/frodobots_raw/frodobots_data/output_rides_14/ride_31879_20240417120904
20240417121604,/projects/u6ex/fbots/frodobots_raw/frodobots_data/output_rides_14/ride_31883_20240417121604/recordings/8dd6e2d3e5420ee2bd6d10b47758feb5_ride_31883__uid_s_1000__uid_e_video.m3u8,/projects/u6ex/fbots/frodobots_raw/frodobots_data/output_rides_14/ride_31883_20240417121604
20240417122557,/projects/u6ex/fbots/frodobots_raw/frodobots_data/output_rides_14/ride_31887_20240417122557/recordings/9047b154f64fe90fb16af6b8dd98939c_ride_31887__uid_s_1000__uid_e_video.m3u8,/projects/u6ex/fbots/frodobots_raw/frodobots_data/output_rides_14/ride_31887_20240417122557
20240417204109,/projects/u6ex/fbots/frodobots_raw/frodobots_data/output_rides_14/ride_31984_20240417204109/recordings/51f0b2d9bb48d3b078f0369deb6ad635_ride_31984__uid_s_1000__uid_e_video.m3u8,/projects/u6ex/fbots/frodobots_raw/frodobots_data/output_rides_14/ride_31984_20240417204109
20240417205415,/projects/u6ex/fbots/frodobots_raw/frodobots_data/output_rides_14/ride_31987_20240417205415/recordings/8a7e43320143012931daf4a31824ef76_ride_31987__uid_s_1000__uid_e_video.m3u8,/projects/u6ex/fbots/frodobots_raw/frodobots_data/output_rides_14/ride_31987_20240417205415
20240417210233,/projects/u6ex/fbots/frodobots_raw/frodobots_data/output_rides_14/ride_31989_20240417210233/recordings/fd44d8d54e4ae067e5468bb43ea05a05_ride_31989__uid_s_1000__uid_e_video.m3u8,/projects/u6ex/fbots/frodobots_raw/frodobots_data/output_rides_14/ride_31989_20240417210233
20240417211350,/projects/u6ex/fbots/frodobots_raw/frodobots_data/output_rides_14/ride_31990_20240417211350/recordings/75372a8ea6495dfcc6311cb31bb0d3c2_ride_31990__uid_s_1000__uid_e_video.m3u8,/projects/u6ex/fbots/frodobots_raw/frodobots_data/output_rides_14/ride_31990_20240417211350
20240418042149,/projects/u6ex/fbots/frodobots_raw/frodobots_data/output_rides_14/ride_32101_20240418042149/recordings/91230ff54a4d6ac423396a82bf237f2a_ride_32101__uid_s_1000__uid_e_video.m3u8,/projects/u6ex/fbots/frodobots_raw/frodobots_data/output_rides_14/ride_32101_20240418042149
20240418074247,/projects/u6ex/fbots/frodobots_raw/frodobots_data/output_rides_15/ride_32205_20240418074247/recordings/7f79d9a7d14c0a1c272d8ca3a5f4e745_ride_32205__uid_s_1000__uid_e_video.m3u8,/projects/u6ex/fbots/frodobots_raw/frodobots_data/output_rides_15/ride_32205_20240418074247
20240418080327,/projects/u6ex/fbots/frodobots_raw/frodobots_data/output_rides_15/ride_32217_20240418080327/recordings/ef889024894aff73743d96b17e296c3f_ride_32217__uid_s_1000__uid_e_video.m3u8,/projects/u6ex/fbots/frodobots_raw/frodobots_data/output_rides_15/ride_32217_20240418080327
20240418091002,/projects/u6ex/fbots/frodobots_raw/frodobots_data/output_rides_15/ride_32248_20240418091002/recordings/0ce9e7348a46c229a62505a009818938_ride_32248__uid_s_1000__uid_e_video.m3u8,/projects/u6ex/fbots/frodobots_raw/frodobots_data/output_rides_15/ride_32248_20240418091002
20240418091717,/projects/u6ex/fbots/frodobots_raw/frodobots_data/output_rides_15/ride_32250_20240418091717/recordings/177b349aec42d29827a3fe892fa62134_ride_32250__uid_s_1000__uid_e_video.m3u8,/projects/u6ex/fbots/frodobots_raw/frodobots_data/output_rides_15/ride_32250_20240418091717
20240418100148,/projects/u6ex/fbots/frodobots_raw/frodobots_data/output_rides_15/ride_32279_20240418100148/recordings/4ec543248c4b4d4527c706bd09a3fd96_ride_32279__uid_s_1000__uid_e_video.m3u8,/projects/u6ex/fbots/frodobots_raw/frodobots_data/output_rides_15/ride_32279_20240418100148
20240418103858,/projects/u6ex/fbots/frodobots_raw/frodobots_data/output_rides_15/ride_32296_20240418103858/recordings/01b7bbfc054936253b7350ac402dadd6_ride_32296__uid_s_1000__uid_e_video.m3u8,/projects/u6ex/fbots/frodobots_raw/frodobots_data/output_rides_15/ride_32296_20240418103858
20240418105707,/projects/u6ex/fbots/frodobots_raw/frodobots_data/output_rides_15/ride_32305_20240418105707/recordings/ee84b99f1242f54533448c8884839840_ride_32305__uid_s_1000__uid_e_video.m3u8,/projects/u6ex/fbots/frodobots_raw/frodobots_data/output_rides_15/ride_32305_20240418105707
20240418110426,/projects/u6ex/fbots/frodobots_raw/frodobots_data/output_rides_15/ride_32311_20240418110426/recordings/ae52e36ebd44dcaecd093c8fdc45c30a_ride_32311__uid_s_1000__uid_e_video.m3u8,/projects/u6ex/fbots/frodobots_raw/frodobots_data/output_rides_15/ride_32311_20240418110426
20240418112326,/projects/u6ex/fbots/frodobots_raw/frodobots_data/output_rides_15/ride_32320_20240418112326/recordings/8cb1775ddc45da7ea08e6e9643967b36_ride_32320__uid_s_1000__uid_e_video.m3u8,/projects/u6ex/fbots/frodobots_raw/frodobots_data/output_rides_15/ride_32320_20240418112326
20240418114050,/projects/u6ex/fbots/frodobots_raw/frodobots_data/output_rides_15/ride_32326_20240418114050/recordings/03e90b7d5940fe0e15bdd1956cd5c747_ride_32326__uid_s_1000__uid_e_video.m3u8,/projects/u6ex/fbots/frodobots_raw/frodobots_data/output_rides_15/ride_32326_20240418114050
20240418115115,/projects/u6ex/fbots/frodobots_raw/frodobots_data/output_rides_15/ride_32330_20240418115115/recordings/bc6ab6a47145506152091eb266b49beb_ride_32330__uid_s_1000__uid_e_video.m3u8,/projects/u6ex/fbots/frodobots_raw/frodobots_data/output_rides_15/ride_32330_20240418115115
20240418115354,/projects/u6ex/fbots/frodobots_raw/frodobots_data/output_rides_15/ride_32333_20240418115354/recordings/0b0ca437744efdcf223ee68ca021e27d_ride_32333__uid_s_1000__uid_e_video.m3u8,/projects/u6ex/fbots/frodobots_raw/frodobots_data/output_rides_15/ride_32333_20240418115354
20240419022612,/projects/u6ex/fbots/frodobots_raw/frodobots_data/output_rides_15/ride_32638_20240419022612/recordings/afd0ad3c4348b1c8455ac68970d43077_ride_32638__uid_s_1000__uid_e_video.m3u8,/projects/u6ex/fbots/frodobots_raw/frodobots_data/output_rides_15/ride_32638_20240419022612
20240419023903,/projects/u6ex/fbots/frodobots_raw/frodobots_data/output_rides_15/ride_32652_20240419023903/recordings/76c35560b74c6c9174a56589be2fe74b_ride_32652__uid_s_1000__uid_e_video.m3u8,/projects/u6ex/fbots/frodobots_raw/frodobots_data/output_rides_15/ride_32652_20240419023903
20240419074216,/projects/u6ex/fbots/frodobots_raw/frodobots_data/output_rides_15/ride_32737_20240419074216/recordings/dd04894b794b3cc9c0d8be9988eb4aa6_ride_32737__uid_s_1000__uid_e_video.m3u8,/projects/u6ex/fbots/frodobots_raw/frodobots_data/output_rides_15/ride_32737_20240419074216
20240419085357,/projects/u6ex/fbots/frodobots_raw/frodobots_data/output_rides_15/ride_32769_20240419085357/recordings/d0ae95453247e239cab26cacf26bfe8d_ride_32769__uid_s_1000__uid_e_video.m3u8,/projects/u6ex/fbots/frodobots_raw/frodobots_data/output_rides_15/ride_32769_20240419085357
20240419092103,/projects/u6ex/fbots/frodobots_raw/frodobots_data/output_rides_15/ride_32780_20240419092103/recordings/b0317469064d9e2c30075ea8f9cd193c_ride_32780__uid_s_1000__uid_e_video.m3u8,/projects/u6ex/fbots/frodobots_raw/frodobots_data/output_rides_15/ride_32780_20240419092103
20240419093708,/projects/u6ex/fbots/frodobots_raw/frodobots_data/output_rides_15/ride_32788_20240419093708/recordings/f5df5a1e324fc981b1e0a69122e69e71_ride_32788__uid_s_1000__uid_e_video.m3u8,/projects/u6ex/fbots/frodobots_raw/frodobots_data/output_rides_15/ride_32788_20240419093708
20240419094929,/projects/u6ex/fbots/frodobots_raw/frodobots_data/output_rides_15/ride_32799_20240419094929/recordings/ad548b45354b1915c8a3939a1ee0e5d9_ride_32799__uid_s_1000__uid_e_video.m3u8,/projects/u6ex/fbots/frodobots_raw/frodobots_data/output_rides_15/ride_32799_20240419094929
20240419101753,/projects/u6ex/fbots/frodobots_raw/frodobots_data/output_rides_15/ride_32816_20240419101753/recordings/c1273d2d854e60d27f757482dc8fa9a0_ride_32816__uid_s_1000__uid_e_video.m3u8,/projects/u6ex/fbots/frodobots_raw/frodobots_data/output_rides_15/ride_32816_20240419101753
20240421235622,/projects/u6ex/fbots/frodobots_raw/frodobots_data/output_rides_16/ride_33897_20240421235622/recordings/aa940b8b5a4f001692ff0eabc5781027_ride_33897__uid_s_1000__uid_e_video.m3u8,/projects/u6ex/fbots/frodobots_raw/frodobots_data/output_rides_16/ride_33897_20240421235622
20240422000417,/projects/u6ex/fbots/frodobots_raw/frodobots_data/output_rides_16/ride_33900_20240422000417/recordings/d1e100f49e445421e14c3a8417242f4e_ride_33900__uid_s_1000__uid_e_video.m3u8,/projects/u6ex/fbots/frodobots_raw/frodobots_data/output_rides_16/ride_33900_20240422000417
20240422000859,/projects/u6ex/fbots/frodobots_raw/frodobots_data/output_rides_16/ride_33902_20240422000859/recordings/12010736894da15c0cf812b944fd9ac0_ride_33902__uid_s_1000__uid_e_video.m3u8,/projects/u6ex/fbots/frodobots_raw/frodobots_data/output_rides_16/ride_33902_20240422000859
20240422001934,/projects/u6ex/fbots/frodobots_raw/frodobots_data/output_rides_16/ride_33905_20240422001934/recordings/12f936b3c44454b3cef2b194267e71c5_ride_33905__uid_s_1000__uid_e_video.m3u8,/projects/u6ex/fbots/frodobots_raw/frodobots_data/output_rides_16/ride_33905_20240422001934
20240422010644,/projects/u6ex/fbots/frodobots_raw/frodobots_data/output_rides_16/ride_33935_20240422010644/recordings/70e8045ea547d93e72434f9362f87821_ride_33935__uid_s_1000__uid_e_video.m3u8,/projects/u6ex/fbots/frodobots_raw/frodobots_data/output_rides_16/ride_33935_20240422010644
20240422011558,/projects/u6ex/fbots/frodobots_raw/frodobots_data/output_rides_16/ride_33942_20240422011558/recordings/6fc8089068482244f82d7d94fd6c9f4d_ride_33942__uid_s_1000__uid_e_video.m3u8,/projects/u6ex/fbots/frodobots_raw/frodobots_data/output_rides_16/ride_33942_20240422011558
20240422014036,/projects/u6ex/fbots/frodobots_raw/frodobots_data/output_rides_16/ride_33954_20240422014036/recordings/bf837e8ee140d4d8d0a025b2d4fb69fb_ride_33954__uid_s_1000__uid_e_video.m3u8,/projects/u6ex/fbots/frodobots_raw/frodobots_data/output_rides_16/ride_33954_20240422014036
20240422015033,/projects/u6ex/fbots/frodobots_raw/frodobots_data/output_rides_16/ride_33961_20240422015033/recordings/1f2e5b017c43bd3f926e1ab1d2e4958d_ride_33961__uid_s_1000__uid_e_video.m3u8,/projects/u6ex/fbots/frodobots_raw/frodobots_data/output_rides_16/ride_33961_20240422015033
20240422020203,/projects/u6ex/fbots/frodobots_raw/frodobots_data/output_rides_16/ride_33970_20240422020203/recordings/7bf0cfd7e948e52b1ccd92bd237b4c1a_ride_33970__uid_s_1000__uid_e_video.m3u8,/projects/u6ex/fbots/frodobots_raw/frodobots_data/output_rides_16/ride_33970_20240422020203
20240422023742,/projects/u6ex/fbots/frodobots_raw/frodobots_data/output_rides_16/ride_33987_20240422023742/recordings/3fdbcf26144ad94e2992d49ec5c0a65a_ride_33987__uid_s_1000__uid_e_video.m3u8,/projects/u6ex/fbots/frodobots_raw/frodobots_data/output_rides_16/ride_33987_20240422023742
20240422025400,/projects/u6ex/fbots/frodobots_raw/frodobots_data/output_rides_16/ride_33996_20240422025400/recordings/d50713df3549e42930059594179fc876_ride_33996__uid_s_1000__uid_e_video.m3u8,/projects/u6ex/fbots/frodobots_raw/frodobots_data/output_rides_16/ride_33996_20240422025400
20240422075720,/projects/u6ex/fbots/frodobots_raw/frodobots_data/output_rides_17/ride_34176_20240422075720/recordings/a96dd766814fb16df5c71498d5aa6bcf_ride_34176__uid_s_1000__uid_e_video.m3u8,/projects/u6ex/fbots/frodobots_raw/frodobots_data/output_rides_17/ride_34176_20240422075720
20240422081812,/projects/u6ex/fbots/frodobots_raw/frodobots_data/output_rides_17/ride_34185_20240422081812/recordings/e80a24ded24f6998210eab938c301cf8_ride_34185__uid_s_1000__uid_e_video.m3u8,/projects/u6ex/fbots/frodobots_raw/frodobots_data/output_rides_17/ride_34185_20240422081812
20240422111359,/projects/u6ex/fbots/frodobots_raw/frodobots_data/output_rides_17/ride_34251_20240422111359/recordings/4fb979b6154563bf395b8c8bdaa3271b_ride_34251__uid_s_1000__uid_e_video.m3u8,/projects/u6ex/fbots/frodobots_raw/frodobots_data/output_rides_17/ride_34251_20240422111359
20240422112340,/projects/u6ex/fbots/frodobots_raw/frodobots_data/output_rides_17/ride_34257_20240422112340/recordings/5c51297c8e484f56bb811d9425abb6e2_ride_34257__uid_s_1000__uid_e_video.m3u8,/projects/u6ex/fbots/frodobots_raw/frodobots_data/output_rides_17/ride_34257_20240422112340
20240422114422,/projects/u6ex/fbots/frodobots_raw/frodobots_data/output_rides_17/ride_34268_20240422114422/recordings/0be5f168fc43ae81b09f37b7688567a8_ride_34268__uid_s_1000__uid_e_video.m3u8,/projects/u6ex/fbots/frodobots_raw/frodobots_data/output_rides_17/ride_34268_20240422114422
20240422120247,/projects/u6ex/fbots/frodobots_raw/frodobots_data/output_rides_17/ride_34274_20240422120247/recordings/343b64c861401e15a1d35da19cfd7de3_ride_34274__uid_s_1000__uid_e_video.m3u8,/projects/u6ex/fbots/frodobots_raw/frodobots_data/output_rides_17/ride_34274_20240422120247
20240422121937,/projects/u6ex/fbots/frodobots_raw/frodobots_data/output_rides_17/ride_34281_20240422121937/recordings/796c7005f8440e4d6d92599d430525dd_ride_34281__uid_s_1000__uid_e_video.m3u8,/projects/u6ex/fbots/frodobots_raw/frodobots_data/output_rides_17/ride_34281_20240422121937
20240422122823,/projects/u6ex/fbots/frodobots_raw/frodobots_data/output_rides_17/ride_34287_20240422122823/recordings/5346905d984d2f16a96470a4fd376f04_ride_34287__uid_s_1000__uid_e_video.m3u8,/projects/u6ex/fbots/frodobots_raw/frodobots_data/output_rides_17/ride_34287_20240422122823
20240422220058,/projects/u6ex/fbots/frodobots_raw/frodobots_data/output_rides_17/ride_34472_20240422220058/recordings/33472dac3f42d62ce01982be96f18263_ride_34472__uid_s_1000__uid_e_video.m3u8,/projects/u6ex/fbots/frodobots_raw/frodobots_data/output_rides_17/ride_34472_20240422220058
20240422221208,/projects/u6ex/fbots/frodobots_raw/frodobots_data/output_rides_17/ride_34475_20240422221208/recordings/628142b8994c08cf469ce59d0c18a3bf_ride_34475__uid_s_1000__uid_e_video.m3u8,/projects/u6ex/fbots/frodobots_raw/frodobots_data/output_rides_17/ride_34475_20240422221208
20240422221441,/projects/u6ex/fbots/frodobots_raw/frodobots_data/output_rides_17/ride_34476_20240422221441/recordings/0890d120cd4bfa28440837b966971938_ride_34476__uid_s_1000__uid_e_video.m3u8,/projects/u6ex/fbots/frodobots_raw/frodobots_data/output_rides_17/ride_34476_20240422221441
20240422222058,/projects/u6ex/fbots/frodobots_raw/frodobots_data/output_rides_17/ride_34478_20240422222058/recordings/8dee48d8c041a53cbcc8a3aae7cd780e_ride_34478__uid_s_1000__uid_e_video.m3u8,/projects/u6ex/fbots/frodobots_raw/frodobots_data/output_rides_17/ride_34478_20240422222058
20240422222426,/projects/u6ex/fbots/frodobots_raw/frodobots_data/output_rides_17/ride_34480_20240422222426/recordings/54c98ba07f4b275c8aa3249351b11c2e_ride_34480__uid_s_1000__uid_e_video.m3u8,/projects/u6ex/fbots/frodobots_raw/frodobots_data/output_rides_17/ride_34480_20240422222426
20240422223036,/projects/u6ex/fbots/frodobots_raw/frodobots_data/output_rides_17/ride_34483_20240422223036/recordings/e4e82462f24403278ccbaba1ef3b40cd_ride_34483__uid_s_1000__uid_e_video.m3u8,/projects/u6ex/fbots/frodobots_raw/frodobots_data/output_rides_17/ride_34483_20240422223036
20240422223925,/projects/u6ex/fbots/frodobots_raw/frodobots_data/output_rides_17/ride_34485_20240422223925/recordings/ac5159a9c2467c1d5fcbba8c2835c7f0_ride_34485__uid_s_1000__uid_e_video.m3u8,/projects/u6ex/fbots/frodobots_raw/frodobots_data/output_rides_17/ride_34485_20240422223925
20240422225655,/projects/u6ex/fbots/frodobots_raw/frodobots_data/output_rides_17/ride_34488_20240422225655/recordings/7bff3c889b409fe7cf25ae97c6dbe29f_ride_34488__uid_s_1000__uid_e_video.m3u8,/projects/u6ex/fbots/frodobots_raw/frodobots_data/output_rides_17/ride_34488_20240422225655
20240422231326,/projects/u6ex/fbots/frodobots_raw/frodobots_data/output_rides_17/ride_34493_20240422231326/recordings/a8a1b508e64385d7c04a05bead97fa7d_ride_34493__uid_s_1000__uid_e_video.m3u8,/projects/u6ex/fbots/frodobots_raw/frodobots_data/output_rides_17/ride_34493_20240422231326
20240423000552,/projects/u6ex/fbots/frodobots_raw/frodobots_data/output_rides_17/ride_34501_20240423000552/recordings/ef7b2d092949512579a62581359979c1_ride_34501__uid_s_1000__uid_e_video.m3u8,/projects/u6ex/fbots/frodobots_raw/frodobots_data/output_rides_17/ride_34501_20240423000552
20240423001212,/projects/u6ex/fbots/frodobots_raw/frodobots_data/output_rides_17/ride_34504_20240423001212/recordings/b22ed482b948842f82fe5ab3a6cee54c_ride_34504__uid_s_1000__uid_e_video.m3u8,/projects/u6ex/fbots/frodobots_raw/frodobots_data/output_rides_17/ride_34504_20240423001212
20240423001917,/projects/u6ex/fbots/frodobots_raw/frodobots_data/output_rides_17/ride_34506_20240423001917/recordings/786205f4534205329a5cfc9d01853655_ride_34506__uid_s_1000__uid_e_video.m3u8,/projects/u6ex/fbots/frodobots_raw/frodobots_data/output_rides_17/ride_34506_20240423001917
20240423002656,/projects/u6ex/fbots/frodobots_raw/frodobots_data/output_rides_17/ride_34508_20240423002656/recordings/9d20ecdc8644f68f1312bd8aa0d0cfdf_ride_34508__uid_s_1000__uid_e_video.m3u8,/projects/u6ex/fbots/frodobots_raw/frodobots_data/output_rides_17/ride_34508_20240423002656
20240423003950,/projects/u6ex/fbots/frodobots_raw/frodobots_data/output_rides_17/ride_34511_20240423003950/recordings/e2efc149674d7a4f59799e93a4d687ba_ride_34511__uid_s_1000__uid_e_video.m3u8,/projects/u6ex/fbots/frodobots_raw/frodobots_data/output_rides_17/ride_34511_20240423003950
20240423004244,/projects/u6ex/fbots/frodobots_raw/frodobots_data/output_rides_17/ride_34514_20240423004244/recordings/db96adcdfe4bc0a9ffa1dbb812713362_ride_34514__uid_s_1000__uid_e_video.m3u8,/projects/u6ex/fbots/frodobots_raw/frodobots_data/output_rides_17/ride_34514_20240423004244
20240423005404,/projects/u6ex/fbots/frodobots_raw/frodobots_data/output_rides_17/ride_34517_20240423005404/recordings/534de1e7d04bee167db8e99ef2aa6e8d_ride_34517__uid_s_1000__uid_e_video.m3u8,/projects/u6ex/fbots/frodobots_raw/frodobots_data/output_rides_17/ride_34517_20240423005404
20240423010745,/projects/u6ex/fbots/frodobots_raw/frodobots_data/output_rides_17/ride_34522_20240423010745/recordings/67b236f2c04c24f380ea509792b1921a_ride_34522__uid_s_1000__uid_e_video.m3u8,/projects/u6ex/fbots/frodobots_raw/frodobots_data/output_rides_17/ride_34522_20240423010745
20240423022652,/projects/u6ex/fbots/frodobots_raw/frodobots_data/output_rides_17/ride_34546_20240423022652/recordings/d50d892235426eb8b6321789680b4a22_ride_34546__uid_s_1000__uid_e_video.m3u8,/projects/u6ex/fbots/frodobots_raw/frodobots_data/output_rides_17/ride_34546_20240423022652
20240423023234,/projects/u6ex/fbots/frodobots_raw/frodobots_data/output_rides_17/ride_34548_20240423023234/recordings/269187a2ea40d217e98590bf23e5d97f_ride_34548__uid_s_1000__uid_e_video.m3u8,/projects/u6ex/fbots/frodobots_raw/frodobots_data/output_rides_17/ride_34548_20240423023234
20240423024159,/projects/u6ex/fbots/frodobots_raw/frodobots_data/output_rides_17/ride_34554_20240423024159/recordings/c163fa9d1e445323cdb929925ca82fc5_ride_34554__uid_s_1000__uid_e_video.m3u8,/projects/u6ex/fbots/frodobots_raw/frodobots_data/output_rides_17/ride_34554_20240423024159
20240423025516,/projects/u6ex/fbots/frodobots_raw/frodobots_data/output_rides_17/ride_34560_20240423025516/recordings/99e7aefda64de1ffd90221b8532f8b96_ride_34560__uid_s_1000__uid_e_video.m3u8,/projects/u6ex/fbots/frodobots_raw/frodobots_data/output_rides_17/ride_34560_20240423025516
20240423041605,/projects/u6ex/fbots/frodobots_raw/frodobots_data/output_rides_17/ride_34593_20240423041605/recordings/b0027debd04917741ee2de983f8a26b9_ride_34593__uid_s_1000__uid_e_video.m3u8,/projects/u6ex/fbots/frodobots_raw/frodobots_data/output_rides_17/ride_34593_20240423041605
20240423042128,/projects/u6ex/fbots/frodobots_raw/frodobots_data/output_rides_17/ride_34596_20240423042128/recordings/9347d0d22f42f79e7f690e9ac9f1e4ab_ride_34596__uid_s_1000__uid_e_video.m3u8,/projects/u6ex/fbots/frodobots_raw/frodobots_data/output_rides_17/ride_34596_20240423042128
20240423043426,/projects/u6ex/fbots/frodobots_raw/frodobots_data/output_rides_17/ride_34599_20240423043426/recordings/e694d90fd342f2c1310bd58432acef5b_ride_34599__uid_s_1000__uid_e_video.m3u8,/projects/u6ex/fbots/frodobots_raw/frodobots_data/output_rides_17/ride_34599_20240423043426
20240423045431,/projects/u6ex/fbots/frodobots_raw/frodobots_data/output_rides_17/ride_34609_20240423045431/recordings/bd12b6ebd24b5f820ffe9595a1654ec0_ride_34609__uid_s_1000__uid_e_video.m3u8,/projects/u6ex/fbots/frodobots_raw/frodobots_data/output_rides_17/ride_34609_20240423045431
20240423050658,/projects/u6ex/fbots/frodobots_raw/frodobots_data/output_rides_17/ride_34610_20240423050658/recordings/c408147d554087fe7bcaf0a6325c2074_ride_34610__uid_s_1000__uid_e_video.m3u8,/projects/u6ex/fbots/frodobots_raw/frodobots_data/output_rides_17/ride_34610_20240423050658
20240423075510,/projects/u6ex/fbots/frodobots_raw/frodobots_data/output_rides_17/ride_34706_20240423075510/recordings/461959055f4b8c210e76a2a5680106e0_ride_34706__uid_s_1000__uid_e_video.m3u8,/projects/u6ex/fbots/frodobots_raw/frodobots_data/output_rides_17/ride_34706_20240423075510
20240423093132,/projects/u6ex/fbots/frodobots_raw/frodobots_data/output_rides_17/ride_34770_20240423093132/recordings/e66c9ca8f54c810460d2969738799257_ride_34770__uid_s_1000__uid_e_video.m3u8,/projects/u6ex/fbots/frodobots_raw/frodobots_data/output_rides_17/ride_34770_20240423093132
20240423094210,/projects/u6ex/fbots/frodobots_raw/frodobots_data/output_rides_17/ride_34777_20240423094210/recordings/1c30bbe33c4eca5bb6f1f0b246796396_ride_34777__uid_s_1000__uid_e_video.m3u8,/projects/u6ex/fbots/frodobots_raw/frodobots_data/output_rides_17/ride_34777_20240423094210
20240423095536,/projects/u6ex/fbots/frodobots_raw/frodobots_data/output_rides_17/ride_34783_20240423095536/recordings/f0a34d327642f691d8eab3aa6373654a_ride_34783__uid_s_1000__uid_e_video.m3u8,/projects/u6ex/fbots/frodobots_raw/frodobots_data/output_rides_17/ride_34783_20240423095536
20240423103558,/projects/u6ex/fbots/frodobots_raw/frodobots_data/output_rides_17/ride_34792_20240423103558/recordings/ff6faa22994d77ada83ac09f8065ee1f_ride_34792__uid_s_1000__uid_e_video.m3u8,/projects/u6ex/fbots/frodobots_raw/frodobots_data/output_rides_17/ride_34792_20240423103558
20240423105251,/projects/u6ex/fbots/frodobots_raw/frodobots_data/output_rides_17/ride_34801_20240423105251/recordings/ddfa014415452ac8d51591b6f1c962c5_ride_34801__uid_s_1000__uid_e_video.m3u8,/projects/u6ex/fbots/frodobots_raw/frodobots_data/output_rides_17/ride_34801_20240423105251
20240423105420,/projects/u6ex/fbots/frodobots_raw/frodobots_data/output_rides_17/ride_34803_20240423105420/recordings/7a475aee8643d9832c605ca66c72d079_ride_34803__uid_s_1000__uid_e_video.m3u8,/projects/u6ex/fbots/frodobots_raw/frodobots_data/output_rides_17/ride_34803_20240423105420
20240423115432,/projects/u6ex/fbots/frodobots_raw/frodobots_data/output_rides_17/ride_34829_20240423115432/recordings/002317bdfc4044d5235a03a03f8a34e2_ride_34829__uid_s_1000__uid_e_video.m3u8,/projects/u6ex/fbots/frodobots_raw/frodobots_data/output_rides_17/ride_34829_20240423115432
20240423224756,/projects/u6ex/fbots/frodobots_raw/frodobots_data/output_rides_17/ride_35030_20240423224756/recordings/58c64c15a745a393b7df0aa1dc8657d3_ride_35030__uid_s_1000__uid_e_video.m3u8,/projects/u6ex/fbots/frodobots_raw/frodobots_data/output_rides_17/ride_35030_20240423224756
20240423225305,/projects/u6ex/fbots/frodobots_raw/frodobots_data/output_rides_17/ride_35031_20240423225305/recordings/7b8cb645c0417ede57169194b9cac86a_ride_35031__uid_s_1000__uid_e_video.m3u8,/projects/u6ex/fbots/frodobots_raw/frodobots_data/output_rides_17/ride_35031_20240423225305
20240423230017,/projects/u6ex/fbots/frodobots_raw/frodobots_data/output_rides_17/ride_35032_20240423230017/recordings/a6f2a6f8da41c5b78cbd93a0968df7b4_ride_35032__uid_s_1000__uid_e_video.m3u8,/projects/u6ex/fbots/frodobots_raw/frodobots_data/output_rides_17/ride_35032_20240423230017
20240423230832,/projects/u6ex/fbots/frodobots_raw/frodobots_data/output_rides_17/ride_35033_20240423230832/recordings/084a1222de49e72a9c29f1949a8d8c53_ride_35033__uid_s_1000__uid_e_video.m3u8,/projects/u6ex/fbots/frodobots_raw/frodobots_data/output_rides_17/ride_35033_20240423230832
20240424000841,/projects/u6ex/fbots/frodobots_raw/frodobots_data/output_rides_17/ride_35037_20240424000841/recordings/2480f9114a48fa5fda53ddbc9352caab_ride_35037__uid_s_1000__uid_e_video.m3u8,/projects/u6ex/fbots/frodobots_raw/frodobots_data/output_rides_17/ride_35037_20240424000841
20240424001541,/projects/u6ex/fbots/frodobots_raw/frodobots_data/output_rides_17/ride_35042_20240424001541/recordings/9d3878b3ed44d776f30e14aecc0a53dc_ride_35042__uid_s_1000__uid_e_video.m3u8,/projects/u6ex/fbots/frodobots_raw/frodobots_data/output_rides_17/ride_35042_20240424001541
20240424002554,/projects/u6ex/fbots/frodobots_raw/frodobots_data/output_rides_17/ride_35046_20240424002554/recordings/54f4eb51184f2b9fd31594923a866f31_ride_35046__uid_s_1000__uid_e_video.m3u8,/projects/u6ex/fbots/frodobots_raw/frodobots_data/output_rides_17/ride_35046_20240424002554
20240424002801,/projects/u6ex/fbots/frodobots_raw/frodobots_data/output_rides_17/ride_35049_20240424002801/recordings/26f8f0f8164488519b40cc9940ea875a_ride_35049__uid_s_1000__uid_e_video.m3u8,/projects/u6ex/fbots/frodobots_raw/frodobots_data/output_rides_17/ride_35049_20240424002801
20240424003734,/projects/u6ex/fbots/frodobots_raw/frodobots_data/output_rides_17/ride_35051_20240424003734/recordings/675d85b84b40bb671ab2dca8c061668d_ride_35051__uid_s_1000__uid_e_video.m3u8,/projects/u6ex/fbots/frodobots_raw/frodobots_data/output_rides_17/ride_35051_20240424003734
20240424005209,/projects/u6ex/fbots/frodobots_raw/frodobots_data/output_rides_17/ride_35058_20240424005209/recordings/e006d82abb4cd5adab0de9b75ec2898c_ride_35058__uid_s_1000__uid_e_video.m3u8,/projects/u6ex/fbots/frodobots_raw/frodobots_data/output_rides_17/ride_35058_20240424005209
20240424014354,/projects/u6ex/fbots/frodobots_raw/frodobots_data/output_rides_17/ride_35088_20240424014354/recordings/5622dd484744fea4aaf596a5b8fabf79_ride_35088__uid_s_1000__uid_e_video.m3u8,/projects/u6ex/fbots/frodobots_raw/frodobots_data/output_rides_17/ride_35088_20240424014354
20240424020406,/projects/u6ex/fbots/frodobots_raw/frodobots_data/output_rides_17/ride_35097_20240424020406/recordings/800db00ec045345447ad79b34ceaba05_ride_35097__uid_s_1000__uid_e_video.m3u8,/projects/u6ex/fbots/frodobots_raw/frodobots_data/output_rides_17/ride_35097_20240424020406
20240424020906,/projects/u6ex/fbots/frodobots_raw/frodobots_data/output_rides_17/ride_35101_20240424020906/recordings/3cd3fa8d744efc466e9e288ddd8f3d1e_ride_35101__uid_s_1000__uid_e_video.m3u8,/projects/u6ex/fbots/frodobots_raw/frodobots_data/output_rides_17/ride_35101_20240424020906
20240424021727,/projects/u6ex/fbots/frodobots_raw/frodobots_data/output_rides_17/ride_35108_20240424021727/recordings/dbb1e13e1344f99f898f94936e0f6a4e_ride_35108__uid_s_1000__uid_e_video.m3u8,/projects/u6ex/fbots/frodobots_raw/frodobots_data/output_rides_17/ride_35108_20240424021727
20240424022849,/projects/u6ex/fbots/frodobots_raw/frodobots_data/output_rides_17/ride_35114_20240424022849/recordings/eaa6295b334fba921db83b8a9e70f7b5_ride_35114__uid_s_1000__uid_e_video.m3u8,/projects/u6ex/fbots/frodobots_raw/frodobots_data/output_rides_17/ride_35114_20240424022849
20240424030410,/projects/u6ex/fbots/frodobots_raw/frodobots_data/output_rides_17/ride_35124_20240424030410/recordings/cf146f35cf43aaf637613b94cf68b37e_ride_35124__uid_s_1000__uid_e_video.m3u8,/projects/u6ex/fbots/frodobots_raw/frodobots_data/output_rides_17/ride_35124_20240424030410
20240424030435,/projects/u6ex/fbots/frodobots_raw/frodobots_data/output_rides_17/ride_35125_20240424030435/recordings/926bd47a5b49c75471b1468d2dd5cd94_ride_35125__uid_s_1000__uid_e_video.m3u8,/projects/u6ex/fbots/frodobots_raw/frodobots_data/output_rides_17/ride_35125_20240424030435
20240424031245,/projects/u6ex/fbots/frodobots_raw/frodobots_data/output_rides_17/ride_35133_20240424031245/recordings/17ddffe6d943491ee283a9840d97c41e_ride_35133__uid_s_1000__uid_e_video.m3u8,/projects/u6ex/fbots/frodobots_raw/frodobots_data/output_rides_17/ride_35133_20240424031245
20240424033104,/projects/u6ex/fbots/frodobots_raw/frodobots_data/output_rides_17/ride_35139_20240424033104/recordings/5c05ad02e742c5e4848805965d53e49a_ride_35139__uid_s_1000__uid_e_video.m3u8,/projects/u6ex/fbots/frodobots_raw/frodobots_data/output_rides_17/ride_35139_20240424033104
20240424073442,/projects/u6ex/fbots/frodobots_raw/frodobots_data/output_rides_18/ride_35252_20240424073442/recordings/b9be74b2df465c3ef1fcf6b2cf2315d8_ride_35252__uid_s_1000__uid_e_video.m3u8,/projects/u6ex/fbots/frodobots_raw/frodobots_data/output_rides_18/ride_35252_20240424073442
20240424074353,/projects/u6ex/fbots/frodobots_raw/frodobots_data/output_rides_18/ride_35257_20240424074353/recordings/c1c0ec328b47bfa8d80b478860388443_ride_35257__uid_s_1000__uid_e_video.m3u8,/projects/u6ex/fbots/frodobots_raw/frodobots_data/output_rides_18/ride_35257_20240424074353
20240424082647,/projects/u6ex/fbots/frodobots_raw/frodobots_data/output_rides_18/ride_35278_20240424082647/recordings/8d906cbd0848bbaad14925947bfb09d1_ride_35278__uid_s_1000__uid_e_video.m3u8,/projects/u6ex/fbots/frodobots_raw/frodobots_data/output_rides_18/ride_35278_20240424082647
20240424090312,/projects/u6ex/fbots/frodobots_raw/frodobots_data/output_rides_18/ride_35298_20240424090312/recordings/97ee649a5f4161aa5c7c8fb822a35c3d_ride_35298__uid_s_1000__uid_e_video.m3u8,/projects/u6ex/fbots/frodobots_raw/frodobots_data/output_rides_18/ride_35298_20240424090312
20240424092714,/projects/u6ex/fbots/frodobots_raw/frodobots_data/output_rides_18/ride_35320_20240424092714/recordings/c999676f2d4265ad7bfdceb9035d6250_ride_35320__uid_s_1000__uid_e_video.m3u8,/projects/u6ex/fbots/frodobots_raw/frodobots_data/output_rides_18/ride_35320_20240424092714
20240424095030,/projects/u6ex/fbots/frodobots_raw/frodobots_data/output_rides_18/ride_35332_20240424095030/recordings/8f61c51e414746ad574f73b2499f0a06_ride_35332__uid_s_1000__uid_e_video.m3u8,/projects/u6ex/fbots/frodobots_raw/frodobots_data/output_rides_18/ride_35332_20240424095030
20240424112021,/projects/u6ex/fbots/frodobots_raw/frodobots_data/output_rides_18/ride_35382_20240424112021/recordings/a6555988f246f1bad7cbaaa16631c768_ride_35382__uid_s_1000__uid_e_video.m3u8,/projects/u6ex/fbots/frodobots_raw/frodobots_data/output_rides_18/ride_35382_20240424112021
20240424112625,/projects/u6ex/fbots/frodobots_raw/frodobots_data/output_rides_18/ride_35387_20240424112625/recordings/24ff31ff85441ed4768cc7b32d542342_ride_35387__uid_s_1000__uid_e_video.m3u8,/projects/u6ex/fbots/frodobots_raw/frodobots_data/output_rides_18/ride_35387_20240424112625
20240424113333,/projects/u6ex/fbots/frodobots_raw/frodobots_data/output_rides_18/ride_35392_20240424113333/recordings/b049bfd7ce44b08286a747b146792d3f_ride_35392__uid_s_1000__uid_e_video.m3u8,/projects/u6ex/fbots/frodobots_raw/frodobots_data/output_rides_18/ride_35392_20240424113333
20240424113442,/projects/u6ex/fbots/frodobots_raw/frodobots_data/output_rides_18/ride_35393_20240424113442/recordings/f878b65c734823627594628bed5d66a8_ride_35393__uid_s_1000__uid_e_video.m3u8,/projects/u6ex/fbots/frodobots_raw/frodobots_data/output_rides_18/ride_35393_20240424113442
20240425010128,/projects/u6ex/fbots/frodobots_raw/frodobots_data/output_rides_18/ride_35669_20240425010128/recordings/205d58732241e888fb6eb0b5c1985e5b_ride_35669__uid_s_1000__uid_e_video.m3u8,/projects/u6ex/fbots/frodobots_raw/frodobots_data/output_rides_18/ride_35669_20240425010128
20240425010842,/projects/u6ex/fbots/frodobots_raw/frodobots_data/output_rides_18/ride_35670_20240425010842/recordings/efcb22801444ef05dd4a84aa04785353_ride_35670__uid_s_1000__uid_e_video.m3u8,/projects/u6ex/fbots/frodobots_raw/frodobots_data/output_rides_18/ride_35670_20240425010842
20240425012704,/projects/u6ex/fbots/frodobots_raw/frodobots_data/output_rides_18/ride_35674_20240425012704/recordings/84a200e2aa4e9a432795f4aa5b98aa3f_ride_35674__uid_s_1000__uid_e_video.m3u8,/projects/u6ex/fbots/frodobots_raw/frodobots_data/output_rides_18/ride_35674_20240425012704
20240425013154,/projects/u6ex/fbots/frodobots_raw/frodobots_data/output_rides_18/ride_35676_20240425013154/recordings/81967317b148ef4c0b4894a0d79896c3_ride_35676__uid_s_1000__uid_e_video.m3u8,/projects/u6ex/fbots/frodobots_raw/frodobots_data/output_rides_18/ride_35676_20240425013154
20240425013852,/projects/u6ex/fbots/frodobots_raw/frodobots_data/output_rides_18/ride_35677_20240425013852/recordings/e82368a7e647e185b836eb90473285bf_ride_35677__uid_s_1000__uid_e_video.m3u8,/projects/u6ex/fbots/frodobots_raw/frodobots_data/output_rides_18/ride_35677_20240425013852
20240425015434,/projects/u6ex/fbots/frodobots_raw/frodobots_data/output_rides_18/ride_35679_20240425015434/recordings/30cca6dd2f4c73015623bc8f59834c68_ride_35679__uid_s_1000__uid_e_video.m3u8,/projects/u6ex/fbots/frodobots_raw/frodobots_data/output_rides_18/ride_35679_20240425015434
20240425015827,/projects/u6ex/fbots/frodobots_raw/frodobots_data/output_rides_18/ride_35682_20240425015827/recordings/9a13ee68c5450640d00506ac731772a4_ride_35682__uid_s_1000__uid_e_video.m3u8,/projects/u6ex/fbots/frodobots_raw/frodobots_data/output_rides_18/ride_35682_20240425015827
20240425015853,/projects/u6ex/fbots/frodobots_raw/frodobots_data/output_rides_18/ride_35683_20240425015853/recordings/23e0edd4464e06d1657d5cb1a4b6d264_ride_35683__uid_s_1000__uid_e_video.m3u8,/projects/u6ex/fbots/frodobots_raw/frodobots_data/output_rides_18/ride_35683_20240425015853
20240425021703,/projects/u6ex/fbots/frodobots_raw/frodobots_data/output_rides_18/ride_35691_20240425021703/recordings/2da71a73da4c3bd56388feac8a2cada4_ride_35691__uid_s_1000__uid_e_video.m3u8,/projects/u6ex/fbots/frodobots_raw/frodobots_data/output_rides_18/ride_35691_20240425021703
20240425022446,/projects/u6ex/fbots/frodobots_raw/frodobots_data/output_rides_18/ride_35692_20240425022446/recordings/075558815a4509aae2e403bc95bfeb26_ride_35692__uid_s_1000__uid_e_video.m3u8,/projects/u6ex/fbots/frodobots_raw/frodobots_data/output_rides_18/ride_35692_20240425022446
20240425024730,/projects/u6ex/fbots/frodobots_raw/frodobots_data/output_rides_18/ride_35704_20240425024730/recordings/ae8501ea83408039c8839d83898df04e_ride_35704__uid_s_1000__uid_e_video.m3u8,/projects/u6ex/fbots/frodobots_raw/frodobots_data/output_rides_18/ride_35704_20240425024730
20240425025935,/projects/u6ex/fbots/frodobots_raw/frodobots_data/output_rides_18/ride_35708_20240425025935/recordings/d8955c2bf34fcf866068e49d04910487_ride_35708__uid_s_1000__uid_e_video.m3u8,/projects/u6ex/fbots/frodobots_raw/frodobots_data/output_rides_18/ride_35708_20240425025935
20240425031935,/projects/u6ex/fbots/frodobots_raw/frodobots_data/output_rides_18/ride_35716_20240425031935/recordings/1a0c7c64b841a622b4a03abfe89e27ed_ride_35716__uid_s_1000__uid_e_video.m3u8,/projects/u6ex/fbots/frodobots_raw/frodobots_data/output_rides_18/ride_35716_20240425031935
20240425032614,/projects/u6ex/fbots/frodobots_raw/frodobots_data/output_rides_18/ride_35721_20240425032614/recordings/2c84b9186b4016562f68a1a9f2be2282_ride_35721__uid_s_1000__uid_e_video.m3u8,/projects/u6ex/fbots/frodobots_raw/frodobots_data/output_rides_18/ride_35721_20240425032614
20240425033112,/projects/u6ex/fbots/frodobots_raw/frodobots_data/output_rides_18/ride_35722_20240425033112/recordings/71d0ea0ac34d76bbeecbf8a4c63f1d05_ride_35722__uid_s_1000__uid_e_video.m3u8,/projects/u6ex/fbots/frodobots_raw/frodobots_data/output_rides_18/ride_35722_20240425033112
20240425033348,/projects/u6ex/fbots/frodobots_raw/frodobots_data/output_rides_18/ride_35723_20240425033348/recordings/f1574f26334bf1e304ad859347546abf_ride_35723__uid_s_1000__uid_e_video.m3u8,/projects/u6ex/fbots/frodobots_raw/frodobots_data/output_rides_18/ride_35723_20240425033348
20240425040344,/projects/u6ex/fbots/frodobots_raw/frodobots_data/output_rides_18/ride_35733_20240425040344/recordings/fa0374d0bc487eced2723cb62cff4711_ride_35733__uid_s_1000__uid_e_video.m3u8,/projects/u6ex/fbots/frodobots_raw/frodobots_data/output_rides_18/ride_35733_20240425040344
20240425040648,/projects/u6ex/fbots/frodobots_raw/frodobots_data/output_rides_18/ride_35734_20240425040648/recordings/8ebc1770ab4d7465ea83e88c5a8c752e_ride_35734__uid_s_1000__uid_e_video.m3u8,/projects/u6ex/fbots/frodobots_raw/frodobots_data/output_rides_18/ride_35734_20240425040648
20240425042919,/projects/u6ex/fbots/frodobots_raw/frodobots_data/output_rides_18/ride_35740_20240425042919/recordings/2e3a72e2e642cc81afed238371b1348e_ride_35740__uid_s_1000__uid_e_video.m3u8,/projects/u6ex/fbots/frodobots_raw/frodobots_data/output_rides_18/ride_35740_20240425042919
20240425061839,/projects/u6ex/fbots/frodobots_raw/frodobots_data/output_rides_18/ride_35772_20240425061839/recordings/91efcbfbe4412ded4f3753a90360940c_ride_35772__uid_s_1000__uid_e_video.m3u8,/projects/u6ex/fbots/frodobots_raw/frodobots_data/output_rides_18/ride_35772_20240425061839
20240425073744,/projects/u6ex/fbots/frodobots_raw/frodobots_data/output_rides_18/ride_35797_20240425073744/recordings/58ef2923424310aa6c3b93b253548d69_ride_35797__uid_s_1000__uid_e_video.m3u8,/projects/u6ex/fbots/frodobots_raw/frodobots_data/output_rides_18/ride_35797_20240425073744
20240425091420,/projects/u6ex/fbots/frodobots_raw/frodobots_data/output_rides_18/ride_35832_20240425091420/recordings/cc949f26984310bdb485dea130d61f85_ride_35832__uid_s_1000__uid_e_video.m3u8,/projects/u6ex/fbots/frodobots_raw/frodobots_data/output_rides_18/ride_35832_20240425091420
20240425092442,/projects/u6ex/fbots/frodobots_raw/frodobots_data/output_rides_18/ride_35839_20240425092442/recordings/36790c01dc455624c01d8e99c08b8225_ride_35839__uid_s_1000__uid_e_video.m3u8,/projects/u6ex/fbots/frodobots_raw/frodobots_data/output_rides_18/ride_35839_20240425092442
20240425094114,/projects/u6ex/fbots/frodobots_raw/frodobots_data/output_rides_18/ride_35846_20240425094114/recordings/4d33bbad1847545e603ee1a086a99e74_ride_35846__uid_s_1000__uid_e_video.m3u8,/projects/u6ex/fbots/frodobots_raw/frodobots_data/output_rides_18/ride_35846_20240425094114
20240425094913,/projects/u6ex/fbots/frodobots_raw/frodobots_data/output_rides_18/ride_35852_20240425094913/recordings/d1b7b54c30421da5247d6f94036f95cb_ride_35852__uid_s_1000__uid_e_video.m3u8,/projects/u6ex/fbots/frodobots_raw/frodobots_data/output_rides_18/ride_35852_20240425094913
20240425100548,/projects/u6ex/fbots/frodobots_raw/frodobots_data/output_rides_18/ride_35862_20240425100548/recordings/e1a05a6106428b42caccab846aa16e3e_ride_35862__uid_s_1000__uid_e_video.m3u8,/projects/u6ex/fbots/frodobots_raw/frodobots_data/output_rides_18/ride_35862_20240425100548
20240425102125,/projects/u6ex/fbots/frodobots_raw/frodobots_data/output_rides_18/ride_35873_20240425102125/recordings/fdea463aa14d1878971ca5b20552b75b_ride_35873__uid_s_1000__uid_e_video.m3u8,/projects/u6ex/fbots/frodobots_raw/frodobots_data/output_rides_18/ride_35873_20240425102125
20240425103207,/projects/u6ex/fbots/frodobots_raw/frodobots_data/output_rides_18/ride_35875_20240425103207/recordings/766c17dd9d4851158bed42a781d3d4f9_ride_35875__uid_s_1000__uid_e_video.m3u8,/projects/u6ex/fbots/frodobots_raw/frodobots_data/output_rides_18/ride_35875_20240425103207
20240425103947,/projects/u6ex/fbots/frodobots_raw/frodobots_data/output_rides_18/ride_35878_20240425103947/recordings/ebcb8f988d4e968abcb7fbbb8ac6f4ba_ride_35878__uid_s_1000__uid_e_video.m3u8,/projects/u6ex/fbots/frodobots_raw/frodobots_data/output_rides_18/ride_35878_20240425103947
20240425104343,/projects/u6ex/fbots/frodobots_raw/frodobots_data/output_rides_18/ride_35879_20240425104343/recordings/9b23b91ed9493098836423b0e68d0176_ride_35879__uid_s_1000__uid_e_video.m3u8,/projects/u6ex/fbots/frodobots_raw/frodobots_data/output_rides_18/ride_35879_20240425104343
20240425104942,/projects/u6ex/fbots/frodobots_raw/frodobots_data/output_rides_18/ride_35882_20240425104942/recordings/67ae944db94e3451e0405bbf1eb2559a_ride_35882__uid_s_1000__uid_e_video.m3u8,/projects/u6ex/fbots/frodobots_raw/frodobots_data/output_rides_18/ride_35882_20240425104942
20240425105705,/projects/u6ex/fbots/frodobots_raw/frodobots_data/output_rides_18/ride_35884_20240425105705/recordings/548ad6665e436e7cf33ffc84845aca16_ride_35884__uid_s_1000__uid_e_video.m3u8,/projects/u6ex/fbots/frodobots_raw/frodobots_data/output_rides_18/ride_35884_20240425105705
20240425110343,/projects/u6ex/fbots/frodobots_raw/frodobots_data/output_rides_18/ride_35892_20240425110343/recordings/08c399dfc14fdea8dad738b10678e8cc_ride_35892__uid_s_1000__uid_e_video.m3u8,/projects/u6ex/fbots/frodobots_raw/frodobots_data/output_rides_18/ride_35892_20240425110343
20240425111823,/projects/u6ex/fbots/frodobots_raw/frodobots_data/output_rides_18/ride_35896_20240425111823/recordings/4813595f5d4b2f27bb4048910c13aa3b_ride_35896__uid_s_1000__uid_e_video.m3u8,/projects/u6ex/fbots/frodobots_raw/frodobots_data/output_rides_18/ride_35896_20240425111823
20240425112356,/projects/u6ex/fbots/frodobots_raw/frodobots_data/output_rides_18/ride_35899_20240425112356/recordings/1ed943568846df50085087a5b6ab4762_ride_35899__uid_s_1000__uid_e_video.m3u8,/projects/u6ex/fbots/frodobots_raw/frodobots_data/output_rides_18/ride_35899_20240425112356
20240425113012,/projects/u6ex/fbots/frodobots_raw/frodobots_data/output_rides_18/ride_35903_20240425113012/recordings/f11b9b620c42865514dbe4a7714409aa_ride_35903__uid_s_1000__uid_e_video.m3u8,/projects/u6ex/fbots/frodobots_raw/frodobots_data/output_rides_18/ride_35903_20240425113012
20240425113831,/projects/u6ex/fbots/frodobots_raw/frodobots_data/output_rides_18/ride_35911_20240425113831/recordings/76d05d637b45fafb63dddea29f156604_ride_35911__uid_s_1000__uid_e_video.m3u8,/projects/u6ex/fbots/frodobots_raw/frodobots_data/output_rides_18/ride_35911_20240425113831
20240425114604,/projects/u6ex/fbots/frodobots_raw/frodobots_data/output_rides_18/ride_35913_20240425114604/recordings/1f12c5c488424df3f047d1b4ca1e072c_ride_35913__uid_s_1000__uid_e_video.m3u8,/projects/u6ex/fbots/frodobots_raw/frodobots_data/output_rides_18/ride_35913_20240425114604
20240425115402,/projects/u6ex/fbots/frodobots_raw/frodobots_data/output_rides_18/ride_35918_20240425115402/recordings/f9f220a36f4b1d9df5cabfb53418e296_ride_35918__uid_s_1000__uid_e_video.m3u8,/projects/u6ex/fbots/frodobots_raw/frodobots_data/output_rides_18/ride_35918_20240425115402
20240425235438,/projects/u6ex/fbots/frodobots_raw/frodobots_data/output_rides_18/ride_36078_20240425235438/recordings/3cf600872247b3fa1981969b3588996e_ride_36078__uid_s_1000__uid_e_video.m3u8,/projects/u6ex/fbots/frodobots_raw/frodobots_data/output_rides_18/ride_36078_20240425235438
20240426000451,/projects/u6ex/fbots/frodobots_raw/frodobots_data/output_rides_18/ride_36079_20240426000451/recordings/f54449100340c5e5dd4de4b1d030b4fb_ride_36079__uid_s_1000__uid_e_video.m3u8,/projects/u6ex/fbots/frodobots_raw/frodobots_data/output_rides_18/ride_36079_20240426000451
20240426010549,/projects/u6ex/fbots/frodobots_raw/frodobots_data/output_rides_18/ride_36094_20240426010549/recordings/68890af3c04eb8fd6451689f257479b1_ride_36094__uid_s_1000__uid_e_video.m3u8,/projects/u6ex/fbots/frodobots_raw/frodobots_data/output_rides_18/ride_36094_20240426010549
20240426015908,/projects/u6ex/fbots/frodobots_raw/frodobots_data/output_rides_18/ride_36115_20240426015908/recordings/f1f1c4c12c4301f25d5b958debdb4a17_ride_36115__uid_s_1000__uid_e_video.m3u8,/projects/u6ex/fbots/frodobots_raw/frodobots_data/output_rides_18/ride_36115_20240426015908
20240426021514,/projects/u6ex/fbots/frodobots_raw/frodobots_data/output_rides_18/ride_36117_20240426021514/recordings/090a27d15343d2d0680183a7624b072d_ride_36117__uid_s_1000__uid_e_video.m3u8,/projects/u6ex/fbots/frodobots_raw/frodobots_data/output_rides_18/ride_36117_20240426021514
20240426043036,/projects/u6ex/fbots/frodobots_raw/frodobots_data/output_rides_18/ride_36165_20240426043036/recordings/d576f0b2d54cf95650d98e8dea8b5aa6_ride_36165__uid_s_1000__uid_e_video.m3u8,/projects/u6ex/fbots/frodobots_raw/frodobots_data/output_rides_18/ride_36165_20240426043036
20240426043505,/projects/u6ex/fbots/frodobots_raw/frodobots_data/output_rides_18/ride_36167_20240426043505/recordings/ad9bd3c42e4334de57b76991496e16bf_ride_36167__uid_s_1000__uid_e_video.m3u8,/projects/u6ex/fbots/frodobots_raw/frodobots_data/output_rides_18/ride_36167_20240426043505
20240426044359,/projects/u6ex/fbots/frodobots_raw/frodobots_data/output_rides_19/ride_36171_20240426044359/recordings/77ea2da61b4e22a9517e33bbf2045525_ride_36171__uid_s_1000__uid_e_video.m3u8,/projects/u6ex/fbots/frodobots_raw/frodobots_data/output_rides_19/ride_36171_20240426044359
20240426044449,/projects/u6ex/fbots/frodobots_raw/frodobots_data/output_rides_19/ride_36174_20240426044449/recordings/d1d05ef92740dd5617280e8d8e0bf03d_ride_36174__uid_s_1000__uid_e_video.m3u8,/projects/u6ex/fbots/frodobots_raw/frodobots_data/output_rides_19/ride_36174_20240426044449
20240426045008,/projects/u6ex/fbots/frodobots_raw/frodobots_data/output_rides_19/ride_36177_20240426045008/recordings/020139007947314d58df1683f289f25b_ride_36177__uid_s_1000__uid_e_video.m3u8,/projects/u6ex/fbots/frodobots_raw/frodobots_data/output_rides_19/ride_36177_20240426045008
20240426045320,/projects/u6ex/fbots/frodobots_raw/frodobots_data/output_rides_19/ride_36179_20240426045320/recordings/3f3602f7274c66760b0be89c632f83e6_ride_36179__uid_s_1000__uid_e_video.m3u8,/projects/u6ex/fbots/frodobots_raw/frodobots_data/output_rides_19/ride_36179_20240426045320
20240426045358,/projects/u6ex/fbots/frodobots_raw/frodobots_data/output_rides_19/ride_36180_20240426045358/recordings/b59c5a1cd94bdc3f41ae91adb8e41695_ride_36180__uid_s_1000__uid_e_video.m3u8,/projects/u6ex/fbots/frodobots_raw/frodobots_data/output_rides_19/ride_36180_20240426045358
20240426050346,/projects/u6ex/fbots/frodobots_raw/frodobots_data/output_rides_19/ride_36187_20240426050346/recordings/932f39f935475ffc1ec20b8f283093a9_ride_36187__uid_s_1000__uid_e_video.m3u8,/projects/u6ex/fbots/frodobots_raw/frodobots_data/output_rides_19/ride_36187_20240426050346
20240426050543,/projects/u6ex/fbots/frodobots_raw/frodobots_data/output_rides_19/ride_36189_20240426050543/recordings/538f94f5f1474e88cef18cb37926d8c8_ride_36189__uid_s_1000__uid_e_video.m3u8,/projects/u6ex/fbots/frodobots_raw/frodobots_data/output_rides_19/ride_36189_20240426050543
20240426060450,/projects/u6ex/fbots/frodobots_raw/frodobots_data/output_rides_19/ride_36212_20240426060450/recordings/06dff370dd42d2565cdc16bf4fd03a3e_ride_36212__uid_s_1000__uid_e_video.m3u8,/projects/u6ex/fbots/frodobots_raw/frodobots_data/output_rides_19/ride_36212_20240426060450
20240426060947,/projects/u6ex/fbots/frodobots_raw/frodobots_data/output_rides_19/ride_36214_20240426060947/recordings/0cd19933154c7b4a9ea2fb93b5662382_ride_36214__uid_s_1000__uid_e_video.m3u8,/projects/u6ex/fbots/frodobots_raw/frodobots_data/output_rides_19/ride_36214_20240426060947
20240426063111,/projects/u6ex/fbots/frodobots_raw/frodobots_data/output_rides_19/ride_36217_20240426063111/recordings/e77dda283a4ab8ae988681b54e37f316_ride_36217__uid_s_1000__uid_e_video.m3u8,/projects/u6ex/fbots/frodobots_raw/frodobots_data/output_rides_19/ride_36217_20240426063111
20240426065157,/projects/u6ex/fbots/frodobots_raw/frodobots_data/output_rides_19/ride_36222_20240426065157/recordings/6f963f03ef4b2ba6c2d63bb3ac7f3db9_ride_36222__uid_s_1000__uid_e_video.m3u8,/projects/u6ex/fbots/frodobots_raw/frodobots_data/output_rides_19/ride_36222_20240426065157
20240426065932,/projects/u6ex/fbots/frodobots_raw/frodobots_data/output_rides_19/ride_36226_20240426065932/recordings/8da306be034dda44fdf9ca9579125381_ride_36226__uid_s_1000__uid_e_video.m3u8,/projects/u6ex/fbots/frodobots_raw/frodobots_data/output_rides_19/ride_36226_20240426065932
20240426065949,/projects/u6ex/fbots/frodobots_raw/frodobots_data/output_rides_19/ride_36227_20240426065949/recordings/501b67363c4348b14309b0b22526dd68_ride_36227__uid_s_1000__uid_e_video.m3u8,/projects/u6ex/fbots/frodobots_raw/frodobots_data/output_rides_19/ride_36227_20240426065949
20240426070552,/projects/u6ex/fbots/frodobots_raw/frodobots_data/output_rides_19/ride_36231_20240426070552/recordings/92c71e12e542fe5e3542de813e179c03_ride_36231__uid_s_1000__uid_e_video.m3u8,/projects/u6ex/fbots/frodobots_raw/frodobots_data/output_rides_19/ride_36231_20240426070552
20240426071523,/projects/u6ex/fbots/frodobots_raw/frodobots_data/output_rides_19/ride_36235_20240426071523/recordings/e48461209949baa8b21d9db8df98de56_ride_36235__uid_s_1000__uid_e_video.m3u8,/projects/u6ex/fbots/frodobots_raw/frodobots_data/output_rides_19/ride_36235_20240426071523
20240426075552,/projects/u6ex/fbots/frodobots_raw/frodobots_data/output_rides_19/ride_36245_20240426075552/recordings/634f55581247739260acfbacdafbb068_ride_36245__uid_s_1000__uid_e_video.m3u8,/projects/u6ex/fbots/frodobots_raw/frodobots_data/output_rides_19/ride_36245_20240426075552
20240426075726,/projects/u6ex/fbots/frodobots_raw/frodobots_data/output_rides_19/ride_36246_20240426075726/recordings/cff6813be74ae4f940d0f5bf2c2f70a4_ride_36246__uid_s_1000__uid_e_video.m3u8,/projects/u6ex/fbots/frodobots_raw/frodobots_data/output_rides_19/ride_36246_20240426075726
20240426080140,/projects/u6ex/fbots/frodobots_raw/frodobots_data/output_rides_19/ride_36247_20240426080140/recordings/72c6e049f443deb4ec3704b0bb83946e_ride_36247__uid_s_1000__uid_e_video.m3u8,/projects/u6ex/fbots/frodobots_raw/frodobots_data/output_rides_19/ride_36247_20240426080140
20240426080155,/projects/u6ex/fbots/frodobots_raw/frodobots_data/output_rides_19/ride_36248_20240426080155/recordings/f386b032c642c9dbe6eb9bb4d341f5ff_ride_36248__uid_s_1000__uid_e_video.m3u8,/projects/u6ex/fbots/frodobots_raw/frodobots_data/output_rides_19/ride_36248_20240426080155
20240426080313,/projects/u6ex/fbots/frodobots_raw/frodobots_data/output_rides_19/ride_36249_20240426080313/recordings/148480f9be47fab25ad7cab8e324979e_ride_36249__uid_s_1000__uid_e_video.m3u8,/projects/u6ex/fbots/frodobots_raw/frodobots_data/output_rides_19/ride_36249_20240426080313
20240426080545,/projects/u6ex/fbots/frodobots_raw/frodobots_data/output_rides_19/ride_36252_20240426080545/recordings/e7d25b65a546e1c08ee83db414d4bcb4_ride_36252__uid_s_1000__uid_e_video.m3u8,/projects/u6ex/fbots/frodobots_raw/frodobots_data/output_rides_19/ride_36252_20240426080545
20240426081231,/projects/u6ex/fbots/frodobots_raw/frodobots_data/output_rides_19/ride_36253_20240426081231/recordings/364c78a8214832ff41be6585256cc513_ride_36253__uid_s_1000__uid_e_video.m3u8,/projects/u6ex/fbots/frodobots_raw/frodobots_data/output_rides_19/ride_36253_20240426081231
20240426081258,/projects/u6ex/fbots/frodobots_raw/frodobots_data/output_rides_19/ride_36254_20240426081258/recordings/43b7d1322c4af22df852c79835fd4dbc_ride_36254__uid_s_1000__uid_e_video.m3u8,/projects/u6ex/fbots/frodobots_raw/frodobots_data/output_rides_19/ride_36254_20240426081258
20240426081355,/projects/u6ex/fbots/frodobots_raw/frodobots_data/output_rides_19/ride_36258_20240426081355/recordings/7608fafc274f0c4e6ee08782d0b30755_ride_36258__uid_s_1000__uid_e_video.m3u8,/projects/u6ex/fbots/frodobots_raw/frodobots_data/output_rides_19/ride_36258_20240426081355
20240426081939,/projects/u6ex/fbots/frodobots_raw/frodobots_data/output_rides_19/ride_36259_20240426081939/recordings/fd4374f5d54495329b1448991d3657e4_ride_36259__uid_s_1000__uid_e_video.m3u8,/projects/u6ex/fbots/frodobots_raw/frodobots_data/output_rides_19/ride_36259_20240426081939
20240426083350,/projects/u6ex/fbots/frodobots_raw/frodobots_data/output_rides_19/ride_36267_20240426083350/recordings/b0f1e8fa694e3ecda05a61aceffa0921_ride_36267__uid_s_1000__uid_e_video.m3u8,/projects/u6ex/fbots/frodobots_raw/frodobots_data/output_rides_19/ride_36267_20240426083350
20240426083424,/projects/u6ex/fbots/frodobots_raw/frodobots_data/output_rides_19/ride_36269_20240426083424/recordings/50febcf58d413f6d7adb9a9a499f5eae_ride_36269__uid_s_1000__uid_e_video.m3u8,/projects/u6ex/fbots/frodobots_raw/frodobots_data/output_rides_19/ride_36269_20240426083424
20240426084403,/projects/u6ex/fbots/frodobots_raw/frodobots_data/output_rides_19/ride_36275_20240426084403/recordings/7605d12c574b228bf9f1f384394497f2_ride_36275__uid_s_1000__uid_e_video.m3u8,/projects/u6ex/fbots/frodobots_raw/frodobots_data/output_rides_19/ride_36275_20240426084403
20240426084638,/projects/u6ex/fbots/frodobots_raw/frodobots_data/output_rides_19/ride_36280_20240426084638/recordings/963a211738483254713010a5b38b7098_ride_36280__uid_s_1000__uid_e_video.m3u8,/projects/u6ex/fbots/frodobots_raw/frodobots_data/output_rides_19/ride_36280_20240426084638
20240426084825,/projects/u6ex/fbots/frodobots_raw/frodobots_data/output_rides_19/ride_36283_20240426084825/recordings/faef454e724bf6509f6d9db443b60698_ride_36283__uid_s_1000__uid_e_video.m3u8,/projects/u6ex/fbots/frodobots_raw/frodobots_data/output_rides_19/ride_36283_20240426084825
20240426084842,/projects/u6ex/fbots/frodobots_raw/frodobots_data/output_rides_19/ride_36284_20240426084842/recordings/a0664a0f0c423702a6c8b5ab5e9be41a_ride_36284__uid_s_1000__uid_e_video.m3u8,/projects/u6ex/fbots/frodobots_raw/frodobots_data/output_rides_19/ride_36284_20240426084842
20240426085937,/projects/u6ex/fbots/frodobots_raw/frodobots_data/output_rides_19/ride_36290_20240426085937/recordings/53add5ab504ccf44d590fa8c5518cc59_ride_36290__uid_s_1000__uid_e_video.m3u8,/projects/u6ex/fbots/frodobots_raw/frodobots_data/output_rides_19/ride_36290_20240426085937
20240426090033,/projects/u6ex/fbots/frodobots_raw/frodobots_data/output_rides_19/ride_36291_20240426090033/recordings/a9063aa5084437efe37954bdff75b29b_ride_36291__uid_s_1000__uid_e_video.m3u8,/projects/u6ex/fbots/frodobots_raw/frodobots_data/output_rides_19/ride_36291_20240426090033
20240426115809,/projects/u6ex/fbots/frodobots_raw/frodobots_data/output_rides_19/ride_36320_20240426115809/recordings/f5510ef2eb419e9736afba836385ddab_ride_36320__uid_s_1000__uid_e_video.m3u8,/projects/u6ex/fbots/frodobots_raw/frodobots_data/output_rides_19/ride_36320_20240426115809
20240426123132,/projects/u6ex/fbots/frodobots_raw/frodobots_data/output_rides_19/ride_36327_20240426123132/recordings/34c1096e4247267e34bf3b8f744baace_ride_36327__uid_s_1000__uid_e_video.m3u8,/projects/u6ex/fbots/frodobots_raw/frodobots_data/output_rides_19/ride_36327_20240426123132
20240426124146,/projects/u6ex/fbots/frodobots_raw/frodobots_data/output_rides_19/ride_36331_20240426124146/recordings/55c05fc23c46d3936e63168960358659_ride_36331__uid_s_1000__uid_e_video.m3u8,/projects/u6ex/fbots/frodobots_raw/frodobots_data/output_rides_19/ride_36331_20240426124146
20240426130056,/projects/u6ex/fbots/frodobots_raw/frodobots_data/output_rides_19/ride_36335_20240426130056/recordings/bff620b8dc4958c2898a40870c000ae1_ride_36335__uid_s_1000__uid_e_video.m3u8,/projects/u6ex/fbots/frodobots_raw/frodobots_data/output_rides_19/ride_36335_20240426130056
20240426131331,/projects/u6ex/fbots/frodobots_raw/frodobots_data/output_rides_19/ride_36339_20240426131331/recordings/0037de395841268b10be488b527e2eac_ride_36339__uid_s_1000__uid_e_video.m3u8,/projects/u6ex/fbots/frodobots_raw/frodobots_data/output_rides_19/ride_36339_20240426131331
20240426132647,/projects/u6ex/fbots/frodobots_raw/frodobots_data/output_rides_19/ride_36346_20240426132647/recordings/b9673b008644e04ebcca458393a3fe03_ride_36346__uid_s_1000__uid_e_video.m3u8,/projects/u6ex/fbots/frodobots_raw/frodobots_data/output_rides_19/ride_36346_20240426132647
20240426134332,/projects/u6ex/fbots/frodobots_raw/frodobots_data/output_rides_19/ride_36348_20240426134332/recordings/ebd734014144386e88978082924e576c_ride_36348__uid_s_1000__uid_e_video.m3u8,/projects/u6ex/fbots/frodobots_raw/frodobots_data/output_rides_19/ride_36348_20240426134332
20240426134958,/projects/u6ex/fbots/frodobots_raw/frodobots_data/output_rides_19/ride_36350_20240426134958/recordings/6bf493fa5e41ea3df49ce2be7d000a1f_ride_36350__uid_s_1000__uid_e_video.m3u8,/projects/u6ex/fbots/frodobots_raw/frodobots_data/output_rides_19/ride_36350_20240426134958
20240426140227,/projects/u6ex/fbots/frodobots_raw/frodobots_data/output_rides_19/ride_36352_20240426140227/recordings/7195a6ecdb47fd6b311ae093a9dba53c_ride_36352__uid_s_1000__uid_e_video.m3u8,/projects/u6ex/fbots/frodobots_raw/frodobots_data/output_rides_19/ride_36352_20240426140227
20240426150316,/projects/u6ex/fbots/frodobots_raw/frodobots_data/output_rides_19/ride_36366_20240426150316/recordings/61f459cee54750eaedb7f3ab0ce6d8f3_ride_36366__uid_s_1000__uid_e_video.m3u8,/projects/u6ex/fbots/frodobots_raw/frodobots_data/output_rides_19/ride_36366_20240426150316
20240426151614,/projects/u6ex/fbots/frodobots_raw/frodobots_data/output_rides_19/ride_36368_20240426151614/recordings/94c364f656446388b66cdc8478def1bd_ride_36368__uid_s_1000__uid_e_video.m3u8,/projects/u6ex/fbots/frodobots_raw/frodobots_data/output_rides_19/ride_36368_20240426151614
20240426152658,/projects/u6ex/fbots/frodobots_raw/frodobots_data/output_rides_19/ride_36373_20240426152658/recordings/0d1849d7c24aae3a9018de9a58cb8aec_ride_36373__uid_s_1000__uid_e_video.m3u8,/projects/u6ex/fbots/frodobots_raw/frodobots_data/output_rides_19/ride_36373_20240426152658
20240427034637,/projects/u6ex/fbots/frodobots_raw/frodobots_data/output_rides_19/ride_36567_20240427034637/recordings/05cc30c61541edd112bd7c8cc4e876f7_ride_36567__uid_s_1000__uid_e_video.m3u8,/projects/u6ex/fbots/frodobots_raw/frodobots_data/output_rides_19/ride_36567_20240427034637
20240427053127,/projects/u6ex/fbots/frodobots_raw/frodobots_data/output_rides_19/ride_36577_20240427053127/recordings/44f7d0e2894df063dd660598b6da33de_ride_36577__uid_s_1000__uid_e_video.m3u8,/projects/u6ex/fbots/frodobots_raw/frodobots_data/output_rides_19/ride_36577_20240427053127
20240427053814,/projects/u6ex/fbots/frodobots_raw/frodobots_data/output_rides_19/ride_36580_20240427053814/recordings/f4585ffa2d49cb8b3a87149b65dccde1_ride_36580__uid_s_1000__uid_e_video.m3u8,/projects/u6ex/fbots/frodobots_raw/frodobots_data/output_rides_19/ride_36580_20240427053814
20240427062448,/projects/u6ex/fbots/frodobots_raw/frodobots_data/output_rides_19/ride_36587_20240427062448/recordings/18c91c559549160f3d1599a366c3d2b7_ride_36587__uid_s_1000__uid_e_video.m3u8,/projects/u6ex/fbots/frodobots_raw/frodobots_data/output_rides_19/ride_36587_20240427062448
20240427063104,/projects/u6ex/fbots/frodobots_raw/frodobots_data/output_rides_19/ride_36589_20240427063104/recordings/0d35b444834bd386d523a9875ef6e13e_ride_36589__uid_s_1000__uid_e_video.m3u8,/projects/u6ex/fbots/frodobots_raw/frodobots_data/output_rides_19/ride_36589_20240427063104
20240427070219,/projects/u6ex/fbots/frodobots_raw/frodobots_data/output_rides_19/ride_36596_20240427070219/recordings/5a5060faea4d6ff3908a7388805049e6_ride_36596__uid_s_1000__uid_e_video.m3u8,/projects/u6ex/fbots/frodobots_raw/frodobots_data/output_rides_19/ride_36596_20240427070219
20240427071237,/projects/u6ex/fbots/frodobots_raw/frodobots_data/output_rides_19/ride_36598_20240427071237/recordings/a4d03b36f940e268759a5a94d30fc383_ride_36598__uid_s_1000__uid_e_video.m3u8,/projects/u6ex/fbots/frodobots_raw/frodobots_data/output_rides_19/ride_36598_20240427071237
20240427210703,/projects/u6ex/fbots/frodobots_raw/frodobots_data/output_rides_19/ride_36830_20240427210703/recordings/81e7edbb0d4819db2eb1168a11430372_ride_36830__uid_s_1000__uid_e_video.m3u8,/projects/u6ex/fbots/frodobots_raw/frodobots_data/output_rides_19/ride_36830_20240427210703
20240427223605,/projects/u6ex/fbots/frodobots_raw/frodobots_data/output_rides_19/ride_36835_20240427223605/recordings/232ab29d594dce1afcdcb3afe67723c6_ride_36835__uid_s_1000__uid_e_video.m3u8,/projects/u6ex/fbots/frodobots_raw/frodobots_data/output_rides_19/ride_36835_20240427223605
20240427232024,/projects/u6ex/fbots/frodobots_raw/frodobots_data/output_rides_19/ride_36840_20240427232024/recordings/5a9f5b3c5945a1ef6b11b981cd38b1e3_ride_36840__uid_s_1000__uid_e_video.m3u8,/projects/u6ex/fbots/frodobots_raw/frodobots_data/output_rides_19/ride_36840_20240427232024
20240427232327,/projects/u6ex/fbots/frodobots_raw/frodobots_data/output_rides_19/ride_36841_20240427232327/recordings/fbb403d9d74e5dadb4765db97c77bb3a_ride_36841__uid_s_1000__uid_e_video.m3u8,/projects/u6ex/fbots/frodobots_raw/frodobots_data/output_rides_19/ride_36841_20240427232327
20240427232730,/projects/u6ex/fbots/frodobots_raw/frodobots_data/output_rides_19/ride_36842_20240427232730/recordings/de21deb82c407126df79a78f049b0573_ride_36842__uid_s_1000__uid_e_video.m3u8,/projects/u6ex/fbots/frodobots_raw/frodobots_data/output_rides_19/ride_36842_20240427232730
20240428054807,/projects/u6ex/fbots/frodobots_raw/frodobots_data/output_rides_19/ride_36922_20240428054807/recordings/4c6f0886e34411023d6f0facabd0d33f_ride_36922__uid_s_1000__uid_e_video.m3u8,/projects/u6ex/fbots/frodobots_raw/frodobots_data/output_rides_19/ride_36922_20240428054807
20240428061738,/projects/u6ex/fbots/frodobots_raw/frodobots_data/output_rides_19/ride_36931_20240428061738/recordings/e9eb18bdd14ea148946614b46a891ca0_ride_36931__uid_s_1000__uid_e_video.m3u8,/projects/u6ex/fbots/frodobots_raw/frodobots_data/output_rides_19/ride_36931_20240428061738
20240229204010,/projects/u6ex/fbots/frodobots_raw/frodobots_data/output_rides_2/ride_19562_20240229204010/recordings/5e1272cac146f6de7988dca5725e8b02_ride_19562__uid_s_1000__uid_e_video.m3u8,/projects/u6ex/fbots/frodobots_raw/frodobots_data/output_rides_2/ride_19562_20240229204010
20240301022049,/projects/u6ex/fbots/frodobots_raw/frodobots_data/output_rides_2/ride_19579_20240301022049/recordings/b8bbe3324f479e00c7dc36a2b4d0bc3c_ride_19579__uid_s_1000__uid_e_video.m3u8,/projects/u6ex/fbots/frodobots_raw/frodobots_data/output_rides_2/ride_19579_20240301022049
20240301022433,/projects/u6ex/fbots/frodobots_raw/frodobots_data/output_rides_2/ride_19582_20240301022433/recordings/294a4f1aff4d9199db2474b9e3b677f1_ride_19582__uid_s_1000__uid_e_video.m3u8,/projects/u6ex/fbots/frodobots_raw/frodobots_data/output_rides_2/ride_19582_20240301022433
20240301033558,/projects/u6ex/fbots/frodobots_raw/frodobots_data/output_rides_2/ride_19601_20240301033558/recordings/ca0f59463740a4891210599e4f0a868a_ride_19601__uid_s_1000__uid_e_video.m3u8,/projects/u6ex/fbots/frodobots_raw/frodobots_data/output_rides_2/ride_19601_20240301033558
20240301041631,/projects/u6ex/fbots/frodobots_raw/frodobots_data/output_rides_2/ride_19611_20240301041631/recordings/b669cb86f14e21915327adbca8cdd38e_ride_19611__uid_s_1000__uid_e_video.m3u8,/projects/u6ex/fbots/frodobots_raw/frodobots_data/output_rides_2/ride_19611_20240301041631
20240301042602,/projects/u6ex/fbots/frodobots_raw/frodobots_data/output_rides_2/ride_19613_20240301042602/recordings/ce9ff556034a7f46fc0aa5a803b0b73c_ride_19613__uid_s_1000__uid_e_video.m3u8,/projects/u6ex/fbots/frodobots_raw/frodobots_data/output_rides_2/ride_19613_20240301042602
20240301043148,/projects/u6ex/fbots/frodobots_raw/frodobots_data/output_rides_2/ride_19614_20240301043148/recordings/bd1969bc8b4464d086c2f9b5356d31c6_ride_19614__uid_s_1000__uid_e_video.m3u8,/projects/u6ex/fbots/frodobots_raw/frodobots_data/output_rides_2/ride_19614_20240301043148
20240301084501,/projects/u6ex/fbots/frodobots_raw/frodobots_data/output_rides_2/ride_19620_20240301084501/recordings/e33603ca6141430f2b867990369842de_ride_19620__uid_s_1000__uid_e_video.m3u8,/projects/u6ex/fbots/frodobots_raw/frodobots_data/output_rides_2/ride_19620_20240301084501
20240301085409,/projects/u6ex/fbots/frodobots_raw/frodobots_data/output_rides_2/ride_19621_20240301085409/recordings/c286cb0c4c448e4304273ab8c5a6de0e_ride_19621__uid_s_1000__uid_e_video.m3u8,/projects/u6ex/fbots/frodobots_raw/frodobots_data/output_rides_2/ride_19621_20240301085409
20240301091914,/projects/u6ex/fbots/frodobots_raw/frodobots_data/output_rides_2/ride_19623_20240301091914/recordings/1816f6a09e4e880b4f561e908e67bbe0_ride_19623__uid_s_1000__uid_e_video.m3u8,/projects/u6ex/fbots/frodobots_raw/frodobots_data/output_rides_2/ride_19623_20240301091914
20240302014430,/projects/u6ex/fbots/frodobots_raw/frodobots_data/output_rides_2/ride_19697_20240302014430/recordings/3ad872737a47c5fec23dad8d5139ad10_ride_19697__uid_s_1000__uid_e_video.m3u8,/projects/u6ex/fbots/frodobots_raw/frodobots_data/output_rides_2/ride_19697_20240302014430
20240302020420,/projects/u6ex/fbots/frodobots_raw/frodobots_data/output_rides_2/ride_19698_20240302020420/recordings/83a79ec5cb48f0e81b6e04bf7b5443b5_ride_19698__uid_s_1000__uid_e_video.m3u8,/projects/u6ex/fbots/frodobots_raw/frodobots_data/output_rides_2/ride_19698_20240302020420
20240302031120,/projects/u6ex/fbots/frodobots_raw/frodobots_data/output_rides_2/ride_19715_20240302031120/recordings/1923aeeecb48dea5e2748bbe9942dce1_ride_19715__uid_s_1000__uid_e_video.m3u8,/projects/u6ex/fbots/frodobots_raw/frodobots_data/output_rides_2/ride_19715_20240302031120
20240302044445,/projects/u6ex/fbots/frodobots_raw/frodobots_data/output_rides_2/ride_19721_20240302044445/recordings/93f1e89372495533645b3a899475cce0_ride_19721__uid_s_1000__uid_e_video.m3u8,/projects/u6ex/fbots/frodobots_raw/frodobots_data/output_rides_2/ride_19721_20240302044445
20240302045552,/projects/u6ex/fbots/frodobots_raw/frodobots_data/output_rides_2/ride_19722_20240302045552/recordings/f02d75774e410d32c97464b69dc2939c_ride_19722__uid_s_1000__uid_e_video.m3u8,/projects/u6ex/fbots/frodobots_raw/frodobots_data/output_rides_2/ride_19722_20240302045552
20240302050631,/projects/u6ex/fbots/frodobots_raw/frodobots_data/output_rides_2/ride_19723_20240302050631/recordings/206a610e544466c67d29abb6011e0924_ride_19723__uid_s_1000__uid_e_video.m3u8,/projects/u6ex/fbots/frodobots_raw/frodobots_data/output_rides_2/ride_19723_20240302050631
20240302052223,/projects/u6ex/fbots/frodobots_raw/frodobots_data/output_rides_2/ride_19724_20240302052223/recordings/b47377cc074a98d387c2dd8a435b1cf7_ride_19724__uid_s_1000__uid_e_video.m3u8,/projects/u6ex/fbots/frodobots_raw/frodobots_data/output_rides_2/ride_19724_20240302052223
20240302054615,/projects/u6ex/fbots/frodobots_raw/frodobots_data/output_rides_2/ride_19725_20240302054615/recordings/3dc1965a25470d135fce71b7de94073d_ride_19725__uid_s_1000__uid_e_video.m3u8,/projects/u6ex/fbots/frodobots_raw/frodobots_data/output_rides_2/ride_19725_20240302054615
20240302062323,/projects/u6ex/fbots/frodobots_raw/frodobots_data/output_rides_2/ride_19727_20240302062323/recordings/768dc1ebc04952f1e1e3539b3d140596_ride_19727__uid_s_1000__uid_e_video.m3u8,/projects/u6ex/fbots/frodobots_raw/frodobots_data/output_rides_2/ride_19727_20240302062323
20240302065307,/projects/u6ex/fbots/frodobots_raw/frodobots_data/output_rides_2/ride_19733_20240302065307/recordings/dd8a03095c4618b8725a6abd72e0e305_ride_19733__uid_s_1000__uid_e_video.m3u8,/projects/u6ex/fbots/frodobots_raw/frodobots_data/output_rides_2/ride_19733_20240302065307
20240302094501,/projects/u6ex/fbots/frodobots_raw/frodobots_data/output_rides_2/ride_19740_20240302094501/recordings/cec2e5f4ed421f1eeb65379abcdc2d19_ride_19740__uid_s_1000__uid_e_video.m3u8,/projects/u6ex/fbots/frodobots_raw/frodobots_data/output_rides_2/ride_19740_20240302094501
20240302203019,/projects/u6ex/fbots/frodobots_raw/frodobots_data/output_rides_2/ride_19766_20240302203019/recordings/6b9cb103f546d36c09c770a1981f9c06_frodobot_ee0a18__uid_s_1000__uid_e_video.m3u8,/projects/u6ex/fbots/frodobots_raw/frodobots_data/output_rides_2/ride_19766_20240302203019
20240302203615,/projects/u6ex/fbots/frodobots_raw/frodobots_data/output_rides_2/ride_19768_20240302203615/recordings/acf39956c5427264f03ccabfbe5c0580_ride_19768__uid_s_1000__uid_e_video.m3u8,/projects/u6ex/fbots/frodobots_raw/frodobots_data/output_rides_2/ride_19768_20240302203615
20240303045451,/projects/u6ex/fbots/frodobots_raw/frodobots_data/output_rides_2/ride_19781_20240303045451/recordings/0d08f679fe49d78cdbdb6d9154f70338_ride_19781__uid_s_1000__uid_e_video.m3u8,/projects/u6ex/fbots/frodobots_raw/frodobots_data/output_rides_2/ride_19781_20240303045451
20240303051404,/projects/u6ex/fbots/frodobots_raw/frodobots_data/output_rides_2/ride_19788_20240303051404/recordings/a66e6546fc421a825c591d85aa71bb02_ride_19788__uid_s_1000__uid_e_video.m3u8,/projects/u6ex/fbots/frodobots_raw/frodobots_data/output_rides_2/ride_19788_20240303051404
20240304054135,/projects/u6ex/fbots/frodobots_raw/frodobots_data/output_rides_2/ride_19877_20240304054135/recordings/aa38d5f87245780abd5636a7b9eb9a05_ride_19877__uid_s_1000__uid_e_video.m3u8,/projects/u6ex/fbots/frodobots_raw/frodobots_data/output_rides_2/ride_19877_20240304054135
20240304055129,/projects/u6ex/fbots/frodobots_raw/frodobots_data/output_rides_2/ride_19878_20240304055129/recordings/9b12e6e19c4f91b6c0d8a3bc2024c299_ride_bot_frodobot_4828dd__uid_s_1000__uid_e_video.m3u8,/projects/u6ex/fbots/frodobots_raw/frodobots_data/output_rides_2/ride_19878_20240304055129
20240304060657,/projects/u6ex/fbots/frodobots_raw/frodobots_data/output_rides_2/ride_19879_20240304060657/recordings/9ae5feca064ad6e1b3d6ceb432f8e7cf_ride_19879__uid_s_1000__uid_e_video.m3u8,/projects/u6ex/fbots/frodobots_raw/frodobots_data/output_rides_2/ride_19879_20240304060657
20240304093255,/projects/u6ex/fbots/frodobots_raw/frodobots_data/output_rides_2/ride_19904_20240304093255/recordings/e35798839e4a90cfbc5f4d9926b6bcbc_ride_19904__uid_s_1000__uid_e_video.m3u8,/projects/u6ex/fbots/frodobots_raw/frodobots_data/output_rides_2/ride_19904_20240304093255
20240304110740,/projects/u6ex/fbots/frodobots_raw/frodobots_data/output_rides_2/ride_19916_20240304110740/recordings/68600e6ee64359ec51a0febe4088b622_ride_19916__uid_s_1000__uid_e_video.m3u8,/projects/u6ex/fbots/frodobots_raw/frodobots_data/output_rides_2/ride_19916_20240304110740
20240304114705,/projects/u6ex/fbots/frodobots_raw/frodobots_data/output_rides_2/ride_19925_20240304114705/recordings/72a016cbee47eadfe41bf3b92bb63110_ride_19925__uid_s_1000__uid_e_video.m3u8,/projects/u6ex/fbots/frodobots_raw/frodobots_data/output_rides_2/ride_19925_20240304114705
20240305050744,/projects/u6ex/fbots/frodobots_raw/frodobots_data/output_rides_2/ride_19996_20240305050744/recordings/051ea4f0a14d55154599e599c325f1a8_ride_19996__uid_s_1000__uid_e_video.m3u8,/projects/u6ex/fbots/frodobots_raw/frodobots_data/output_rides_2/ride_19996_20240305050744
20240305051500,/projects/u6ex/fbots/frodobots_raw/frodobots_data/output_rides_2/ride_19998_20240305051500/recordings/2ef59b50aa485a9f07f90491921876b2_ride_19998__uid_s_1000__uid_e_video.m3u8,/projects/u6ex/fbots/frodobots_raw/frodobots_data/output_rides_2/ride_19998_20240305051500
20240305053217,/projects/u6ex/fbots/frodobots_raw/frodobots_data/output_rides_2/ride_20000_20240305053217/recordings/dba0aae966417e80fca2f4827af68fb7_ride_20000__uid_s_1000__uid_e_video.m3u8,/projects/u6ex/fbots/frodobots_raw/frodobots_data/output_rides_2/ride_20000_20240305053217
20240305054342,/projects/u6ex/fbots/frodobots_raw/frodobots_data/output_rides_2/ride_20002_20240305054342/recordings/76146e70bc4fe11963eee685209fb98e_ride_20002__uid_s_1000__uid_e_video.m3u8,/projects/u6ex/fbots/frodobots_raw/frodobots_data/output_rides_2/ride_20002_20240305054342
20240305065626,/projects/u6ex/fbots/frodobots_raw/frodobots_data/output_rides_2/ride_20016_20240305065626/recordings/b0488bcf884706a8a0a2178415324b7b_ride_20016__uid_s_1000__uid_e_video.m3u8,/projects/u6ex/fbots/frodobots_raw/frodobots_data/output_rides_2/ride_20016_20240305065626
20240305070810,/projects/u6ex/fbots/frodobots_raw/frodobots_data/output_rides_2/ride_20020_20240305070810/recordings/719ff7bbba47c4a1dd861789dd30b724_ride_20020__uid_s_1000__uid_e_video.m3u8,/projects/u6ex/fbots/frodobots_raw/frodobots_data/output_rides_2/ride_20020_20240305070810
20240305070959,/projects/u6ex/fbots/frodobots_raw/frodobots_data/output_rides_2/ride_20021_20240305070959/recordings/a07051e1ba4393e69858208625c32cb8_ride_20021__uid_s_1000__uid_e_video.m3u8,/projects/u6ex/fbots/frodobots_raw/frodobots_data/output_rides_2/ride_20021_20240305070959
20240305072058,/projects/u6ex/fbots/frodobots_raw/frodobots_data/output_rides_2/ride_20025_20240305072058/recordings/4b5f42354e4984a670a27cb8d3c88513_ride_20025__uid_s_1000__uid_e_video.m3u8,/projects/u6ex/fbots/frodobots_raw/frodobots_data/output_rides_2/ride_20025_20240305072058
20240305072529,/projects/u6ex/fbots/frodobots_raw/frodobots_data/output_rides_2/ride_20027_20240305072529/recordings/c9cf77182f4590dad1d4d683a0cd9c52_ride_20027__uid_s_1000__uid_e_video.m3u8,/projects/u6ex/fbots/frodobots_raw/frodobots_data/output_rides_2/ride_20027_20240305072529
20240305072814,/projects/u6ex/fbots/frodobots_raw/frodobots_data/output_rides_2/ride_20028_20240305072814/recordings/0db877f1a14d1095edd2c59d7857f4f6_ride_20028__uid_s_1000__uid_e_video.m3u8,/projects/u6ex/fbots/frodobots_raw/frodobots_data/output_rides_2/ride_20028_20240305072814
20240305072836,/projects/u6ex/fbots/frodobots_raw/frodobots_data/output_rides_2/ride_20029_20240305072836/recordings/126248507e4b0edfa1982dbf76e8a735_ride_20029__uid_s_1000__uid_e_video.m3u8,/projects/u6ex/fbots/frodobots_raw/frodobots_data/output_rides_2/ride_20029_20240305072836
20240305072851,/projects/u6ex/fbots/frodobots_raw/frodobots_data/output_rides_2/ride_20030_20240305072851/recordings/22ecbd14eb4e659ffb41f6aea36abe9e_ride_20030__uid_s_1000__uid_e_video.m3u8,/projects/u6ex/fbots/frodobots_raw/frodobots_data/output_rides_2/ride_20030_20240305072851
20240305073522,/projects/u6ex/fbots/frodobots_raw/frodobots_data/output_rides_2/ride_20033_20240305073522/recordings/033c4c2b9c498bd07b62e18bc3534877_ride_20033__uid_s_1000__uid_e_video.m3u8,/projects/u6ex/fbots/frodobots_raw/frodobots_data/output_rides_2/ride_20033_20240305073522
20240305074701,/projects/u6ex/fbots/frodobots_raw/frodobots_data/output_rides_2/ride_20035_20240305074701/recordings/68d6206c0a45657dc3c04dbce728f11f_ride_20035__uid_s_1000__uid_e_video.m3u8,/projects/u6ex/fbots/frodobots_raw/frodobots_data/output_rides_2/ride_20035_20240305074701
20240305074939,/projects/u6ex/fbots/frodobots_raw/frodobots_data/output_rides_2/ride_20036_20240305074939/recordings/93d2b6ce8b425c76f144bf992878bf25_ride_20036__uid_s_1000__uid_e_video.m3u8,/projects/u6ex/fbots/frodobots_raw/frodobots_data/output_rides_2/ride_20036_20240305074939
20240305091647,/projects/u6ex/fbots/frodobots_raw/frodobots_data/output_rides_2/ride_20043_20240305091647/recordings/562e5254f04b90c17850fc8bd40889a7_ride_20043__uid_s_1000__uid_e_video.m3u8,/projects/u6ex/fbots/frodobots_raw/frodobots_data/output_rides_2/ride_20043_20240305091647
20240305095844,/projects/u6ex/fbots/frodobots_raw/frodobots_data/output_rides_2/ride_20047_20240305095844/recordings/7f499341164f9b60f3eb5abbbe7af837_ride_20047__uid_s_1000__uid_e_video.m3u8,/projects/u6ex/fbots/frodobots_raw/frodobots_data/output_rides_2/ride_20047_20240305095844
20240305102312,/projects/u6ex/fbots/frodobots_raw/frodobots_data/output_rides_2/ride_20057_20240305102312/recordings/28069225374fd2e390714aba7c9d3fb3_ride_20057__uid_s_1000__uid_e_video.m3u8,/projects/u6ex/fbots/frodobots_raw/frodobots_data/output_rides_2/ride_20057_20240305102312
20240305103215,/projects/u6ex/fbots/frodobots_raw/frodobots_data/output_rides_2/ride_20060_20240305103215/recordings/7f48239051409c78179955a057c6c5b5_ride_20060__uid_s_1000__uid_e_video.m3u8,/projects/u6ex/fbots/frodobots_raw/frodobots_data/output_rides_2/ride_20060_20240305103215
20240305113909,/projects/u6ex/fbots/frodobots_raw/frodobots_data/output_rides_2/ride_20062_20240305113909/recordings/e76015159e4cf9f8012feea91989ff38_ride_20062__uid_s_1000__uid_e_video.m3u8,/projects/u6ex/fbots/frodobots_raw/frodobots_data/output_rides_2/ride_20062_20240305113909
20240305115136,/projects/u6ex/fbots/frodobots_raw/frodobots_data/output_rides_2/ride_20063_20240305115136/recordings/e3ce4912ea4446ddbc5f6082eb66e35d_ride_20063__uid_s_1000__uid_e_video.m3u8,/projects/u6ex/fbots/frodobots_raw/frodobots_data/output_rides_2/ride_20063_20240305115136
20240305115442,/projects/u6ex/fbots/frodobots_raw/frodobots_data/output_rides_2/ride_20064_20240305115442/recordings/f40768024c47c63524b198b9de10af7f_ride_20064__uid_s_1000__uid_e_video.m3u8,/projects/u6ex/fbots/frodobots_raw/frodobots_data/output_rides_2/ride_20064_20240305115442
20240305121921,/projects/u6ex/fbots/frodobots_raw/frodobots_data/output_rides_2/ride_20065_20240305121921/recordings/de7636ae9543e032de90d68d17c82402_ride_20065__uid_s_1000__uid_e_video.m3u8,/projects/u6ex/fbots/frodobots_raw/frodobots_data/output_rides_2/ride_20065_20240305121921
20240306022659,/projects/u6ex/fbots/frodobots_raw/frodobots_data/output_rides_2/ride_20105_20240306022659/recordings/4aa06e4d2540159da5949f9e515503cd_ride_20105__uid_s_1000__uid_e_video.m3u8,/projects/u6ex/fbots/frodobots_raw/frodobots_data/output_rides_2/ride_20105_20240306022659
20240306023511,/projects/u6ex/fbots/frodobots_raw/frodobots_data/output_rides_2/ride_20106_20240306023511/recordings/c7418de483413e678a63468cf94006fe_ride_20106__uid_s_1000__uid_e_video.m3u8,/projects/u6ex/fbots/frodobots_raw/frodobots_data/output_rides_2/ride_20106_20240306023511
20240306024943,/projects/u6ex/fbots/frodobots_raw/frodobots_data/output_rides_2/ride_20111_20240306024943/recordings/4aaded9090411282bca7e69581186e41_ride_20111__uid_s_1000__uid_e_video.m3u8,/projects/u6ex/fbots/frodobots_raw/frodobots_data/output_rides_2/ride_20111_20240306024943
20240306025550,/projects/u6ex/fbots/frodobots_raw/frodobots_data/output_rides_2/ride_20113_20240306025550/recordings/6abce9f240453aa43f0694a8aa2c480b_ride_20113__uid_s_1000__uid_e_video.m3u8,/projects/u6ex/fbots/frodobots_raw/frodobots_data/output_rides_2/ride_20113_20240306025550
20240306030629,/projects/u6ex/fbots/frodobots_raw/frodobots_data/output_rides_2/ride_20115_20240306030629/recordings/c67b83890b4898e39dc67a8bb883deb1_ride_20115__uid_s_1000__uid_e_video.m3u8,/projects/u6ex/fbots/frodobots_raw/frodobots_data/output_rides_2/ride_20115_20240306030629
20240306031129,/projects/u6ex/fbots/frodobots_raw/frodobots_data/output_rides_2/ride_20116_20240306031129/recordings/1bae3addab4a3f0413180cb665b26d46_ride_20116__uid_s_1000__uid_e_video.m3u8,/projects/u6ex/fbots/frodobots_raw/frodobots_data/output_rides_2/ride_20116_20240306031129
20240306031605,/projects/u6ex/fbots/frodobots_raw/frodobots_data/output_rides_2/ride_20117_20240306031605/recordings/7a9377d2a44db5490865ec9287e45a08_ride_20117__uid_s_1000__uid_e_video.m3u8,/projects/u6ex/fbots/frodobots_raw/frodobots_data/output_rides_2/ride_20117_20240306031605
20240306040758,/projects/u6ex/fbots/frodobots_raw/frodobots_data/output_rides_2/ride_20121_20240306040758/recordings/e95b9bc5014c10ec0df78aabb49558ca_ride_20121__uid_s_1000__uid_e_video.m3u8,/projects/u6ex/fbots/frodobots_raw/frodobots_data/output_rides_2/ride_20121_20240306040758
20240306042928,/projects/u6ex/fbots/frodobots_raw/frodobots_data/output_rides_2/ride_20125_20240306042928/recordings/2694d644ed4036e73b2fb1bb35deaea8_ride_20125__uid_s_1000__uid_e_video.m3u8,/projects/u6ex/fbots/frodobots_raw/frodobots_data/output_rides_2/ride_20125_20240306042928
20240306045655,/projects/u6ex/fbots/frodobots_raw/frodobots_data/output_rides_2/ride_20127_20240306045655/recordings/11659025a64b3524fc0b74b5a4e7ae3d_ride_20127__uid_s_1000__uid_e_video.m3u8,/projects/u6ex/fbots/frodobots_raw/frodobots_data/output_rides_2/ride_20127_20240306045655
20240306045844,/projects/u6ex/fbots/frodobots_raw/frodobots_data/output_rides_2/ride_20128_20240306045844/recordings/7d0a70da9e4c37b584e8308d122887e7_ride_20128__uid_s_1000__uid_e_video.m3u8,/projects/u6ex/fbots/frodobots_raw/frodobots_data/output_rides_2/ride_20128_20240306045844
20240306051037,/projects/u6ex/fbots/frodobots_raw/frodobots_data/output_rides_2/ride_20129_20240306051037/recordings/3e132c60d340462bd159cbbc8c4c2888_ride_20129__uid_s_1000__uid_e_video.m3u8,/projects/u6ex/fbots/frodobots_raw/frodobots_data/output_rides_2/ride_20129_20240306051037
20240306051102,/projects/u6ex/fbots/frodobots_raw/frodobots_data/output_rides_2/ride_20130_20240306051102/recordings/f84b61d4db4be1636ec0fe8364d3005b_ride_20130__uid_s_1000__uid_e_video.m3u8,/projects/u6ex/fbots/frodobots_raw/frodobots_data/output_rides_2/ride_20130_20240306051102
20240306051501,/projects/u6ex/fbots/frodobots_raw/frodobots_data/output_rides_2/ride_20132_20240306051501/recordings/35879cfd98489c154f3b57b866ffb3e8_ride_20132__uid_s_1000__uid_e_video.m3u8,/projects/u6ex/fbots/frodobots_raw/frodobots_data/output_rides_2/ride_20132_20240306051501
20240306051819,/projects/u6ex/fbots/frodobots_raw/frodobots_data/output_rides_2/ride_20133_20240306051819/recordings/72a763135d4d7c0586e8eda04abc3a54_ride_20133__uid_s_1000__uid_e_video.m3u8,/projects/u6ex/fbots/frodobots_raw/frodobots_data/output_rides_2/ride_20133_20240306051819
20240306052215,/projects/u6ex/fbots/frodobots_raw/frodobots_data/output_rides_2/ride_20135_20240306052215/recordings/670ec9d358476c6b433707809b95570e_ride_20135__uid_s_1000__uid_e_video.m3u8,/projects/u6ex/fbots/frodobots_raw/frodobots_data/output_rides_2/ride_20135_20240306052215
20240306053101,/projects/u6ex/fbots/frodobots_raw/frodobots_data/output_rides_2/ride_20136_20240306053101/recordings/90831b54e9434e2cf600c9918bb11d96_ride_20136__uid_s_1000__uid_e_video.m3u8,/projects/u6ex/fbots/frodobots_raw/frodobots_data/output_rides_2/ride_20136_20240306053101
20240306054056,/projects/u6ex/fbots/frodobots_raw/frodobots_data/output_rides_2/ride_20137_20240306054056/recordings/4c7857205b4085586aa86080f8a63d77_ride_20137__uid_s_1000__uid_e_video.m3u8,/projects/u6ex/fbots/frodobots_raw/frodobots_data/output_rides_2/ride_20137_20240306054056
20240306055125,/projects/u6ex/fbots/frodobots_raw/frodobots_data/output_rides_2/ride_20138_20240306055125/recordings/89c7ea969c4d89b68e7f968add154845_ride_20138__uid_s_1000__uid_e_video.m3u8,/projects/u6ex/fbots/frodobots_raw/frodobots_data/output_rides_2/ride_20138_20240306055125
20240306055908,/projects/u6ex/fbots/frodobots_raw/frodobots_data/output_rides_2/ride_20139_20240306055908/recordings/4f12a86a0a417376ae0ff594be528621_ride_20139__uid_s_1000__uid_e_video.m3u8,/projects/u6ex/fbots/frodobots_raw/frodobots_data/output_rides_2/ride_20139_20240306055908
20240306061152,/projects/u6ex/fbots/frodobots_raw/frodobots_data/output_rides_2/ride_20140_20240306061152/recordings/c0e1ff8f244d7a39b702a49778e65932_ride_20140__uid_s_1000__uid_e_video.m3u8,/projects/u6ex/fbots/frodobots_raw/frodobots_data/output_rides_2/ride_20140_20240306061152
20240306063246,/projects/u6ex/fbots/frodobots_raw/frodobots_data/output_rides_2/ride_20143_20240306063246/recordings/c0002669d744933aaed93ea8437bee2e_ride_20143__uid_s_1000__uid_e_video.m3u8,/projects/u6ex/fbots/frodobots_raw/frodobots_data/output_rides_2/ride_20143_20240306063246
20240306071502,/projects/u6ex/fbots/frodobots_raw/frodobots_data/output_rides_2/ride_20144_20240306071502/recordings/1ef065be514a506e47121490e9fbb6f7_ride_20144__uid_s_1000__uid_e_video.m3u8,/projects/u6ex/fbots/frodobots_raw/frodobots_data/output_rides_2/ride_20144_20240306071502
20240306072113,/projects/u6ex/fbots/frodobots_raw/frodobots_data/output_rides_2/ride_20145_20240306072113/recordings/6a01fe092246096eba689886f52ac064_ride_20145__uid_s_1000__uid_e_video.m3u8,/projects/u6ex/fbots/frodobots_raw/frodobots_data/output_rides_2/ride_20145_20240306072113
20240306073412,/projects/u6ex/fbots/frodobots_raw/frodobots_data/output_rides_2/ride_20149_20240306073412/recordings/86ffe155c740bc83a146d89e24b92236_ride_20149__uid_s_1000__uid_e_video.m3u8,/projects/u6ex/fbots/frodobots_raw/frodobots_data/output_rides_2/ride_20149_20240306073412
20240306074525,/projects/u6ex/fbots/frodobots_raw/frodobots_data/output_rides_2/ride_20151_20240306074525/recordings/96d96d71a44483feff4aa5af92243dab_ride_20151__uid_s_1000__uid_e_video.m3u8,/projects/u6ex/fbots/frodobots_raw/frodobots_data/output_rides_2/ride_20151_20240306074525
20240306082915,/projects/u6ex/fbots/frodobots_raw/frodobots_data/output_rides_2/ride_20155_20240306082915/recordings/67a5f869ff49ffd5dbe31bb02b80fbdd_ride_20155__uid_s_1000__uid_e_video.m3u8,/projects/u6ex/fbots/frodobots_raw/frodobots_data/output_rides_2/ride_20155_20240306082915
20240306084042,/projects/u6ex/fbots/frodobots_raw/frodobots_data/output_rides_2/ride_20158_20240306084042/recordings/fa2607f0b6499e9e138726ae8ec0ee15_ride_20158__uid_s_1000__uid_e_video.m3u8,/projects/u6ex/fbots/frodobots_raw/frodobots_data/output_rides_2/ride_20158_20240306084042
20240306090558,/projects/u6ex/fbots/frodobots_raw/frodobots_data/output_rides_2/ride_20161_20240306090558/recordings/6579e93c65476ae2292708927e3eaa8d_ride_20161__uid_s_1000__uid_e_video.m3u8,/projects/u6ex/fbots/frodobots_raw/frodobots_data/output_rides_2/ride_20161_20240306090558
20240306095439,/projects/u6ex/fbots/frodobots_raw/frodobots_data/output_rides_2/ride_20166_20240306095439/recordings/f0a12ce4884d35b5159fd78af22ccdb5_ride_20166__uid_s_1000__uid_e_video.m3u8,/projects/u6ex/fbots/frodobots_raw/frodobots_data/output_rides_2/ride_20166_20240306095439
20240306095923,/projects/u6ex/fbots/frodobots_raw/frodobots_data/output_rides_2/ride_20168_20240306095923/recordings/e11d6e413b441fd496e271b94267cff4_ride_20168__uid_s_1000__uid_e_video.m3u8,/projects/u6ex/fbots/frodobots_raw/frodobots_data/output_rides_2/ride_20168_20240306095923
20240306101340,/projects/u6ex/fbots/frodobots_raw/frodobots_data/output_rides_2/ride_20170_20240306101340/recordings/88583929eb4796788a6c6ab9d2351b75_ride_20170__uid_s_1000__uid_e_video.m3u8,/projects/u6ex/fbots/frodobots_raw/frodobots_data/output_rides_2/ride_20170_20240306101340
20240306110938,/projects/u6ex/fbots/frodobots_raw/frodobots_data/output_rides_2/ride_20180_20240306110938/recordings/2acb1f767b4b9dabfc9f2e9a545fcbda_ride_20180__uid_s_1000__uid_e_video.m3u8,/projects/u6ex/fbots/frodobots_raw/frodobots_data/output_rides_2/ride_20180_20240306110938
20240306113021,/projects/u6ex/fbots/frodobots_raw/frodobots_data/output_rides_2/ride_20181_20240306113021/recordings/0d4cb4dea9459152f7791b916b770825_ride_20181__uid_s_1000__uid_e_video.m3u8,/projects/u6ex/fbots/frodobots_raw/frodobots_data/output_rides_2/ride_20181_20240306113021
20240307001846,/projects/u6ex/fbots/frodobots_raw/frodobots_data/output_rides_2/ride_20276_20240307001846/recordings/9d412c30044e88cc86e4e9b1a093086c_ride_20276__uid_s_1000__uid_e_video.m3u8,/projects/u6ex/fbots/frodobots_raw/frodobots_data/output_rides_2/ride_20276_20240307001846
20240307035542,/projects/u6ex/fbots/frodobots_raw/frodobots_data/output_rides_2/ride_20302_20240307035542/recordings/268da6c90140fb7c940e64a8270204ba_ride_20302__uid_s_1000__uid_e_video.m3u8,/projects/u6ex/fbots/frodobots_raw/frodobots_data/output_rides_2/ride_20302_20240307035542
20240307043304,/projects/u6ex/fbots/frodobots_raw/frodobots_data/output_rides_2/ride_20306_20240307043304/recordings/64505af8234a2c7e017489a1669dfb0e_ride_20306__uid_s_1000__uid_e_video.m3u8,/projects/u6ex/fbots/frodobots_raw/frodobots_data/output_rides_2/ride_20306_20240307043304
20240307043428,/projects/u6ex/fbots/frodobots_raw/frodobots_data/output_rides_2/ride_20307_20240307043428/recordings/62908355954f7028ab1760b410159c3c_ride_20307__uid_s_1000__uid_e_video.m3u8,/projects/u6ex/fbots/frodobots_raw/frodobots_data/output_rides_2/ride_20307_20240307043428
20240307044213,/projects/u6ex/fbots/frodobots_raw/frodobots_data/output_rides_2/ride_20308_20240307044213/recordings/002536233f4f592506e2bc824a9f7312_ride_20308__uid_s_1000__uid_e_video.m3u8,/projects/u6ex/fbots/frodobots_raw/frodobots_data/output_rides_2/ride_20308_20240307044213
20240307053250,/projects/u6ex/fbots/frodobots_raw/frodobots_data/output_rides_2/ride_20311_20240307053250/recordings/7f504b913843f396f27943a18e2b136c_ride_20311__uid_s_1000__uid_e_video.m3u8,/projects/u6ex/fbots/frodobots_raw/frodobots_data/output_rides_2/ride_20311_20240307053250
20240307055016,/projects/u6ex/fbots/frodobots_raw/frodobots_data/output_rides_2/ride_20313_20240307055016/recordings/c8ced3b8a54da33ce1f70ab1189ecebd_ride_20313__uid_s_1000__uid_e_video.m3u8,/projects/u6ex/fbots/frodobots_raw/frodobots_data/output_rides_2/ride_20313_20240307055016
20240307070244,/projects/u6ex/fbots/frodobots_raw/frodobots_data/output_rides_2/ride_20325_20240307070244/recordings/3d829e361e451175c9e05eaaade59816_ride_20325__uid_s_1000__uid_e_video.m3u8,/projects/u6ex/fbots/frodobots_raw/frodobots_data/output_rides_2/ride_20325_20240307070244
20240307083559,/projects/u6ex/fbots/frodobots_raw/frodobots_data/output_rides_2/ride_20332_20240307083559/recordings/51d81be15d47feb3dfb063a161b44672_ride_20332__uid_s_1000__uid_e_video.m3u8,/projects/u6ex/fbots/frodobots_raw/frodobots_data/output_rides_2/ride_20332_20240307083559
20240307083945,/projects/u6ex/fbots/frodobots_raw/frodobots_data/output_rides_2/ride_20333_20240307083945/recordings/18d250c4604d6d521c742ea9b2c90cbf_ride_20333__uid_s_1000__uid_e_video.m3u8,/projects/u6ex/fbots/frodobots_raw/frodobots_data/output_rides_2/ride_20333_20240307083945
20240307091202,/projects/u6ex/fbots/frodobots_raw/frodobots_data/output_rides_2/ride_20335_20240307091202/recordings/dff205e28d423548ac6bd6b5839a94df_ride_20335__uid_s_1000__uid_e_video.m3u8,/projects/u6ex/fbots/frodobots_raw/frodobots_data/output_rides_2/ride_20335_20240307091202
20240307093839,/projects/u6ex/fbots/frodobots_raw/frodobots_data/output_rides_2/ride_20340_20240307093839/recordings/868aba19454e7943a19b7abf069c2410_ride_20340__uid_s_1000__uid_e_video.m3u8,/projects/u6ex/fbots/frodobots_raw/frodobots_data/output_rides_2/ride_20340_20240307093839
20240307094456,/projects/u6ex/fbots/frodobots_raw/frodobots_data/output_rides_2/ride_20342_20240307094456/recordings/051f56babe4558b572bfc38d361c6a6c_ride_20342__uid_s_1000__uid_e_video.m3u8,/projects/u6ex/fbots/frodobots_raw/frodobots_data/output_rides_2/ride_20342_20240307094456
20240307094547,/projects/u6ex/fbots/frodobots_raw/frodobots_data/output_rides_2/ride_20343_20240307094547/recordings/21aa3b764c4416a43cfda392a2c71475_ride_20343__uid_s_1000__uid_e_video.m3u8,/projects/u6ex/fbots/frodobots_raw/frodobots_data/output_rides_2/ride_20343_20240307094547
20240307112236,/projects/u6ex/fbots/frodobots_raw/frodobots_data/output_rides_2/ride_20353_20240307112236/recordings/149b0fbc6f47a634111fc7b26226689a_ride_20353__uid_s_1000__uid_e_video.m3u8,/projects/u6ex/fbots/frodobots_raw/frodobots_data/output_rides_2/ride_20353_20240307112236
20240307112454,/projects/u6ex/fbots/frodobots_raw/frodobots_data/output_rides_2/ride_20354_20240307112454/recordings/6827985bac484628f46bcd8fcc3bc82d_ride_20354__uid_s_1000__uid_e_video.m3u8,/projects/u6ex/fbots/frodobots_raw/frodobots_data/output_rides_2/ride_20354_20240307112454
20240307113752,/projects/u6ex/fbots/frodobots_raw/frodobots_data/output_rides_2/ride_20357_20240307113752/recordings/1ad7a8109d413099fc38658da1a69c4e_ride_20357__uid_s_1000__uid_e_video.m3u8,/projects/u6ex/fbots/frodobots_raw/frodobots_data/output_rides_2/ride_20357_20240307113752
20240308034142,/projects/u6ex/fbots/frodobots_raw/frodobots_data/output_rides_2/ride_20432_20240308034142/recordings/e72494cf1e479549b5d68c866018db43_ride_20432__uid_s_1000__uid_e_video.m3u8,/projects/u6ex/fbots/frodobots_raw/frodobots_data/output_rides_2/ride_20432_20240308034142
20240308090806,/projects/u6ex/fbots/frodobots_raw/frodobots_data/output_rides_2/ride_20457_20240308090806/recordings/0e023ed4cd4fca86287e7696f6aeff57_ride_20457__uid_s_1000__uid_e_video.m3u8,/projects/u6ex/fbots/frodobots_raw/frodobots_data/output_rides_2/ride_20457_20240308090806
20240308093935,/projects/u6ex/fbots/frodobots_raw/frodobots_data/output_rides_2/ride_20461_20240308093935/recordings/dcff8f482f4577fa293f0494d688c3f4_ride_20461__uid_s_1000__uid_e_video.m3u8,/projects/u6ex/fbots/frodobots_raw/frodobots_data/output_rides_2/ride_20461_20240308093935
20240308094504,/projects/u6ex/fbots/frodobots_raw/frodobots_data/output_rides_2/ride_20462_20240308094504/recordings/e7a23b228541593e3f71dd8e8d5aa01b_ride_20462__uid_s_1000__uid_e_video.m3u8,/projects/u6ex/fbots/frodobots_raw/frodobots_data/output_rides_2/ride_20462_20240308094504
20240308095231,/projects/u6ex/fbots/frodobots_raw/frodobots_data/output_rides_2/ride_20463_20240308095231/recordings/8ee1628f574f2edff8a123a8110b7c1c_ride_20463__uid_s_1000__uid_e_video.m3u8,/projects/u6ex/fbots/frodobots_raw/frodobots_data/output_rides_2/ride_20463_20240308095231
20240308095928,/projects/u6ex/fbots/frodobots_raw/frodobots_data/output_rides_2/ride_20464_20240308095928/recordings/8ccac5a8314b5e63189c15be276932b9_ride_20464__uid_s_1000__uid_e_video.m3u8,/projects/u6ex/fbots/frodobots_raw/frodobots_data/output_rides_2/ride_20464_20240308095928
20240308102605,/projects/u6ex/fbots/frodobots_raw/frodobots_data/output_rides_2/ride_20467_20240308102605/recordings/c81b6d0f0740b731439910839330d74d_ride_20467__uid_s_1000__uid_e_video.m3u8,/projects/u6ex/fbots/frodobots_raw/frodobots_data/output_rides_2/ride_20467_20240308102605
20240308102745,/projects/u6ex/fbots/frodobots_raw/frodobots_data/output_rides_2/ride_20468_20240308102745/recordings/2874b589c848b41507243195792eaf46_ride_20468__uid_s_1000__uid_e_video.m3u8,/projects/u6ex/fbots/frodobots_raw/frodobots_data/output_rides_2/ride_20468_20240308102745
20240308104922,/projects/u6ex/fbots/frodobots_raw/frodobots_data/output_rides_2/ride_20471_20240308104922/recordings/03f8cb444042ceb44afdcfa8139185c2_ride_20471__uid_s_1000__uid_e_video.m3u8,/projects/u6ex/fbots/frodobots_raw/frodobots_data/output_rides_2/ride_20471_20240308104922
20240308110151,/projects/u6ex/fbots/frodobots_raw/frodobots_data/output_rides_2/ride_20472_20240308110151/recordings/082886254449b3a9615f359fc2a8a3aa_ride_20472__uid_s_1000__uid_e_video.m3u8,/projects/u6ex/fbots/frodobots_raw/frodobots_data/output_rides_2/ride_20472_20240308110151
20240308211029,/projects/u6ex/fbots/frodobots_raw/frodobots_data/output_rides_2/ride_20552_20240308211029/recordings/313073296b4d135fc37f3d8f5790b41a_ride_20552__uid_s_1000__uid_e_video.m3u8,/projects/u6ex/fbots/frodobots_raw/frodobots_data/output_rides_2/ride_20552_20240308211029
20240308211832,/projects/u6ex/fbots/frodobots_raw/frodobots_data/output_rides_2/ride_20555_20240308211832/recordings/eb78118a7e40c299e5f200a33ea4c1c3_ride_20555__uid_s_1000__uid_e_video.m3u8,/projects/u6ex/fbots/frodobots_raw/frodobots_data/output_rides_2/ride_20555_20240308211832
20240308222745,/projects/u6ex/fbots/frodobots_raw/frodobots_data/output_rides_2/ride_20565_20240308222745/recordings/34cdd41695451d92b925c1bfd78146a4_ride_20565__uid_s_1000__uid_e_video.m3u8,/projects/u6ex/fbots/frodobots_raw/frodobots_data/output_rides_2/ride_20565_20240308222745
20240309054951,/projects/u6ex/fbots/frodobots_raw/frodobots_data/output_rides_2/ride_20598_20240309054951/recordings/91f332802e430cb4c10083bfc9531f7d_ride_20598__uid_s_1000__uid_e_video.m3u8,/projects/u6ex/fbots/frodobots_raw/frodobots_data/output_rides_2/ride_20598_20240309054951
20240309055210,/projects/u6ex/fbots/frodobots_raw/frodobots_data/output_rides_2/ride_20599_20240309055210/recordings/fae02516824d84ee7a879eb00842c987_ride_20599__uid_s_1000__uid_e_video.m3u8,/projects/u6ex/fbots/frodobots_raw/frodobots_data/output_rides_2/ride_20599_20240309055210
20240309061559,/projects/u6ex/fbots/frodobots_raw/frodobots_data/output_rides_2/ride_20603_20240309061559/recordings/859385e4a44ea4cd984586b64eb8bbc5_ride_20603__uid_s_1000__uid_e_video.m3u8,/projects/u6ex/fbots/frodobots_raw/frodobots_data/output_rides_2/ride_20603_20240309061559
20240309062416,/projects/u6ex/fbots/frodobots_raw/frodobots_data/output_rides_2/ride_20605_20240309062416/recordings/178a282be340b38e0eaeb5a0a450a918_ride_20605__uid_s_1000__uid_e_video.m3u8,/projects/u6ex/fbots/frodobots_raw/frodobots_data/output_rides_2/ride_20605_20240309062416
20240309063546,/projects/u6ex/fbots/frodobots_raw/frodobots_data/output_rides_2/ride_20606_20240309063546/recordings/151825ff854d188a21c24fa8c5f3bf5e_ride_20606__uid_s_1000__uid_e_video.m3u8,/projects/u6ex/fbots/frodobots_raw/frodobots_data/output_rides_2/ride_20606_20240309063546
20240309064406,/projects/u6ex/fbots/frodobots_raw/frodobots_data/output_rides_2/ride_20607_20240309064406/recordings/03286711534619b32385009c3b6a6ad8_ride_20607__uid_s_1000__uid_e_video.m3u8,/projects/u6ex/fbots/frodobots_raw/frodobots_data/output_rides_2/ride_20607_20240309064406
20240309070533,/projects/u6ex/fbots/frodobots_raw/frodobots_data/output_rides_2/ride_20608_20240309070533/recordings/d6ae9981ee41fe342c89e3a251c4f811_ride_20608__uid_s_1000__uid_e_video.m3u8,/projects/u6ex/fbots/frodobots_raw/frodobots_data/output_rides_2/ride_20608_20240309070533
20240309072044,/projects/u6ex/fbots/frodobots_raw/frodobots_data/output_rides_2/ride_20611_20240309072044/recordings/c43bb8b45f4875b31488b59c2f4fca99_ride_20611__uid_s_1000__uid_e_video.m3u8,/projects/u6ex/fbots/frodobots_raw/frodobots_data/output_rides_2/ride_20611_20240309072044
20240309074239,/projects/u6ex/fbots/frodobots_raw/frodobots_data/output_rides_2/ride_20612_20240309074239/recordings/8e3c3ed0864de46de05e7cab4edcb664_ride_20612__uid_s_1000__uid_e_video.m3u8,/projects/u6ex/fbots/frodobots_raw/frodobots_data/output_rides_2/ride_20612_20240309074239
20240309113918,/projects/u6ex/fbots/frodobots_raw/frodobots_data/output_rides_2/ride_20615_20240309113918/recordings/17dda75f0d4f955543cd2a941060e21c_ride_20615__uid_s_1000__uid_e_video.m3u8,/projects/u6ex/fbots/frodobots_raw/frodobots_data/output_rides_2/ride_20615_20240309113918
20240309114117,/projects/u6ex/fbots/frodobots_raw/frodobots_data/output_rides_2/ride_20616_20240309114117/recordings/02734a5cd0452703a987aabe4bc0e5e4_ride_20616__uid_s_1000__uid_e_video.m3u8,/projects/u6ex/fbots/frodobots_raw/frodobots_data/output_rides_2/ride_20616_20240309114117
20240309124451,/projects/u6ex/fbots/frodobots_raw/frodobots_data/output_rides_2/ride_20617_20240309124451/recordings/c5513366334aa83d9354cba6c81f682f_ride_20617__uid_s_1000__uid_e_video.m3u8,/projects/u6ex/fbots/frodobots_raw/frodobots_data/output_rides_2/ride_20617_20240309124451
20240309124620,/projects/u6ex/fbots/frodobots_raw/frodobots_data/output_rides_2/ride_20618_20240309124620/recordings/1c2e3f4bcd44cfa7593f1b8417ed6aa9_ride_20618__uid_s_1000__uid_e_video.m3u8,/projects/u6ex/fbots/frodobots_raw/frodobots_data/output_rides_2/ride_20618_20240309124620
20240429011258,/projects/u6ex/fbots/frodobots_raw/frodobots_data/output_rides_20/ride_37198_20240429011258/recordings/f8c60e1394479cc5229fd999d413ec68_ride_37198__uid_s_1000__uid_e_video.m3u8,/projects/u6ex/fbots/frodobots_raw/frodobots_data/output_rides_20/ride_37198_20240429011258
20240429024011,/projects/u6ex/fbots/frodobots_raw/frodobots_data/output_rides_20/ride_37222_20240429024011/recordings/bbd2c496d24ba800363a16bef2f1313f_ride_37222__uid_s_1000__uid_e_video.m3u8,/projects/u6ex/fbots/frodobots_raw/frodobots_data/output_rides_20/ride_37222_20240429024011
20240429025730,/projects/u6ex/fbots/frodobots_raw/frodobots_data/output_rides_20/ride_37230_20240429025730/recordings/9a625cc03c48c32ff3317882bc682dff_ride_37230__uid_s_1000__uid_e_video.m3u8,/projects/u6ex/fbots/frodobots_raw/frodobots_data/output_rides_20/ride_37230_20240429025730
20240429030300,/projects/u6ex/fbots/frodobots_raw/frodobots_data/output_rides_20/ride_37232_20240429030300/recordings/cc7177947343e20d1f75089e0352da17_ride_37232__uid_s_1000__uid_e_video.m3u8,/projects/u6ex/fbots/frodobots_raw/frodobots_data/output_rides_20/ride_37232_20240429030300
20240429031657,/projects/u6ex/fbots/frodobots_raw/frodobots_data/output_rides_20/ride_37233_20240429031657/recordings/ebe15c66ed47f40e8cc0bda4c9f5edfe_ride_37233__uid_s_1000__uid_e_video.m3u8,/projects/u6ex/fbots/frodobots_raw/frodobots_data/output_rides_20/ride_37233_20240429031657
20240429033047,/projects/u6ex/fbots/frodobots_raw/frodobots_data/output_rides_20/ride_37235_20240429033047/recordings/a7df0c02544dddd8348960a9a78b3bbe_ride_37235__uid_s_1000__uid_e_video.m3u8,/projects/u6ex/fbots/frodobots_raw/frodobots_data/output_rides_20/ride_37235_20240429033047
20240429033644,/projects/u6ex/fbots/frodobots_raw/frodobots_data/output_rides_20/ride_37236_20240429033644/recordings/4bbb8bdbe146f2517dac6294d0cc302f_ride_37236__uid_s_1000__uid_e_video.m3u8,/projects/u6ex/fbots/frodobots_raw/frodobots_data/output_rides_20/ride_37236_20240429033644
20240429034049,/projects/u6ex/fbots/frodobots_raw/frodobots_data/output_rides_20/ride_37238_20240429034049/recordings/8b75a1cc634796239f77149115ebd67a_ride_37238__uid_s_1000__uid_e_video.m3u8,/projects/u6ex/fbots/frodobots_raw/frodobots_data/output_rides_20/ride_37238_20240429034049
20240429040804,/projects/u6ex/fbots/frodobots_raw/frodobots_data/output_rides_20/ride_37259_20240429040804/recordings/63bc64a9304176d5797651b24785c951_ride_37259__uid_s_1000__uid_e_video.m3u8,/projects/u6ex/fbots/frodobots_raw/frodobots_data/output_rides_20/ride_37259_20240429040804
20240429052525,/projects/u6ex/fbots/frodobots_raw/frodobots_data/output_rides_20/ride_37294_20240429052525/recordings/ac6f164ec946ce4782a8c4a38c7949fc_ride_37294__uid_s_1000__uid_e_video.m3u8,/projects/u6ex/fbots/frodobots_raw/frodobots_data/output_rides_20/ride_37294_20240429052525
20240429053732,/projects/u6ex/fbots/frodobots_raw/frodobots_data/output_rides_20/ride_37300_20240429053732/recordings/af3824241f49b5632d8ce4b0aaf3c2a1_ride_37300__uid_s_1000__uid_e_video.m3u8,/projects/u6ex/fbots/frodobots_raw/frodobots_data/output_rides_20/ride_37300_20240429053732
20240429055148,/projects/u6ex/fbots/frodobots_raw/frodobots_data/output_rides_20/ride_37306_20240429055148/recordings/c8bcf944cd40656733b721b4554b146f_ride_37306__uid_s_1000__uid_e_video.m3u8,/projects/u6ex/fbots/frodobots_raw/frodobots_data/output_rides_20/ride_37306_20240429055148
20240429063941,/projects/u6ex/fbots/frodobots_raw/frodobots_data/output_rides_20/ride_37319_20240429063941/recordings/167e9a981a4885ec9c8b9fa0890f0426_ride_37319__uid_s_1000__uid_e_video.m3u8,/projects/u6ex/fbots/frodobots_raw/frodobots_data/output_rides_20/ride_37319_20240429063941
20240429071624,/projects/u6ex/fbots/frodobots_raw/frodobots_data/output_rides_20/ride_37328_20240429071624/recordings/d7edfcae4d4d0aa53030b28081cd22b1_ride_37328__uid_s_1000__uid_e_video.m3u8,/projects/u6ex/fbots/frodobots_raw/frodobots_data/output_rides_20/ride_37328_20240429071624
20240429074252,/projects/u6ex/fbots/frodobots_raw/frodobots_data/output_rides_20/ride_37334_20240429074252/recordings/aa96c101b840222b0757fbb694b24d68_ride_37334__uid_s_1000__uid_e_video.m3u8,/projects/u6ex/fbots/frodobots_raw/frodobots_data/output_rides_20/ride_37334_20240429074252
20240429083356,/projects/u6ex/fbots/frodobots_raw/frodobots_data/output_rides_20/ride_37345_20240429083356/recordings/4e00aa48584080436df7f0a2d68e3c54_ride_37345__uid_s_1000__uid_e_video.m3u8,/projects/u6ex/fbots/frodobots_raw/frodobots_data/output_rides_20/ride_37345_20240429083356
20240429084602,/projects/u6ex/fbots/frodobots_raw/frodobots_data/output_rides_20/ride_37349_20240429084602/recordings/6b83adc4034f5a425aaa1ead0d2b0c2c_ride_37349__uid_s_1000__uid_e_video.m3u8,/projects/u6ex/fbots/frodobots_raw/frodobots_data/output_rides_20/ride_37349_20240429084602
20240429085813,/projects/u6ex/fbots/frodobots_raw/frodobots_data/output_rides_20/ride_37351_20240429085813/recordings/40058c13d147f20bc081ddabb5aa7a94_ride_37351__uid_s_1000__uid_e_video.m3u8,/projects/u6ex/fbots/frodobots_raw/frodobots_data/output_rides_20/ride_37351_20240429085813
20240429092005,/projects/u6ex/fbots/frodobots_raw/frodobots_data/output_rides_20/ride_37355_20240429092005/recordings/5fdc4601794fda73857c34bffa3af8dd_ride_37355__uid_s_1000__uid_e_video.m3u8,/projects/u6ex/fbots/frodobots_raw/frodobots_data/output_rides_20/ride_37355_20240429092005
20240429102849,/projects/u6ex/fbots/frodobots_raw/frodobots_data/output_rides_20/ride_37373_20240429102849/recordings/2442923d7d46b9808a3af6b6128fb9d6_ride_37373__uid_s_1000__uid_e_video.m3u8,/projects/u6ex/fbots/frodobots_raw/frodobots_data/output_rides_20/ride_37373_20240429102849
20240429104339,/projects/u6ex/fbots/frodobots_raw/frodobots_data/output_rides_20/ride_37376_20240429104339/recordings/46e4c304994811a1c60b6f8f2b502436_ride_37376__uid_s_1000__uid_e_video.m3u8,/projects/u6ex/fbots/frodobots_raw/frodobots_data/output_rides_20/ride_37376_20240429104339
20240429111610,/projects/u6ex/fbots/frodobots_raw/frodobots_data/output_rides_20/ride_37383_20240429111610/recordings/902e7278b54d191f1c366989e90e89d0_ride_37383__uid_s_1000__uid_e_video.m3u8,/projects/u6ex/fbots/frodobots_raw/frodobots_data/output_rides_20/ride_37383_20240429111610
20240429112349,/projects/u6ex/fbots/frodobots_raw/frodobots_data/output_rides_20/ride_37388_20240429112349/recordings/d0029df2b7414fc77970b08c529a2fcb_ride_bot_frodobot_b36a50__uid_s_1000__uid_e_video.m3u8,/projects/u6ex/fbots/frodobots_raw/frodobots_data/output_rides_20/ride_37388_20240429112349
20240429112640,/projects/u6ex/fbots/frodobots_raw/frodobots_data/output_rides_20/ride_37389_20240429112640/recordings/788e3efc564b7d3c9e0b8e98ec921669_ride_37389__uid_s_1000__uid_e_video.m3u8,/projects/u6ex/fbots/frodobots_raw/frodobots_data/output_rides_20/ride_37389_20240429112640
20240429113140,/projects/u6ex/fbots/frodobots_raw/frodobots_data/output_rides_20/ride_37390_20240429113140/recordings/9a6bd37c1544c4ecaec5a8937b1ff310_ride_37390__uid_s_1000__uid_e_video.m3u8,/projects/u6ex/fbots/frodobots_raw/frodobots_data/output_rides_20/ride_37390_20240429113140
20240429113440,/projects/u6ex/fbots/frodobots_raw/frodobots_data/output_rides_20/ride_37391_20240429113440/recordings/d66648127c4cf3a42a6f7d98606efab3_ride_37391__uid_s_1000__uid_e_video.m3u8,/projects/u6ex/fbots/frodobots_raw/frodobots_data/output_rides_20/ride_37391_20240429113440
20240429114540,/projects/u6ex/fbots/frodobots_raw/frodobots_data/output_rides_20/ride_37395_20240429114540/recordings/5a095a82c54a79ee471e01a464a94fc0_ride_37395__uid_s_1000__uid_e_video.m3u8,/projects/u6ex/fbots/frodobots_raw/frodobots_data/output_rides_20/ride_37395_20240429114540
20240429114739,/projects/u6ex/fbots/frodobots_raw/frodobots_data/output_rides_20/ride_37397_20240429114739/recordings/d1b2a8df2f4a2418564db88fb41a1b4b_ride_37397__uid_s_1000__uid_e_video.m3u8,/projects/u6ex/fbots/frodobots_raw/frodobots_data/output_rides_20/ride_37397_20240429114739
20240429115320,/projects/u6ex/fbots/frodobots_raw/frodobots_data/output_rides_20/ride_37398_20240429115320/recordings/69a7ebff6b40f620be609ebb04cc650f_ride_37398__uid_s_1000__uid_e_video.m3u8,/projects/u6ex/fbots/frodobots_raw/frodobots_data/output_rides_20/ride_37398_20240429115320
20240429121541,/projects/u6ex/fbots/frodobots_raw/frodobots_data/output_rides_20/ride_37401_20240429121541/recordings/e377d8826d40244c74b420bb22f30742_ride_37401__uid_s_1000__uid_e_video.m3u8,/projects/u6ex/fbots/frodobots_raw/frodobots_data/output_rides_20/ride_37401_20240429121541
20240430005955,/projects/u6ex/fbots/frodobots_raw/frodobots_data/output_rides_20/ride_37639_20240430005955/recordings/65050e32f244d8aba521f1a7d98a7474_ride_37639__uid_s_1000__uid_e_video.m3u8,/projects/u6ex/fbots/frodobots_raw/frodobots_data/output_rides_20/ride_37639_20240430005955
20240430010432,/projects/u6ex/fbots/frodobots_raw/frodobots_data/output_rides_20/ride_37642_20240430010432/recordings/275e30e2654ddb2a9b564182563a95d2_ride_37642__uid_s_1000__uid_e_video.m3u8,/projects/u6ex/fbots/frodobots_raw/frodobots_data/output_rides_20/ride_37642_20240430010432
20240430013131,/projects/u6ex/fbots/frodobots_raw/frodobots_data/output_rides_20/ride_37658_20240430013131/recordings/55115db55b495e6f73fcb7b44f79e647_ride_37658__uid_s_1000__uid_e_video.m3u8,/projects/u6ex/fbots/frodobots_raw/frodobots_data/output_rides_20/ride_37658_20240430013131
20240430020244,/projects/u6ex/fbots/frodobots_raw/frodobots_data/output_rides_20/ride_37662_20240430020244/recordings/c3f80ea35a4a9dd35208c6851ca437b7_ride_37662__uid_s_1000__uid_e_video.m3u8,/projects/u6ex/fbots/frodobots_raw/frodobots_data/output_rides_20/ride_37662_20240430020244
20240430023524,/projects/u6ex/fbots/frodobots_raw/frodobots_data/output_rides_20/ride_37670_20240430023524/recordings/7fa192b8e042aea5f6e7409fffd00708_ride_37670__uid_s_1000__uid_e_video.m3u8,/projects/u6ex/fbots/frodobots_raw/frodobots_data/output_rides_20/ride_37670_20240430023524
20240430024326,/projects/u6ex/fbots/frodobots_raw/frodobots_data/output_rides_20/ride_37672_20240430024326/recordings/260768db294bdac194cf898995042f9b_ride_37672__uid_s_1000__uid_e_video.m3u8,/projects/u6ex/fbots/frodobots_raw/frodobots_data/output_rides_20/ride_37672_20240430024326
20240430030749,/projects/u6ex/fbots/frodobots_raw/frodobots_data/output_rides_20/ride_37677_20240430030749/recordings/4b7e963b364d40ca2afe32bb4473d5bc_ride_37677__uid_s_1000__uid_e_video.m3u8,/projects/u6ex/fbots/frodobots_raw/frodobots_data/output_rides_20/ride_37677_20240430030749
20240430033141,/projects/u6ex/fbots/frodobots_raw/frodobots_data/output_rides_20/ride_37680_20240430033141/recordings/2c5817f09e4bd79855eb6ab46bab829b_ride_37680__uid_s_1000__uid_e_video.m3u8,/projects/u6ex/fbots/frodobots_raw/frodobots_data/output_rides_20/ride_37680_20240430033141
20240430070818,/projects/u6ex/fbots/frodobots_raw/frodobots_data/output_rides_20/ride_37765_20240430070818/recordings/9ecd9fb4e7486587be600b8d2b13d14b_ride_37765__uid_s_1000__uid_e_video.m3u8,/projects/u6ex/fbots/frodobots_raw/frodobots_data/output_rides_20/ride_37765_20240430070818
20240430071614,/projects/u6ex/fbots/frodobots_raw/frodobots_data/output_rides_20/ride_37768_20240430071614/recordings/a66d9478d24124ee8b4c3b89d3cf655c_ride_37768__uid_s_1000__uid_e_video.m3u8,/projects/u6ex/fbots/frodobots_raw/frodobots_data/output_rides_20/ride_37768_20240430071614
20240430072532,/projects/u6ex/fbots/frodobots_raw/frodobots_data/output_rides_20/ride_37771_20240430072532/recordings/6759649df14c857af95932bef457889d_ride_37771__uid_s_1000__uid_e_video.m3u8,/projects/u6ex/fbots/frodobots_raw/frodobots_data/output_rides_20/ride_37771_20240430072532
20240430073022,/projects/u6ex/fbots/frodobots_raw/frodobots_data/output_rides_20/ride_37774_20240430073022/recordings/62442cd7114a7e6bd483009bf43f334e_ride_37774__uid_s_1000__uid_e_video.m3u8,/projects/u6ex/fbots/frodobots_raw/frodobots_data/output_rides_20/ride_37774_20240430073022
20240430073555,/projects/u6ex/fbots/frodobots_raw/frodobots_data/output_rides_20/ride_37775_20240430073555/recordings/b912208c9546997b9de2df8f292437e8_ride_37775__uid_s_1000__uid_e_video.m3u8,/projects/u6ex/fbots/frodobots_raw/frodobots_data/output_rides_20/ride_37775_20240430073555
20240430080453,/projects/u6ex/fbots/frodobots_raw/frodobots_data/output_rides_20/ride_37779_20240430080453/recordings/1a67ec48764d1a8f97609bb754f32e35_ride_37779__uid_s_1000__uid_e_video.m3u8,/projects/u6ex/fbots/frodobots_raw/frodobots_data/output_rides_20/ride_37779_20240430080453
20240430101627,/projects/u6ex/fbots/frodobots_raw/frodobots_data/output_rides_20/ride_37819_20240430101627/recordings/56898645134f122efc2a5eb1c12e3f67_ride_37819__uid_s_1000__uid_e_video.m3u8,/projects/u6ex/fbots/frodobots_raw/frodobots_data/output_rides_20/ride_37819_20240430101627
20240430103228,/projects/u6ex/fbots/frodobots_raw/frodobots_data/output_rides_20/ride_37828_20240430103228/recordings/61ddd065534394a16a119b977aecaa15_ride_37828__uid_s_1000__uid_e_video.m3u8,/projects/u6ex/fbots/frodobots_raw/frodobots_data/output_rides_20/ride_37828_20240430103228
20240430104449,/projects/u6ex/fbots/frodobots_raw/frodobots_data/output_rides_20/ride_37831_20240430104449/recordings/8961fb22574f2e87206679a5d097eb03_ride_37831__uid_s_1000__uid_e_video.m3u8,/projects/u6ex/fbots/frodobots_raw/frodobots_data/output_rides_20/ride_37831_20240430104449
20240430105815,/projects/u6ex/fbots/frodobots_raw/frodobots_data/output_rides_20/ride_37837_20240430105815/recordings/c7857efc1b417b6c5ec3c59829987d51_ride_37837__uid_s_1000__uid_e_video.m3u8,/projects/u6ex/fbots/frodobots_raw/frodobots_data/output_rides_20/ride_37837_20240430105815
20240430110921,/projects/u6ex/fbots/frodobots_raw/frodobots_data/output_rides_20/ride_37838_20240430110921/recordings/35466f51e444b257bc4318a224cf1b2f_ride_37838__uid_s_1000__uid_e_video.m3u8,/projects/u6ex/fbots/frodobots_raw/frodobots_data/output_rides_20/ride_37838_20240430110921
20240430112456,/projects/u6ex/fbots/frodobots_raw/frodobots_data/output_rides_20/ride_37845_20240430112456/recordings/7d56722ebd43bf94dc82928ca6dc0e8f_ride_37845__uid_s_1000__uid_e_video.m3u8,/projects/u6ex/fbots/frodobots_raw/frodobots_data/output_rides_20/ride_37845_20240430112456
20240430114001,/projects/u6ex/fbots/frodobots_raw/frodobots_data/output_rides_20/ride_37848_20240430114001/recordings/b34d692f694b2795057c428a65f077dd_ride_37848__uid_s_1000__uid_e_video.m3u8,/projects/u6ex/fbots/frodobots_raw/frodobots_data/output_rides_20/ride_37848_20240430114001
20240430114930,/projects/u6ex/fbots/frodobots_raw/frodobots_data/output_rides_20/ride_37855_20240430114930/recordings/04b83ecddb4a939af6510ea6bdbefa90_ride_37855__uid_s_1000__uid_e_video.m3u8,/projects/u6ex/fbots/frodobots_raw/frodobots_data/output_rides_20/ride_37855_20240430114930
20240430124101,/projects/u6ex/fbots/frodobots_raw/frodobots_data/output_rides_20/ride_37867_20240430124101/recordings/dfb2b135ce4d8324932841b994c3bb97_ride_37867__uid_s_1000__uid_e_video.m3u8,/projects/u6ex/fbots/frodobots_raw/frodobots_data/output_rides_20/ride_37867_20240430124101
20240430133014,/projects/u6ex/fbots/frodobots_raw/frodobots_data/output_rides_20/ride_37881_20240430133014/recordings/2c59758e4c4c7414bfbc5baeeeab9598_ride_37881__uid_s_1000__uid_e_video.m3u8,/projects/u6ex/fbots/frodobots_raw/frodobots_data/output_rides_20/ride_37881_20240430133014
20240430133822,/projects/u6ex/fbots/frodobots_raw/frodobots_data/output_rides_20/ride_37888_20240430133822/recordings/ef5dfd74cc489c4f19174abb069a7729_ride_37888__uid_s_1000__uid_e_video.m3u8,/projects/u6ex/fbots/frodobots_raw/frodobots_data/output_rides_20/ride_37888_20240430133822
20240430135028,/projects/u6ex/fbots/frodobots_raw/frodobots_data/output_rides_20/ride_37893_20240430135028/recordings/67947f918541324f2e28ebb15d571a62_ride_37893__uid_s_1000__uid_e_video.m3u8,/projects/u6ex/fbots/frodobots_raw/frodobots_data/output_rides_20/ride_37893_20240430135028
20240430211836,/projects/u6ex/fbots/frodobots_raw/frodobots_data/output_rides_20/ride_38098_20240430211836/recordings/1323b1f88f48dea13daaca8c83a67a10_ride_38098__uid_s_1000__uid_e_video.m3u8,/projects/u6ex/fbots/frodobots_raw/frodobots_data/output_rides_20/ride_38098_20240430211836
20240430212310,/projects/u6ex/fbots/frodobots_raw/frodobots_data/output_rides_20/ride_38099_20240430212310/recordings/05e48c8103429d6bb00f998c73d4a7a7_ride_38099__uid_s_1000__uid_e_video.m3u8,/projects/u6ex/fbots/frodobots_raw/frodobots_data/output_rides_20/ride_38099_20240430212310
20240430212528,/projects/u6ex/fbots/frodobots_raw/frodobots_data/output_rides_20/ride_38101_20240430212528/recordings/6dcc09fb6f44456b8e543c84c32264e0_ride_38101__uid_s_1000__uid_e_video.m3u8,/projects/u6ex/fbots/frodobots_raw/frodobots_data/output_rides_20/ride_38101_20240430212528
20240430212828,/projects/u6ex/fbots/frodobots_raw/frodobots_data/output_rides_20/ride_38102_20240430212828/recordings/d553b677194b20e575ed1cb091d7ee1e_ride_38102__uid_s_1000__uid_e_video.m3u8,/projects/u6ex/fbots/frodobots_raw/frodobots_data/output_rides_20/ride_38102_20240430212828
20240430213229,/projects/u6ex/fbots/frodobots_raw/frodobots_data/output_rides_20/ride_38104_20240430213229/recordings/a05d3866d94ba4390eb32fa6059c778e_ride_38104__uid_s_1000__uid_e_video.m3u8,/projects/u6ex/fbots/frodobots_raw/frodobots_data/output_rides_20/ride_38104_20240430213229
20240430213437,/projects/u6ex/fbots/frodobots_raw/frodobots_data/output_rides_20/ride_38105_20240430213437/recordings/8277a9a9804be1f6f1b1b8a89099bf3f_ride_38105__uid_s_1000__uid_e_video.m3u8,/projects/u6ex/fbots/frodobots_raw/frodobots_data/output_rides_20/ride_38105_20240430213437
20240430214656,/projects/u6ex/fbots/frodobots_raw/frodobots_data/output_rides_20/ride_38108_20240430214656/recordings/111b5b955e48a66e57ff59bb225a922d_ride_38108__uid_s_1000__uid_e_video.m3u8,/projects/u6ex/fbots/frodobots_raw/frodobots_data/output_rides_20/ride_38108_20240430214656
20240430215058,/projects/u6ex/fbots/frodobots_raw/frodobots_data/output_rides_20/ride_38110_20240430215058/recordings/2f1c514927459e3b6edbd7a6b508dd87_ride_38110__uid_s_1000__uid_e_video.m3u8,/projects/u6ex/fbots/frodobots_raw/frodobots_data/output_rides_20/ride_38110_20240430215058
20240430215733,/projects/u6ex/fbots/frodobots_raw/frodobots_data/output_rides_20/ride_38111_20240430215733/recordings/00087a33d946d3fefddf3e9f6d918ac6_ride_38111__uid_s_1000__uid_e_video.m3u8,/projects/u6ex/fbots/frodobots_raw/frodobots_data/output_rides_20/ride_38111_20240430215733
20240430220600,/projects/u6ex/fbots/frodobots_raw/frodobots_data/output_rides_20/ride_38113_20240430220600/recordings/44e9b6aa7e403ece9d823aafa6d1bf22_ride_38113__uid_s_1000__uid_e_video.m3u8,/projects/u6ex/fbots/frodobots_raw/frodobots_data/output_rides_20/ride_38113_20240430220600
20240430222317,/projects/u6ex/fbots/frodobots_raw/frodobots_data/output_rides_20/ride_38114_20240430222317/recordings/d977ba4dbe4184037b8cc9b9d4cf2a75_ride_38114__uid_s_1000__uid_e_video.m3u8,/projects/u6ex/fbots/frodobots_raw/frodobots_data/output_rides_20/ride_38114_20240430222317
20240430222415,/projects/u6ex/fbots/frodobots_raw/frodobots_data/output_rides_20/ride_38115_20240430222415/recordings/75ddd4c2f94b198a5d6919991ac2ddcc_ride_38115__uid_s_1000__uid_e_video.m3u8,/projects/u6ex/fbots/frodobots_raw/frodobots_data/output_rides_20/ride_38115_20240430222415
20240430222710,/projects/u6ex/fbots/frodobots_raw/frodobots_data/output_rides_20/ride_38116_20240430222710/recordings/af9144b91c42e5e7973c83bbacc5d559_ride_38116__uid_s_1000__uid_e_video.m3u8,/projects/u6ex/fbots/frodobots_raw/frodobots_data/output_rides_20/ride_38116_20240430222710
20240430222815,/projects/u6ex/fbots/frodobots_raw/frodobots_data/output_rides_20/ride_38117_20240430222815/recordings/32bcd571b24151dbc8073b949c2de2f7_ride_38117__uid_s_1000__uid_e_video.m3u8,/projects/u6ex/fbots/frodobots_raw/frodobots_data/output_rides_20/ride_38117_20240430222815
20240430223356,/projects/u6ex/fbots/frodobots_raw/frodobots_data/output_rides_20/ride_38118_20240430223356/recordings/e6e3360d634c2e2cf27aa18c1e04f9b1_ride_38118__uid_s_1000__uid_e_video.m3u8,/projects/u6ex/fbots/frodobots_raw/frodobots_data/output_rides_20/ride_38118_20240430223356
20240430223436,/projects/u6ex/fbots/frodobots_raw/frodobots_data/output_rides_20/ride_38119_20240430223436/recordings/4488a852b942cfcd66b950876ec396dc_ride_38119__uid_s_1000__uid_e_video.m3u8,/projects/u6ex/fbots/frodobots_raw/frodobots_data/output_rides_20/ride_38119_20240430223436
20240430224141,/projects/u6ex/fbots/frodobots_raw/frodobots_data/output_rides_20/ride_38120_20240430224141/recordings/5ed1f072744f8644fa2f3ba472f47034_ride_38120__uid_s_1000__uid_e_video.m3u8,/projects/u6ex/fbots/frodobots_raw/frodobots_data/output_rides_20/ride_38120_20240430224141
20240430224846,/projects/u6ex/fbots/frodobots_raw/frodobots_data/output_rides_20/ride_38121_20240430224846/recordings/f52667e0154f7f779c9c4eb0bf57830f_ride_38121__uid_s_1000__uid_e_video.m3u8,/projects/u6ex/fbots/frodobots_raw/frodobots_data/output_rides_20/ride_38121_20240430224846
20240430225853,/projects/u6ex/fbots/frodobots_raw/frodobots_data/output_rides_20/ride_38123_20240430225853/recordings/0c7de0418d47275753c3d4be280c29b6_ride_38123__uid_s_1000__uid_e_video.m3u8,/projects/u6ex/fbots/frodobots_raw/frodobots_data/output_rides_20/ride_38123_20240430225853
20240430232605,/projects/u6ex/fbots/frodobots_raw/frodobots_data/output_rides_20/ride_38138_20240430232605/recordings/e6a864bc064967251a76fcb8b5911897_ride_38138__uid_s_1000__uid_e_video.m3u8,/projects/u6ex/fbots/frodobots_raw/frodobots_data/output_rides_20/ride_38138_20240430232605
20240430232641,/projects/u6ex/fbots/frodobots_raw/frodobots_data/output_rides_20/ride_38139_20240430232641/recordings/0f00f41f6b42783943fe0e830fcfec62_ride_38139__uid_s_1000__uid_e_video.m3u8,/projects/u6ex/fbots/frodobots_raw/frodobots_data/output_rides_20/ride_38139_20240430232641
20240430232852,/projects/u6ex/fbots/frodobots_raw/frodobots_data/output_rides_20/ride_38140_20240430232852/recordings/806cd2c8d44a26a3b51b18b7d71fce3b_ride_38140__uid_s_1000__uid_e_video.m3u8,/projects/u6ex/fbots/frodobots_raw/frodobots_data/output_rides_20/ride_38140_20240430232852
20240430233121,/projects/u6ex/fbots/frodobots_raw/frodobots_data/output_rides_20/ride_38142_20240430233121/recordings/22b617cdb44cf40cd3c39da71eccf4ce_ride_38142__uid_s_1000__uid_e_video.m3u8,/projects/u6ex/fbots/frodobots_raw/frodobots_data/output_rides_20/ride_38142_20240430233121
20240430233153,/projects/u6ex/fbots/frodobots_raw/frodobots_data/output_rides_20/ride_38143_20240430233153/recordings/529c18263e4107794ee72e882fe653dd_ride_38143__uid_s_1000__uid_e_video.m3u8,/projects/u6ex/fbots/frodobots_raw/frodobots_data/output_rides_20/ride_38143_20240430233153
20240430234014,/projects/u6ex/fbots/frodobots_raw/frodobots_data/output_rides_20/ride_38145_20240430234014/recordings/4b978e06914c160fbc90f99e83452240_ride_38145__uid_s_1000__uid_e_video.m3u8,/projects/u6ex/fbots/frodobots_raw/frodobots_data/output_rides_20/ride_38145_20240430234014
20240430234738,/projects/u6ex/fbots/frodobots_raw/frodobots_data/output_rides_20/ride_38147_20240430234738/recordings/0fffb558b4460e4eeed5e0a3b0d73089_ride_38147__uid_s_1000__uid_e_video.m3u8,/projects/u6ex/fbots/frodobots_raw/frodobots_data/output_rides_20/ride_38147_20240430234738
20240430235217,/projects/u6ex/fbots/frodobots_raw/frodobots_data/output_rides_20/ride_38149_20240430235217/recordings/a39e7d56db42b597b351a78adc2bf496_ride_38149__uid_s_1000__uid_e_video.m3u8,/projects/u6ex/fbots/frodobots_raw/frodobots_data/output_rides_20/ride_38149_20240430235217
20240501001823,/projects/u6ex/fbots/frodobots_raw/frodobots_data/output_rides_20/ride_38162_20240501001823/recordings/6953c540a642d3ff8ce5c78fa9cf5b1f_ride_38162__uid_s_1000__uid_e_video.m3u8,/projects/u6ex/fbots/frodobots_raw/frodobots_data/output_rides_20/ride_38162_20240501001823
20240501002502,/projects/u6ex/fbots/frodobots_raw/frodobots_data/output_rides_20/ride_38168_20240501002502/recordings/a1c99a83284a4724b55a0ebb52ac85a9_ride_38168__uid_s_1000__uid_e_video.m3u8,/projects/u6ex/fbots/frodobots_raw/frodobots_data/output_rides_20/ride_38168_20240501002502
20240501005533,/projects/u6ex/fbots/frodobots_raw/frodobots_data/output_rides_20/ride_38189_20240501005533/recordings/a59da1dfb7480cd8740d08b688c7ed9b_ride_38189__uid_s_1000__uid_e_video.m3u8,/projects/u6ex/fbots/frodobots_raw/frodobots_data/output_rides_20/ride_38189_20240501005533
20240501005830,/projects/u6ex/fbots/frodobots_raw/frodobots_data/output_rides_20/ride_38192_20240501005830/recordings/11d65e974f4d0c17cd8bf2b2fb5527a7_ride_38192__uid_s_1000__uid_e_video.m3u8,/projects/u6ex/fbots/frodobots_raw/frodobots_data/output_rides_20/ride_38192_20240501005830
20240501013443,/projects/u6ex/fbots/frodobots_raw/frodobots_data/output_rides_20/ride_38218_20240501013443/recordings/1b47e791f14b694844d413af73f1cf10_ride_38218__uid_s_1000__uid_e_video.m3u8,/projects/u6ex/fbots/frodobots_raw/frodobots_data/output_rides_20/ride_38218_20240501013443
20240501013902,/projects/u6ex/fbots/frodobots_raw/frodobots_data/output_rides_21/ride_38225_20240501013902/recordings/b2c79fa48149bef046db799fb58c6b56_ride_38225__uid_s_1000__uid_e_video.m3u8,/projects/u6ex/fbots/frodobots_raw/frodobots_data/output_rides_21/ride_38225_20240501013902
20240501024005,/projects/u6ex/fbots/frodobots_raw/frodobots_data/output_rides_21/ride_38267_20240501024005/recordings/da661c5ebe466761d423918a4a039dbd_ride_38267__uid_s_1000__uid_e_video.m3u8,/projects/u6ex/fbots/frodobots_raw/frodobots_data/output_rides_21/ride_38267_20240501024005
20240501024016,/projects/u6ex/fbots/frodobots_raw/frodobots_data/output_rides_21/ride_38268_20240501024016/recordings/6d129df1954a59b5ba096c9f7f74651f_ride_38268__uid_s_1000__uid_e_video.m3u8,/projects/u6ex/fbots/frodobots_raw/frodobots_data/output_rides_21/ride_38268_20240501024016
20240501024214,/projects/u6ex/fbots/frodobots_raw/frodobots_data/output_rides_21/ride_38269_20240501024214/recordings/67de0cfaf6428c75c6c5a88f455179a7_ride_38269__uid_s_1000__uid_e_video.m3u8,/projects/u6ex/fbots/frodobots_raw/frodobots_data/output_rides_21/ride_38269_20240501024214
20240501024402,/projects/u6ex/fbots/frodobots_raw/frodobots_data/output_rides_21/ride_38271_20240501024402/recordings/3f02e998524d68aed5bd738980a5b741_ride_38271__uid_s_1000__uid_e_video.m3u8,/projects/u6ex/fbots/frodobots_raw/frodobots_data/output_rides_21/ride_38271_20240501024402
20240501024612,/projects/u6ex/fbots/frodobots_raw/frodobots_data/output_rides_21/ride_38272_20240501024612/recordings/e13c983b804b53f17d1496a5f2d39b78_ride_38272__uid_s_1000__uid_e_video.m3u8,/projects/u6ex/fbots/frodobots_raw/frodobots_data/output_rides_21/ride_38272_20240501024612
20240501030128,/projects/u6ex/fbots/frodobots_raw/frodobots_data/output_rides_21/ride_38286_20240501030128/recordings/47ba1fff2d4c30241dcbf7912104186e_ride_38286__uid_s_1000__uid_e_video.m3u8,/projects/u6ex/fbots/frodobots_raw/frodobots_data/output_rides_21/ride_38286_20240501030128
20240501034417,/projects/u6ex/fbots/frodobots_raw/frodobots_data/output_rides_21/ride_38318_20240501034417/recordings/0bd8cd2dc64e8866dd13d79b522caa1c_ride_38318__uid_s_1000__uid_e_video.m3u8,/projects/u6ex/fbots/frodobots_raw/frodobots_data/output_rides_21/ride_38318_20240501034417
20240501065949,/projects/u6ex/fbots/frodobots_raw/frodobots_data/output_rides_21/ride_38447_20240501065949/recordings/172afc5e464520f5646b2fb74b0befda_ride_38447__uid_s_1000__uid_e_video.m3u8,/projects/u6ex/fbots/frodobots_raw/frodobots_data/output_rides_21/ride_38447_20240501065949
20240501074719,/projects/u6ex/fbots/frodobots_raw/frodobots_data/output_rides_21/ride_38478_20240501074719/recordings/0adc582820415fc23f475aa41e917bf8_ride_38478__uid_s_1000__uid_e_video.m3u8,/projects/u6ex/fbots/frodobots_raw/frodobots_data/output_rides_21/ride_38478_20240501074719
20240501075518,/projects/u6ex/fbots/frodobots_raw/frodobots_data/output_rides_21/ride_38482_20240501075518/recordings/a0b6e36c7343076fbe6d9497d01bc698_ride_38482__uid_s_1000__uid_e_video.m3u8,/projects/u6ex/fbots/frodobots_raw/frodobots_data/output_rides_21/ride_38482_20240501075518
20240501090219,/projects/u6ex/fbots/frodobots_raw/frodobots_data/output_rides_21/ride_38539_20240501090219/recordings/2c294ee7c84a447a26efb7b98e56052d_ride_38539__uid_s_1000__uid_e_video.m3u8,/projects/u6ex/fbots/frodobots_raw/frodobots_data/output_rides_21/ride_38539_20240501090219
20240501093431,/projects/u6ex/fbots/frodobots_raw/frodobots_data/output_rides_21/ride_38551_20240501093431/recordings/0de3fb8312456a690a7f6785138121cd_ride_38551__uid_s_1000__uid_e_video.m3u8,/projects/u6ex/fbots/frodobots_raw/frodobots_data/output_rides_21/ride_38551_20240501093431
20240501094242,/projects/u6ex/fbots/frodobots_raw/frodobots_data/output_rides_21/ride_38557_20240501094242/recordings/8ffa66fc744580ed2acdc4a048078b47_ride_38557__uid_s_1000__uid_e_video.m3u8,/projects/u6ex/fbots/frodobots_raw/frodobots_data/output_rides_21/ride_38557_20240501094242
20240501100413,/projects/u6ex/fbots/frodobots_raw/frodobots_data/output_rides_21/ride_38564_20240501100413/recordings/1105b46bc241412f4b30d891ddfd63f7_ride_38564__uid_s_1000__uid_e_video.m3u8,/projects/u6ex/fbots/frodobots_raw/frodobots_data/output_rides_21/ride_38564_20240501100413
20240501103132,/projects/u6ex/fbots/frodobots_raw/frodobots_data/output_rides_21/ride_38578_20240501103132/recordings/f5c7cea1d54c30248c4235b61df93e51_ride_38578__uid_s_1000__uid_e_video.m3u8,/projects/u6ex/fbots/frodobots_raw/frodobots_data/output_rides_21/ride_38578_20240501103132
20240501121014,/projects/u6ex/fbots/frodobots_raw/frodobots_data/output_rides_21/ride_38600_20240501121014/recordings/9e063365674aafe75a7202a0c69110de_ride_38600__uid_s_1000__uid_e_video.m3u8,/projects/u6ex/fbots/frodobots_raw/frodobots_data/output_rides_21/ride_38600_20240501121014
20240501122152,/projects/u6ex/fbots/frodobots_raw/frodobots_data/output_rides_21/ride_38602_20240501122152/recordings/a563b22269456dc7325fee9641118ef9_ride_38602__uid_s_1000__uid_e_video.m3u8,/projects/u6ex/fbots/frodobots_raw/frodobots_data/output_rides_21/ride_38602_20240501122152
20240501125737,/projects/u6ex/fbots/frodobots_raw/frodobots_data/output_rides_21/ride_38614_20240501125737/recordings/95275c833f4afef467e426ac88383f04_ride_38614__uid_s_1000__uid_e_video.m3u8,/projects/u6ex/fbots/frodobots_raw/frodobots_data/output_rides_21/ride_38614_20240501125737
20240501130806,/projects/u6ex/fbots/frodobots_raw/frodobots_data/output_rides_21/ride_38618_20240501130806/recordings/9f0f3fa595423ee499ad5ca2b32014bc_ride_38618__uid_s_1000__uid_e_video.m3u8,/projects/u6ex/fbots/frodobots_raw/frodobots_data/output_rides_21/ride_38618_20240501130806
20240501132416,/projects/u6ex/fbots/frodobots_raw/frodobots_data/output_rides_21/ride_38624_20240501132416/recordings/014caff34f45557ea16245b9768619b2_ride_38624__uid_s_1000__uid_e_video.m3u8,/projects/u6ex/fbots/frodobots_raw/frodobots_data/output_rides_21/ride_38624_20240501132416
20240501134601,/projects/u6ex/fbots/frodobots_raw/frodobots_data/output_rides_21/ride_38632_20240501134601/recordings/66b477d6294ceb52809b519611235c67_ride_38632__uid_s_1000__uid_e_video.m3u8,/projects/u6ex/fbots/frodobots_raw/frodobots_data/output_rides_21/ride_38632_20240501134601
20240501142423,/projects/u6ex/fbots/frodobots_raw/frodobots_data/output_rides_21/ride_38642_20240501142423/recordings/3a1a76d37f493dddc7279aa2739f0c07_ride_38642__uid_s_1000__uid_e_video.m3u8,/projects/u6ex/fbots/frodobots_raw/frodobots_data/output_rides_21/ride_38642_20240501142423
20240501203254,/projects/u6ex/fbots/frodobots_raw/frodobots_data/output_rides_21/ride_38763_20240501203254/recordings/f3484ea7094e8e6cdc78d98e93e61614_ride_38763__uid_s_1000__uid_e_video.m3u8,/projects/u6ex/fbots/frodobots_raw/frodobots_data/output_rides_21/ride_38763_20240501203254
20240501204253,/projects/u6ex/fbots/frodobots_raw/frodobots_data/output_rides_21/ride_38767_20240501204253/recordings/a54d214ec14eabf3c13cb281bb86fdc5_ride_38767__uid_s_1000__uid_e_video.m3u8,/projects/u6ex/fbots/frodobots_raw/frodobots_data/output_rides_21/ride_38767_20240501204253
20240501204734,/projects/u6ex/fbots/frodobots_raw/frodobots_data/output_rides_21/ride_38769_20240501204734/recordings/597d859aaf4e997d8ecdff8dbbc59ab2_ride_38769__uid_s_1000__uid_e_video.m3u8,/projects/u6ex/fbots/frodobots_raw/frodobots_data/output_rides_21/ride_38769_20240501204734
20240502001159,/projects/u6ex/fbots/frodobots_raw/frodobots_data/output_rides_21/ride_38803_20240502001159/recordings/8fb128ebe340efaf235cd39c639e93cd_ride_38803__uid_s_1000__uid_e_video.m3u8,/projects/u6ex/fbots/frodobots_raw/frodobots_data/output_rides_21/ride_38803_20240502001159
20240502003838,/projects/u6ex/fbots/frodobots_raw/frodobots_data/output_rides_21/ride_38811_20240502003838/recordings/b24ceb49484f42ed366776a44077df0f_ride_38811__uid_s_1000__uid_e_video.m3u8,/projects/u6ex/fbots/frodobots_raw/frodobots_data/output_rides_21/ride_38811_20240502003838
20240502010603,/projects/u6ex/fbots/frodobots_raw/frodobots_data/output_rides_21/ride_38832_20240502010603/recordings/c1399221c04174c7149fe7b05bbeaadb_ride_38832__uid_s_1000__uid_e_video.m3u8,/projects/u6ex/fbots/frodobots_raw/frodobots_data/output_rides_21/ride_38832_20240502010603
20240502012750,/projects/u6ex/fbots/frodobots_raw/frodobots_data/output_rides_21/ride_38843_20240502012750/recordings/1d8e24b72b48a9dd438fb4af91291dc1_ride_38843__uid_s_1000__uid_e_video.m3u8,/projects/u6ex/fbots/frodobots_raw/frodobots_data/output_rides_21/ride_38843_20240502012750
20240502012852,/projects/u6ex/fbots/frodobots_raw/frodobots_data/output_rides_21/ride_38845_20240502012852/recordings/fefec856bc41e4ee558db1b1e984e26b_ride_38845__uid_s_1000__uid_e_video.m3u8,/projects/u6ex/fbots/frodobots_raw/frodobots_data/output_rides_21/ride_38845_20240502012852
20240502013659,/projects/u6ex/fbots/frodobots_raw/frodobots_data/output_rides_21/ride_38858_20240502013659/recordings/53bc9bcb4047648565e3d6857d29fb54_ride_38858__uid_s_1000__uid_e_video.m3u8,/projects/u6ex/fbots/frodobots_raw/frodobots_data/output_rides_21/ride_38858_20240502013659
20240502041254,/projects/u6ex/fbots/frodobots_raw/frodobots_data/output_rides_21/ride_38989_20240502041254/recordings/0c9c0432024e068e5801f1b0b3cb8c9d_ride_38989__uid_s_1000__uid_e_video.m3u8,/projects/u6ex/fbots/frodobots_raw/frodobots_data/output_rides_21/ride_38989_20240502041254
20240502042925,/projects/u6ex/fbots/frodobots_raw/frodobots_data/output_rides_21/ride_38994_20240502042925/recordings/ff10d9a1a44adedfb49fdf8e6f0049d4_ride_38994__uid_s_1000__uid_e_video.m3u8,/projects/u6ex/fbots/frodobots_raw/frodobots_data/output_rides_21/ride_38994_20240502042925
20240502043416,/projects/u6ex/fbots/frodobots_raw/frodobots_data/output_rides_21/ride_38997_20240502043416/recordings/41d024ca1f41943dce73f491771fe318_ride_38997__uid_s_1000__uid_e_video.m3u8,/projects/u6ex/fbots/frodobots_raw/frodobots_data/output_rides_21/ride_38997_20240502043416
20240502103852,/projects/u6ex/fbots/frodobots_raw/frodobots_data/output_rides_21/ride_39218_20240502103852/recordings/9e3772a5a2480314907192887f56a201_ride_39218__uid_s_1000__uid_e_video.m3u8,/projects/u6ex/fbots/frodobots_raw/frodobots_data/output_rides_21/ride_39218_20240502103852
20240502104537,/projects/u6ex/fbots/frodobots_raw/frodobots_data/output_rides_21/ride_39220_20240502104537/recordings/3d672f652b4f77f80efc30beb14b9ec1_ride_39220__uid_s_1000__uid_e_video.m3u8,/projects/u6ex/fbots/frodobots_raw/frodobots_data/output_rides_21/ride_39220_20240502104537
20240502110116,/projects/u6ex/fbots/frodobots_raw/frodobots_data/output_rides_21/ride_39232_20240502110116/recordings/a1ea00e69f4dc03f70a6428404d83606_ride_39232__uid_s_1000__uid_e_video.m3u8,/projects/u6ex/fbots/frodobots_raw/frodobots_data/output_rides_21/ride_39232_20240502110116
20240502110815,/projects/u6ex/fbots/frodobots_raw/frodobots_data/output_rides_22/ride_39238_20240502110815/recordings/284d1548da455d2e2a4ad7bb37ecd417_ride_39238__uid_s_1000__uid_e_video.m3u8,/projects/u6ex/fbots/frodobots_raw/frodobots_data/output_rides_22/ride_39238_20240502110815
20240502111936,/projects/u6ex/fbots/frodobots_raw/frodobots_data/output_rides_22/ride_39248_20240502111936/recordings/0866cacf1c43f33ca1e2a6a36d72f1bc_ride_39248__uid_s_1000__uid_e_video.m3u8,/projects/u6ex/fbots/frodobots_raw/frodobots_data/output_rides_22/ride_39248_20240502111936
20240502112720,/projects/u6ex/fbots/frodobots_raw/frodobots_data/output_rides_22/ride_39252_20240502112720/recordings/d49826abb8467b654d8a48a201bbc722_ride_39252__uid_s_1000__uid_e_video.m3u8,/projects/u6ex/fbots/frodobots_raw/frodobots_data/output_rides_22/ride_39252_20240502112720
20240502113600,/projects/u6ex/fbots/frodobots_raw/frodobots_data/output_rides_22/ride_39254_20240502113600/recordings/80b4833fb04bcad440a7698297aa6194_ride_39254__uid_s_1000__uid_e_video.m3u8,/projects/u6ex/fbots/frodobots_raw/frodobots_data/output_rides_22/ride_39254_20240502113600
20240502114755,/projects/u6ex/fbots/frodobots_raw/frodobots_data/output_rides_22/ride_39260_20240502114755/recordings/757522a6444bb07495b7be9e70880eac_ride_39260__uid_s_1000__uid_e_video.m3u8,/projects/u6ex/fbots/frodobots_raw/frodobots_data/output_rides_22/ride_39260_20240502114755
20240502115621,/projects/u6ex/fbots/frodobots_raw/frodobots_data/output_rides_22/ride_39267_20240502115621/recordings/e0bef9abd940ce9aa32b05b0a83b2385_ride_39267__uid_s_1000__uid_e_video.m3u8,/projects/u6ex/fbots/frodobots_raw/frodobots_data/output_rides_22/ride_39267_20240502115621
20240502220750,/projects/u6ex/fbots/frodobots_raw/frodobots_data/output_rides_22/ride_39571_20240502220750/recordings/0ef894fe9845bca481ba1dafc98d0589_ride_39571__uid_s_1000__uid_e_video.m3u8,/projects/u6ex/fbots/frodobots_raw/frodobots_data/output_rides_22/ride_39571_20240502220750
20240502221357,/projects/u6ex/fbots/frodobots_raw/frodobots_data/output_rides_22/ride_39572_20240502221357/recordings/0f0e8539d249f38e3ae7b18660f5af8c_ride_39572__uid_s_1000__uid_e_video.m3u8,/projects/u6ex/fbots/frodobots_raw/frodobots_data/output_rides_22/ride_39572_20240502221357
20240502232529,/projects/u6ex/fbots/frodobots_raw/frodobots_data/output_rides_22/ride_39579_20240502232529/recordings/98651f2c9a4547e16ceafd8a285a7254_ride_39579__uid_s_1000__uid_e_video.m3u8,/projects/u6ex/fbots/frodobots_raw/frodobots_data/output_rides_22/ride_39579_20240502232529
20240503004141,/projects/u6ex/fbots/frodobots_raw/frodobots_data/output_rides_22/ride_39587_20240503004141/recordings/2a99e057744c93b6de979195dba022f9_ride_39587__uid_s_1000__uid_e_video.m3u8,/projects/u6ex/fbots/frodobots_raw/frodobots_data/output_rides_22/ride_39587_20240503004141
20240503012743,/projects/u6ex/fbots/frodobots_raw/frodobots_data/output_rides_22/ride_39613_20240503012743/recordings/7fa63ff9754239954a0c9281511ac480_ride_39613__uid_s_1000__uid_e_video.m3u8,/projects/u6ex/fbots/frodobots_raw/frodobots_data/output_rides_22/ride_39613_20240503012743
20240503030608,/projects/u6ex/fbots/frodobots_raw/frodobots_data/output_rides_22/ride_39679_20240503030608/recordings/2d6d108c214a024ce5bdb5a9d67bebd1_ride_39679__uid_s_1000__uid_e_video.m3u8,/projects/u6ex/fbots/frodobots_raw/frodobots_data/output_rides_22/ride_39679_20240503030608
20240503031701,/projects/u6ex/fbots/frodobots_raw/frodobots_data/output_rides_22/ride_39683_20240503031701/recordings/e53c38bae2473eb29766f28111a7afa0_ride_39683__uid_s_1000__uid_e_video.m3u8,/projects/u6ex/fbots/frodobots_raw/frodobots_data/output_rides_22/ride_39683_20240503031701
20240503034930,/projects/u6ex/fbots/frodobots_raw/frodobots_data/output_rides_22/ride_39689_20240503034930/recordings/cff6872de64550c27b6e489d70be8bfb_ride_39689__uid_s_1000__uid_e_video.m3u8,/projects/u6ex/fbots/frodobots_raw/frodobots_data/output_rides_22/ride_39689_20240503034930
20240503073640,/projects/u6ex/fbots/frodobots_raw/frodobots_data/output_rides_22/ride_39818_20240503073640/recordings/0ef7a0b3984b2250420632acdaa7ce44_ride_39818__uid_s_1000__uid_e_video.m3u8,/projects/u6ex/fbots/frodobots_raw/frodobots_data/output_rides_22/ride_39818_20240503073640
20240503081012,/projects/u6ex/fbots/frodobots_raw/frodobots_data/output_rides_22/ride_39834_20240503081012/recordings/7744e088d74d9851c2661c83ddc0b70e_ride_39834__uid_s_1000__uid_e_video.m3u8,/projects/u6ex/fbots/frodobots_raw/frodobots_data/output_rides_22/ride_39834_20240503081012
20240503084837,/projects/u6ex/fbots/frodobots_raw/frodobots_data/output_rides_22/ride_39847_20240503084837/recordings/9fec2ced0847e432823f98939fe13ee9_ride_39847__uid_s_1000__uid_e_video.m3u8,/projects/u6ex/fbots/frodobots_raw/frodobots_data/output_rides_22/ride_39847_20240503084837
20240503085418,/projects/u6ex/fbots/frodobots_raw/frodobots_data/output_rides_22/ride_39849_20240503085418/recordings/35b3ae299c44d61b5f5cef9aa9b2ffa8_ride_39849__uid_s_1000__uid_e_video.m3u8,/projects/u6ex/fbots/frodobots_raw/frodobots_data/output_rides_22/ride_39849_20240503085418
20240503115252,/projects/u6ex/fbots/frodobots_raw/frodobots_data/output_rides_22/ride_39932_20240503115252/recordings/8c73e5758a4f6a91a8c6dead005ab611_ride_39932__uid_s_1000__uid_e_video.m3u8,/projects/u6ex/fbots/frodobots_raw/frodobots_data/output_rides_22/ride_39932_20240503115252
20240503120743,/projects/u6ex/fbots/frodobots_raw/frodobots_data/output_rides_22/ride_39940_20240503120743/recordings/911844cd864e7e364e1158b3e9d3e651_ride_39940__uid_s_1000__uid_e_video.m3u8,/projects/u6ex/fbots/frodobots_raw/frodobots_data/output_rides_22/ride_39940_20240503120743
20240503122234,/projects/u6ex/fbots/frodobots_raw/frodobots_data/output_rides_22/ride_39951_20240503122234/recordings/27a74b21ca423225ba9137b6e28cb11c_ride_39951__uid_s_1000__uid_e_video.m3u8,/projects/u6ex/fbots/frodobots_raw/frodobots_data/output_rides_22/ride_39951_20240503122234
20240503211212,/projects/u6ex/fbots/frodobots_raw/frodobots_data/output_rides_22/ride_40124_20240503211212/recordings/b46e1db1c04ee89ef4be4caa3eca8640_ride_40124__uid_s_1000__uid_e_video.m3u8,/projects/u6ex/fbots/frodobots_raw/frodobots_data/output_rides_22/ride_40124_20240503211212
20240503214046,/projects/u6ex/fbots/frodobots_raw/frodobots_data/output_rides_22/ride_40132_20240503214046/recordings/d3cbccaff74550df5885af93140bbae7_ride_40132__uid_s_1000__uid_e_video.m3u8,/projects/u6ex/fbots/frodobots_raw/frodobots_data/output_rides_22/ride_40132_20240503214046
20240503215858,/projects/u6ex/fbots/frodobots_raw/frodobots_data/output_rides_22/ride_40135_20240503215858/recordings/f38e833d564992396531b1b8e34aa325_ride_40135__uid_s_1000__uid_e_video.m3u8,/projects/u6ex/fbots/frodobots_raw/frodobots_data/output_rides_22/ride_40135_20240503215858
20240503220037,/projects/u6ex/fbots/frodobots_raw/frodobots_data/output_rides_22/ride_40136_20240503220037/recordings/a24df49fd441c6245cc0fd86a2b78209_ride_40136__uid_s_1000__uid_e_video.m3u8,/projects/u6ex/fbots/frodobots_raw/frodobots_data/output_rides_22/ride_40136_20240503220037
20240503220125,/projects/u6ex/fbots/frodobots_raw/frodobots_data/output_rides_22/ride_40137_20240503220125/recordings/8d5a6aecaa45342aeef9cb8b6b6b5de6_ride_40137__uid_s_1000__uid_e_video.m3u8,/projects/u6ex/fbots/frodobots_raw/frodobots_data/output_rides_22/ride_40137_20240503220125
20240503221403,/projects/u6ex/fbots/frodobots_raw/frodobots_data/output_rides_22/ride_40139_20240503221403/recordings/2077ecb82e48018beb262b831e10282c_ride_40139__uid_s_1000__uid_e_video.m3u8,/projects/u6ex/fbots/frodobots_raw/frodobots_data/output_rides_22/ride_40139_20240503221403
20240503221912,/projects/u6ex/fbots/frodobots_raw/frodobots_data/output_rides_22/ride_40142_20240503221912/recordings/dbefe66c7f4c990b83348385500b71c1_ride_40142__uid_s_1000__uid_e_video.m3u8,/projects/u6ex/fbots/frodobots_raw/frodobots_data/output_rides_22/ride_40142_20240503221912
20240503224601,/projects/u6ex/fbots/frodobots_raw/frodobots_data/output_rides_22/ride_40144_20240503224601/recordings/9f87260a824bffafed9fcca02a0dd219_ride_40144__uid_s_1000__uid_e_video.m3u8,/projects/u6ex/fbots/frodobots_raw/frodobots_data/output_rides_22/ride_40144_20240503224601
20240503231906,/projects/u6ex/fbots/frodobots_raw/frodobots_data/output_rides_22/ride_40146_20240503231906/recordings/eef532665447c58991e01d89fa33d590_ride_40146__uid_s_1000__uid_e_video.m3u8,/projects/u6ex/fbots/frodobots_raw/frodobots_data/output_rides_22/ride_40146_20240503231906
20240503232420,/projects/u6ex/fbots/frodobots_raw/frodobots_data/output_rides_22/ride_40148_20240503232420/recordings/61988929c14bf62193276b863a5b11a7_ride_40148__uid_s_1000__uid_e_video.m3u8,/projects/u6ex/fbots/frodobots_raw/frodobots_data/output_rides_22/ride_40148_20240503232420
20240503234441,/projects/u6ex/fbots/frodobots_raw/frodobots_data/output_rides_22/ride_40149_20240503234441/recordings/0d1647ac1f43555b6a5ffda10ef0c389_ride_40149__uid_s_1000__uid_e_video.m3u8,/projects/u6ex/fbots/frodobots_raw/frodobots_data/output_rides_22/ride_40149_20240503234441
20240503235101,/projects/u6ex/fbots/frodobots_raw/frodobots_data/output_rides_22/ride_40150_20240503235101/recordings/80f8cc6f6b46374317a0a8899a80ad56_ride_40150__uid_s_1000__uid_e_video.m3u8,/projects/u6ex/fbots/frodobots_raw/frodobots_data/output_rides_22/ride_40150_20240503235101
20240310074056,/projects/u6ex/fbots/frodobots_raw/frodobots_data/output_rides_3/ride_20678_20240310074056/recordings/1e8e9a0c1743db61eea001a903194ed7_ride_20678__uid_s_1000__uid_e_video.m3u8,/projects/u6ex/fbots/frodobots_raw/frodobots_data/output_rides_3/ride_20678_20240310074056
20240310074415,/projects/u6ex/fbots/frodobots_raw/frodobots_data/output_rides_3/ride_20679_20240310074415/recordings/9db979313742d46df297229c8a5007aa_ride_20679__uid_s_1000__uid_e_video.m3u8,/projects/u6ex/fbots/frodobots_raw/frodobots_data/output_rides_3/ride_20679_20240310074415
20240310194105,/projects/u6ex/fbots/frodobots_raw/frodobots_data/output_rides_3/ride_20701_20240310194105/recordings/0f7759b686420c9d1c94208739b75f1e_ride_20701__uid_s_1000__uid_e_video.m3u8,/projects/u6ex/fbots/frodobots_raw/frodobots_data/output_rides_3/ride_20701_20240310194105
20240311001129,/projects/u6ex/fbots/frodobots_raw/frodobots_data/output_rides_3/ride_20721_20240311001129/recordings/07dfdd50bc44067c36ba219e61d2ef4f_ride_20721__uid_s_1000__uid_e_video.m3u8,/projects/u6ex/fbots/frodobots_raw/frodobots_data/output_rides_3/ride_20721_20240311001129
20240311051251,/projects/u6ex/fbots/frodobots_raw/frodobots_data/output_rides_3/ride_20745_20240311051251/recordings/182d917a224d55d5c4ae689a42fedd0e_ride_20745__uid_s_1000__uid_e_video.m3u8,/projects/u6ex/fbots/frodobots_raw/frodobots_data/output_rides_3/ride_20745_20240311051251
20240311052524,/projects/u6ex/fbots/frodobots_raw/frodobots_data/output_rides_3/ride_20746_20240311052524/recordings/887e93010e40bf7aa8d05899fc38de7f_ride_20746__uid_s_1000__uid_e_video.m3u8,/projects/u6ex/fbots/frodobots_raw/frodobots_data/output_rides_3/ride_20746_20240311052524
20240311053605,/projects/u6ex/fbots/frodobots_raw/frodobots_data/output_rides_3/ride_20747_20240311053605/recordings/2c618a1074486a7dfc53809b32f8db29_ride_20747__uid_s_1000__uid_e_video.m3u8,/projects/u6ex/fbots/frodobots_raw/frodobots_data/output_rides_3/ride_20747_20240311053605
20240311055537,/projects/u6ex/fbots/frodobots_raw/frodobots_data/output_rides_3/ride_20748_20240311055537/recordings/07df1c74904899f612526ba23b3a7e9d_ride_20748__uid_s_1000__uid_e_video.m3u8,/projects/u6ex/fbots/frodobots_raw/frodobots_data/output_rides_3/ride_20748_20240311055537
20240311061233,/projects/u6ex/fbots/frodobots_raw/frodobots_data/output_rides_3/ride_20749_20240311061233/recordings/9a880cce2a47ebd945eb90a7d1268905_ride_20749__uid_s_1000__uid_e_video.m3u8,/projects/u6ex/fbots/frodobots_raw/frodobots_data/output_rides_3/ride_20749_20240311061233
20240311094724,/projects/u6ex/fbots/frodobots_raw/frodobots_data/output_rides_3/ride_20768_20240311094724/recordings/995e3282214bfd50771662b9ea610fc9_ride_20768__uid_s_1000__uid_e_video.m3u8,/projects/u6ex/fbots/frodobots_raw/frodobots_data/output_rides_3/ride_20768_20240311094724
20240311095308,/projects/u6ex/fbots/frodobots_raw/frodobots_data/output_rides_3/ride_20770_20240311095308/recordings/afaccf73f6401fc4c3561cbfcabdbeab_ride_20770__uid_s_1000__uid_e_video.m3u8,/projects/u6ex/fbots/frodobots_raw/frodobots_data/output_rides_3/ride_20770_20240311095308
20240311110323,/projects/u6ex/fbots/frodobots_raw/frodobots_data/output_rides_3/ride_20779_20240311110323/recordings/6b3d35b98342224991978c9214d79348_ride_20779__uid_s_1000__uid_e_video.m3u8,/projects/u6ex/fbots/frodobots_raw/frodobots_data/output_rides_3/ride_20779_20240311110323
20240311111506,/projects/u6ex/fbots/frodobots_raw/frodobots_data/output_rides_3/ride_20781_20240311111506/recordings/4ff37f3533475a35037c4e821d7ab684_ride_20781__uid_s_1000__uid_e_video.m3u8,/projects/u6ex/fbots/frodobots_raw/frodobots_data/output_rides_3/ride_20781_20240311111506
20240311114528,/projects/u6ex/fbots/frodobots_raw/frodobots_data/output_rides_3/ride_20784_20240311114528/recordings/f8a7976c7e45e148d8cbb08be1bd9910_ride_20784__uid_s_1000__uid_e_video.m3u8,/projects/u6ex/fbots/frodobots_raw/frodobots_data/output_rides_3/ride_20784_20240311114528
20240311171032,/projects/u6ex/fbots/frodobots_raw/frodobots_data/output_rides_3/ride_20837_20240311171032/recordings/cdb831a1ae478a4f06ed42842ca7ef84_ride_20837__uid_s_1000__uid_e_video.m3u8,/projects/u6ex/fbots/frodobots_raw/frodobots_data/output_rides_3/ride_20837_20240311171032
20240311171323,/projects/u6ex/fbots/frodobots_raw/frodobots_data/output_rides_3/ride_20839_20240311171323/recordings/4f4add99934e837d4ee66c82f0723db5_ride_20839__uid_s_1000__uid_e_video.m3u8,/projects/u6ex/fbots/frodobots_raw/frodobots_data/output_rides_3/ride_20839_20240311171323
20240311172704,/projects/u6ex/fbots/frodobots_raw/frodobots_data/output_rides_3/ride_20843_20240311172704/recordings/ae5fc1dc424bfa788fd2008db75ec99c_ride_20843__uid_s_1000__uid_e_video.m3u8,/projects/u6ex/fbots/frodobots_raw/frodobots_data/output_rides_3/ride_20843_20240311172704
20240311173008,/projects/u6ex/fbots/frodobots_raw/frodobots_data/output_rides_3/ride_20844_20240311173008/recordings/72d3a9075647f5f4f77d299f7eda49b8_ride_20844__uid_s_1000__uid_e_video.m3u8,/projects/u6ex/fbots/frodobots_raw/frodobots_data/output_rides_3/ride_20844_20240311173008
20240311184244,/projects/u6ex/fbots/frodobots_raw/frodobots_data/output_rides_3/ride_20860_20240311184244/recordings/04785c03984b7d9b9881c5b23e37e951_ride_20860__uid_s_1000__uid_e_video.m3u8,/projects/u6ex/fbots/frodobots_raw/frodobots_data/output_rides_3/ride_20860_20240311184244
20240311195643,/projects/u6ex/fbots/frodobots_raw/frodobots_data/output_rides_3/ride_20874_20240311195643/recordings/593df289f642bc9d41bab4aea7c8accd_ride_20874__uid_s_1000__uid_e_video.m3u8,/projects/u6ex/fbots/frodobots_raw/frodobots_data/output_rides_3/ride_20874_20240311195643
20240311203236,/projects/u6ex/fbots/frodobots_raw/frodobots_data/output_rides_3/ride_20877_20240311203236/recordings/a93a736cae4c03753269448dab44ecf6_ride_20877__uid_s_1000__uid_e_video.m3u8,/projects/u6ex/fbots/frodobots_raw/frodobots_data/output_rides_3/ride_20877_20240311203236
20240311203443,/projects/u6ex/fbots/frodobots_raw/frodobots_data/output_rides_3/ride_20878_20240311203443/recordings/b1974c3ba34f17e60f8b94995ece33aa_ride_20878__uid_s_1000__uid_e_video.m3u8,/projects/u6ex/fbots/frodobots_raw/frodobots_data/output_rides_3/ride_20878_20240311203443
20240311203601,/projects/u6ex/fbots/frodobots_raw/frodobots_data/output_rides_3/ride_20881_20240311203601/recordings/f2cb5fa906464784d7780faca7030e0b_ride_20881__uid_s_1000__uid_e_video.m3u8,/projects/u6ex/fbots/frodobots_raw/frodobots_data/output_rides_3/ride_20881_20240311203601
20240311231020,/projects/u6ex/fbots/frodobots_raw/frodobots_data/output_rides_3/ride_20892_20240311231020/recordings/bd492362a1473f97fbb16faa624bc623_ride_20892__uid_s_1000__uid_e_video.m3u8,/projects/u6ex/fbots/frodobots_raw/frodobots_data/output_rides_3/ride_20892_20240311231020
20240312000156,/projects/u6ex/fbots/frodobots_raw/frodobots_data/output_rides_3/ride_20901_20240312000156/recordings/b6acdc15684bd43088f8a1a5fb92421a_ride_20901__uid_s_1000__uid_e_video.m3u8,/projects/u6ex/fbots/frodobots_raw/frodobots_data/output_rides_3/ride_20901_20240312000156
20240312052138,/projects/u6ex/fbots/frodobots_raw/frodobots_data/output_rides_3/ride_20956_20240312052138/recordings/d385d0baf640c62baf2b67bb6d44e87a_ride_20956__uid_s_1000__uid_e_video.m3u8,/projects/u6ex/fbots/frodobots_raw/frodobots_data/output_rides_3/ride_20956_20240312052138
20240312053416,/projects/u6ex/fbots/frodobots_raw/frodobots_data/output_rides_3/ride_20960_20240312053416/recordings/992d851c2141ea9b53258c8acfec1f19_ride_20960__uid_s_1000__uid_e_video.m3u8,/projects/u6ex/fbots/frodobots_raw/frodobots_data/output_rides_3/ride_20960_20240312053416
20240312053606,/projects/u6ex/fbots/frodobots_raw/frodobots_data/output_rides_3/ride_20961_20240312053606/recordings/ef6c150de74624eb559feb9711b34757_ride_20961__uid_s_1000__uid_e_video.m3u8,/projects/u6ex/fbots/frodobots_raw/frodobots_data/output_rides_3/ride_20961_20240312053606
20240312053841,/projects/u6ex/fbots/frodobots_raw/frodobots_data/output_rides_3/ride_20964_20240312053841/recordings/e9a9314cbd4cd6cf084f09a254c86ff0_ride_20964__uid_s_1000__uid_e_video.m3u8,/projects/u6ex/fbots/frodobots_raw/frodobots_data/output_rides_3/ride_20964_20240312053841
20240312054705,/projects/u6ex/fbots/frodobots_raw/frodobots_data/output_rides_3/ride_20967_20240312054705/recordings/5382cd03d849b1b045b24590189b9f06_ride_20967__uid_s_1000__uid_e_video.m3u8,/projects/u6ex/fbots/frodobots_raw/frodobots_data/output_rides_3/ride_20967_20240312054705
20240312055307,/projects/u6ex/fbots/frodobots_raw/frodobots_data/output_rides_3/ride_20969_20240312055307/recordings/619df7b36145af25ea67cba16cfc1897_ride_20969__uid_s_1000__uid_e_video.m3u8,/projects/u6ex/fbots/frodobots_raw/frodobots_data/output_rides_3/ride_20969_20240312055307
20240312060531,/projects/u6ex/fbots/frodobots_raw/frodobots_data/output_rides_3/ride_20977_20240312060531/recordings/cc71a3417b452ea24f6ccfbff733c687_ride_20977__uid_s_1000__uid_e_video.m3u8,/projects/u6ex/fbots/frodobots_raw/frodobots_data/output_rides_3/ride_20977_20240312060531
20240312060839,/projects/u6ex/fbots/frodobots_raw/frodobots_data/output_rides_3/ride_20978_20240312060839/recordings/08fd50eff04dc1ec45ad269846ca0bbe_ride_20978__uid_s_1000__uid_e_video.m3u8,/projects/u6ex/fbots/frodobots_raw/frodobots_data/output_rides_3/ride_20978_20240312060839
20240312061222,/projects/u6ex/fbots/frodobots_raw/frodobots_data/output_rides_3/ride_20980_20240312061222/recordings/85173ed0c349eb78de81d08b7934d20a_ride_20980__uid_s_1000__uid_e_video.m3u8,/projects/u6ex/fbots/frodobots_raw/frodobots_data/output_rides_3/ride_20980_20240312061222
20240312062602,/projects/u6ex/fbots/frodobots_raw/frodobots_data/output_rides_3/ride_20984_20240312062602/recordings/4fc93cee754066a12cd80fa12d06544a_ride_20984__uid_s_1000__uid_e_video.m3u8,/projects/u6ex/fbots/frodobots_raw/frodobots_data/output_rides_3/ride_20984_20240312062602
20240312063026,/projects/u6ex/fbots/frodobots_raw/frodobots_data/output_rides_3/ride_20986_20240312063026/recordings/a7f10802eb4540f11781d3994c0680a1_ride_20986__uid_s_1000__uid_e_video.m3u8,/projects/u6ex/fbots/frodobots_raw/frodobots_data/output_rides_3/ride_20986_20240312063026
20240312072506,/projects/u6ex/fbots/frodobots_raw/frodobots_data/output_rides_3/ride_21000_20240312072506/recordings/54222693f143057ff094b594164540cb_ride_21000__uid_s_1000__uid_e_video.m3u8,/projects/u6ex/fbots/frodobots_raw/frodobots_data/output_rides_3/ride_21000_20240312072506
20240312073101,/projects/u6ex/fbots/frodobots_raw/frodobots_data/output_rides_3/ride_21003_20240312073101/recordings/224a5d430d43156c8ae41d8a6ab5c2bd_ride_21003__uid_s_1000__uid_e_video.m3u8,/projects/u6ex/fbots/frodobots_raw/frodobots_data/output_rides_3/ride_21003_20240312073101
20240312161325,/projects/u6ex/fbots/frodobots_raw/frodobots_data/output_rides_3/ride_21059_20240312161325/recordings/ed0efd7d4544bdbeb08e4ea40309c9f8_ride_21059__uid_s_1000__uid_e_video.m3u8,/projects/u6ex/fbots/frodobots_raw/frodobots_data/output_rides_3/ride_21059_20240312161325
20240312191156,/projects/u6ex/fbots/frodobots_raw/frodobots_data/output_rides_3/ride_21078_20240312191156/recordings/7d9ca2c6e0411d71047f7ba214bf9f7f_ride_21078__uid_s_1000__uid_e_video.m3u8,/projects/u6ex/fbots/frodobots_raw/frodobots_data/output_rides_3/ride_21078_20240312191156
20240312201504,/projects/u6ex/fbots/frodobots_raw/frodobots_data/output_rides_3/ride_21084_20240312201504/recordings/27558cb46042a7c63e256cb1f0973fda_ride_21084__uid_s_1000__uid_e_video.m3u8,/projects/u6ex/fbots/frodobots_raw/frodobots_data/output_rides_3/ride_21084_20240312201504
20240313062442,/projects/u6ex/fbots/frodobots_raw/frodobots_data/output_rides_3/ride_21210_20240313062442/recordings/a970c10ea14802d3a7e433ab98007b80_ride_21210__uid_s_1000__uid_e_video.m3u8,/projects/u6ex/fbots/frodobots_raw/frodobots_data/output_rides_3/ride_21210_20240313062442
20240313100542,/projects/u6ex/fbots/frodobots_raw/frodobots_data/output_rides_3/ride_21235_20240313100542/recordings/5b362d3ee54216e4c14977a8e754def0_ride_21235__uid_s_1000__uid_e_video.m3u8,/projects/u6ex/fbots/frodobots_raw/frodobots_data/output_rides_3/ride_21235_20240313100542
20240313112412,/projects/u6ex/fbots/frodobots_raw/frodobots_data/output_rides_3/ride_21244_20240313112412/recordings/125e6900ef48694799b31c8a3c7f9009_ride_21244__uid_s_1000__uid_e_video.m3u8,/projects/u6ex/fbots/frodobots_raw/frodobots_data/output_rides_3/ride_21244_20240313112412
20240313114112,/projects/u6ex/fbots/frodobots_raw/frodobots_data/output_rides_3/ride_21247_20240313114112/recordings/45f3be62e14dcb60944690b4db8632c3_ride_21247__uid_s_1000__uid_e_video.m3u8,/projects/u6ex/fbots/frodobots_raw/frodobots_data/output_rides_3/ride_21247_20240313114112
20240313133101,/projects/u6ex/fbots/frodobots_raw/frodobots_data/output_rides_3/ride_21263_20240313133101/recordings/10e645a84044382450feae80edd41f8e_ride_21263__uid_s_1000__uid_e_video.m3u8,/projects/u6ex/fbots/frodobots_raw/frodobots_data/output_rides_3/ride_21263_20240313133101
20240313172446,/projects/u6ex/fbots/frodobots_raw/frodobots_data/output_rides_3/ride_21288_20240313172446/recordings/c1a970ed644c8549c63c54bf2bcef34e_ride_21288__uid_s_1000__uid_e_video.m3u8,/projects/u6ex/fbots/frodobots_raw/frodobots_data/output_rides_3/ride_21288_20240313172446
20240314032710,/projects/u6ex/fbots/frodobots_raw/frodobots_data/output_rides_3/ride_21382_20240314032710/recordings/284a21e5bf49582b28a5f0934180ab7e_ride_21382__uid_s_1000__uid_e_video.m3u8,/projects/u6ex/fbots/frodobots_raw/frodobots_data/output_rides_3/ride_21382_20240314032710
20240314033021,/projects/u6ex/fbots/frodobots_raw/frodobots_data/output_rides_3/ride_21384_20240314033021/recordings/5730504c4549630fdf30e68ff5d3763b_ride_21384__uid_s_1000__uid_e_video.m3u8,/projects/u6ex/fbots/frodobots_raw/frodobots_data/output_rides_3/ride_21384_20240314033021
20240314033454,/projects/u6ex/fbots/frodobots_raw/frodobots_data/output_rides_3/ride_21385_20240314033454/recordings/072440459d4d7685f67ebea19e9d569d_ride_21385__uid_s_1000__uid_e_video.m3u8,/projects/u6ex/fbots/frodobots_raw/frodobots_data/output_rides_3/ride_21385_20240314033454
20240314034207,/projects/u6ex/fbots/frodobots_raw/frodobots_data/output_rides_3/ride_21387_20240314034207/recordings/e7cce1004340c58b8196edb36f2b19d2_ride_21387__uid_s_1000__uid_e_video.m3u8,/projects/u6ex/fbots/frodobots_raw/frodobots_data/output_rides_3/ride_21387_20240314034207
20240314040151,/projects/u6ex/fbots/frodobots_raw/frodobots_data/output_rides_3/ride_21392_20240314040151/recordings/63511b30b848efb2f0b0ff913e4a3f49_ride_21392__uid_s_1000__uid_e_video.m3u8,/projects/u6ex/fbots/frodobots_raw/frodobots_data/output_rides_3/ride_21392_20240314040151
20240314041003,/projects/u6ex/fbots/frodobots_raw/frodobots_data/output_rides_3/ride_21394_20240314041003/recordings/6120f386ca4c5bd1260c5990e188e0fc_ride_21394__uid_s_1000__uid_e_video.m3u8,/projects/u6ex/fbots/frodobots_raw/frodobots_data/output_rides_3/ride_21394_20240314041003
20240314041325,/projects/u6ex/fbots/frodobots_raw/frodobots_data/output_rides_3/ride_21397_20240314041325/recordings/0009db912541f90d3a42f09dc581916e_ride_21397__uid_s_1000__uid_e_video.m3u8,/projects/u6ex/fbots/frodobots_raw/frodobots_data/output_rides_3/ride_21397_20240314041325
20240314042123,/projects/u6ex/fbots/frodobots_raw/frodobots_data/output_rides_3/ride_21401_20240314042123/recordings/1552c7de5e4ca851e7800ebb099b1211_ride_21401__uid_s_1000__uid_e_video.m3u8,/projects/u6ex/fbots/frodobots_raw/frodobots_data/output_rides_3/ride_21401_20240314042123
20240314045949,/projects/u6ex/fbots/frodobots_raw/frodobots_data/output_rides_3/ride_21408_20240314045949/recordings/98e3b9f4ba48bd2728f66e9fcf51cd85_ride_21408__uid_s_1000__uid_e_video.m3u8,/projects/u6ex/fbots/frodobots_raw/frodobots_data/output_rides_3/ride_21408_20240314045949
20240314052913,/projects/u6ex/fbots/frodobots_raw/frodobots_data/output_rides_3/ride_21413_20240314052913/recordings/ede24be1f94ea3e9af91f19f4a8c7845_ride_21413__uid_s_1000__uid_e_video.m3u8,/projects/u6ex/fbots/frodobots_raw/frodobots_data/output_rides_3/ride_21413_20240314052913
20240314054340,/projects/u6ex/fbots/frodobots_raw/frodobots_data/output_rides_3/ride_21418_20240314054340/recordings/5c339da91740c3e5a866818de92f8989_ride_21418__uid_s_1000__uid_e_video.m3u8,/projects/u6ex/fbots/frodobots_raw/frodobots_data/output_rides_3/ride_21418_20240314054340
20240314060852,/projects/u6ex/fbots/frodobots_raw/frodobots_data/output_rides_3/ride_21428_20240314060852/recordings/88ef37866c4e8a45959f21912fbaf4ac_ride_21428__uid_s_1000__uid_e_video.m3u8,/projects/u6ex/fbots/frodobots_raw/frodobots_data/output_rides_3/ride_21428_20240314060852
20240314061926,/projects/u6ex/fbots/frodobots_raw/frodobots_data/output_rides_3/ride_21430_20240314061926/recordings/d74e875d0f47b1c990d1b4bd70ff9944_ride_21430__uid_s_1000__uid_e_video.m3u8,/projects/u6ex/fbots/frodobots_raw/frodobots_data/output_rides_3/ride_21430_20240314061926
20240314063613,/projects/u6ex/fbots/frodobots_raw/frodobots_data/output_rides_3/ride_21432_20240314063613/recordings/74196582a347f8cfbe5945bb4fe9f897_ride_21432__uid_s_1000__uid_e_video.m3u8,/projects/u6ex/fbots/frodobots_raw/frodobots_data/output_rides_3/ride_21432_20240314063613
20240314071621,/projects/u6ex/fbots/frodobots_raw/frodobots_data/output_rides_3/ride_21441_20240314071621/recordings/f8e5dd18fe47c050a6b91f8c4084cff8_ride_21441__uid_s_1000__uid_e_video.m3u8,/projects/u6ex/fbots/frodobots_raw/frodobots_data/output_rides_3/ride_21441_20240314071621
20240314072638,/projects/u6ex/fbots/frodobots_raw/frodobots_data/output_rides_3/ride_21445_20240314072638/recordings/1cc18c633e4d40d122b255ad2b11ee23_ride_21445__uid_s_1000__uid_e_video.m3u8,/projects/u6ex/fbots/frodobots_raw/frodobots_data/output_rides_3/ride_21445_20240314072638
20240314073443,/projects/u6ex/fbots/frodobots_raw/frodobots_data/output_rides_3/ride_21447_20240314073443/recordings/31cc95eeab48b3bfb87f10be5d74f833_ride_21447__uid_s_1000__uid_e_video.m3u8,/projects/u6ex/fbots/frodobots_raw/frodobots_data/output_rides_3/ride_21447_20240314073443
20240314073951,/projects/u6ex/fbots/frodobots_raw/frodobots_data/output_rides_3/ride_21451_20240314073951/recordings/36271d6a4a4e0de3eefd268c215080dd_ride_21451__uid_s_1000__uid_e_video.m3u8,/projects/u6ex/fbots/frodobots_raw/frodobots_data/output_rides_3/ride_21451_20240314073951
20240314075314,/projects/u6ex/fbots/frodobots_raw/frodobots_data/output_rides_3/ride_21460_20240314075314/recordings/bab14cc09d4b381469d731a592fbf1c0_ride_21460__uid_s_1000__uid_e_video.m3u8,/projects/u6ex/fbots/frodobots_raw/frodobots_data/output_rides_3/ride_21460_20240314075314
20240314075346,/projects/u6ex/fbots/frodobots_raw/frodobots_data/output_rides_3/ride_21461_20240314075346/recordings/6e1b4b387b4b03e1e6327a9a75b88839_ride_21461__uid_s_1000__uid_e_video.m3u8,/projects/u6ex/fbots/frodobots_raw/frodobots_data/output_rides_3/ride_21461_20240314075346
20240314082027,/projects/u6ex/fbots/frodobots_raw/frodobots_data/output_rides_3/ride_21464_20240314082027/recordings/3ecab8a8e84e675ab0da2caecf51e265_ride_21464__uid_s_1000__uid_e_video.m3u8,/projects/u6ex/fbots/frodobots_raw/frodobots_data/output_rides_3/ride_21464_20240314082027
20240314082536,/projects/u6ex/fbots/frodobots_raw/frodobots_data/output_rides_3/ride_21466_20240314082536/recordings/2bd0fcf86a48a01af7ef04bab736e798_ride_21466__uid_s_1000__uid_e_video.m3u8,/projects/u6ex/fbots/frodobots_raw/frodobots_data/output_rides_3/ride_21466_20240314082536
20240314083559,/projects/u6ex/fbots/frodobots_raw/frodobots_data/output_rides_3/ride_21469_20240314083559/recordings/41aa42130d4f92336f6950bad98f05c8_ride_21469__uid_s_1000__uid_e_video.m3u8,/projects/u6ex/fbots/frodobots_raw/frodobots_data/output_rides_3/ride_21469_20240314083559
20240314084704,/projects/u6ex/fbots/frodobots_raw/frodobots_data/output_rides_3/ride_21471_20240314084704/recordings/baa000c32b4e63d47ce2e1a5b76409c1_ride_21471__uid_s_1000__uid_e_video.m3u8,/projects/u6ex/fbots/frodobots_raw/frodobots_data/output_rides_3/ride_21471_20240314084704
20240314100819,/projects/u6ex/fbots/frodobots_raw/frodobots_data/output_rides_3/ride_21488_20240314100819/recordings/7322a822414b4313029dc39d9b51bf28_ride_21488__uid_s_1000__uid_e_video.m3u8,/projects/u6ex/fbots/frodobots_raw/frodobots_data/output_rides_3/ride_21488_20240314100819
20240314111804,/projects/u6ex/fbots/frodobots_raw/frodobots_data/output_rides_3/ride_21500_20240314111804/recordings/d604becd6c4b76fb63215ab01cdb3249_ride_21500__uid_s_1000__uid_e_video.m3u8,/projects/u6ex/fbots/frodobots_raw/frodobots_data/output_rides_3/ride_21500_20240314111804
20240314113507,/projects/u6ex/fbots/frodobots_raw/frodobots_data/output_rides_3/ride_21502_20240314113507/recordings/cef640a42c49e25440e0df903752b7ca_ride_21502__uid_s_1000__uid_e_video.m3u8,/projects/u6ex/fbots/frodobots_raw/frodobots_data/output_rides_3/ride_21502_20240314113507
20240314113829,/projects/u6ex/fbots/frodobots_raw/frodobots_data/output_rides_3/ride_21503_20240314113829/recordings/878ffffd3c4f03eec45550afea81b3f9_ride_21503__uid_s_1000__uid_e_video.m3u8,/projects/u6ex/fbots/frodobots_raw/frodobots_data/output_rides_3/ride_21503_20240314113829
20240314114148,/projects/u6ex/fbots/frodobots_raw/frodobots_data/output_rides_3/ride_21504_20240314114148/recordings/0b571048714e9111dae4918457e3eb42_ride_21504__uid_s_1000__uid_e_video.m3u8,/projects/u6ex/fbots/frodobots_raw/frodobots_data/output_rides_3/ride_21504_20240314114148
20240314114656,/projects/u6ex/fbots/frodobots_raw/frodobots_data/output_rides_3/ride_21507_20240314114656/recordings/a79118f79d427faa8275b89d41d9161f_ride_21507__uid_s_1000__uid_e_video.m3u8,/projects/u6ex/fbots/frodobots_raw/frodobots_data/output_rides_3/ride_21507_20240314114656
20240314121821,/projects/u6ex/fbots/frodobots_raw/frodobots_data/output_rides_3/ride_21518_20240314121821/recordings/3d1c23748343910f1ab749b8e09ddd04_ride_21518__uid_s_1000__uid_e_video.m3u8,/projects/u6ex/fbots/frodobots_raw/frodobots_data/output_rides_3/ride_21518_20240314121821
20240314122006,/projects/u6ex/fbots/frodobots_raw/frodobots_data/output_rides_3/ride_21519_20240314122006/recordings/d6f7670d364dd99bcf31fc855c451d6d_ride_21519__uid_s_1000__uid_e_video.m3u8,/projects/u6ex/fbots/frodobots_raw/frodobots_data/output_rides_3/ride_21519_20240314122006
20240314122113,/projects/u6ex/fbots/frodobots_raw/frodobots_data/output_rides_3/ride_21520_20240314122113/recordings/3674e4986a4d7a2488cf34aa7b3da520_ride_21520__uid_s_1000__uid_e_video.m3u8,/projects/u6ex/fbots/frodobots_raw/frodobots_data/output_rides_3/ride_21520_20240314122113
20240314122242,/projects/u6ex/fbots/frodobots_raw/frodobots_data/output_rides_3/ride_21521_20240314122242/recordings/394dd5c16049acd8d32c75bbe540b10d_ride_21521__uid_s_1000__uid_e_video.m3u8,/projects/u6ex/fbots/frodobots_raw/frodobots_data/output_rides_3/ride_21521_20240314122242
20240314122556,/projects/u6ex/fbots/frodobots_raw/frodobots_data/output_rides_3/ride_21522_20240314122556/recordings/600ea0e81a46829d35cff38f29859839_ride_21522__uid_s_1000__uid_e_video.m3u8,/projects/u6ex/fbots/frodobots_raw/frodobots_data/output_rides_3/ride_21522_20240314122556
20240314122834,/projects/u6ex/fbots/frodobots_raw/frodobots_data/output_rides_3/ride_21523_20240314122834/recordings/485633da374a490cc36cd283deb8724b_ride_21523__uid_s_1000__uid_e_video.m3u8,/projects/u6ex/fbots/frodobots_raw/frodobots_data/output_rides_3/ride_21523_20240314122834
20240314123017,/projects/u6ex/fbots/frodobots_raw/frodobots_data/output_rides_3/ride_21524_20240314123017/recordings/2b1c41af65460d8c9a686aa0bc871fa8_ride_21524__uid_s_1000__uid_e_video.m3u8,/projects/u6ex/fbots/frodobots_raw/frodobots_data/output_rides_3/ride_21524_20240314123017
20240314123500,/projects/u6ex/fbots/frodobots_raw/frodobots_data/output_rides_3/ride_21526_20240314123500/recordings/90b1906f194809a0e67be3b358b0fba6_ride_21526__uid_s_1000__uid_e_video.m3u8,/projects/u6ex/fbots/frodobots_raw/frodobots_data/output_rides_3/ride_21526_20240314123500
20240314123701,/projects/u6ex/fbots/frodobots_raw/frodobots_data/output_rides_3/ride_21527_20240314123701/recordings/fd0d5d99054a50efa74b6ea3246bf2f2_ride_21527__uid_s_1000__uid_e_video.m3u8,/projects/u6ex/fbots/frodobots_raw/frodobots_data/output_rides_3/ride_21527_20240314123701
20240314123929,/projects/u6ex/fbots/frodobots_raw/frodobots_data/output_rides_3/ride_21528_20240314123929/recordings/5818de86ce405b621dd317a882269ccb_ride_21528__uid_s_1000__uid_e_video.m3u8,/projects/u6ex/fbots/frodobots_raw/frodobots_data/output_rides_3/ride_21528_20240314123929
20240314221919,/projects/u6ex/fbots/frodobots_raw/frodobots_data/output_rides_3/ride_21602_20240314221919/recordings/d8130797bf4c202b39d9f19899f698cc_ride_21602__uid_s_1000__uid_e_video.m3u8,/projects/u6ex/fbots/frodobots_raw/frodobots_data/output_rides_3/ride_21602_20240314221919
20240315081419,/projects/u6ex/fbots/frodobots_raw/frodobots_data/output_rides_3/ride_21724_20240315081419/recordings/018ddb2b89483e05a7bcc2a90b36c3d1_ride_21724__uid_s_1000__uid_e_video.m3u8,/projects/u6ex/fbots/frodobots_raw/frodobots_data/output_rides_3/ride_21724_20240315081419
20240316031210,/projects/u6ex/fbots/frodobots_raw/frodobots_data/output_rides_4/ride_21814_20240316031210/recordings/9a808800664049cb48fec481e59b7b7a_ride_21814__uid_s_1000__uid_e_video.m3u8,/projects/u6ex/fbots/frodobots_raw/frodobots_data/output_rides_4/ride_21814_20240316031210
20240316031802,/projects/u6ex/fbots/frodobots_raw/frodobots_data/output_rides_4/ride_21817_20240316031802/recordings/64385421b642685950327e84e28f6826_ride_21817__uid_s_1000__uid_e_video.m3u8,/projects/u6ex/fbots/frodobots_raw/frodobots_data/output_rides_4/ride_21817_20240316031802
20240316032233,/projects/u6ex/fbots/frodobots_raw/frodobots_data/output_rides_4/ride_21818_20240316032233/recordings/4377ad2c8d4721d3aee9458f2daa83d8_ride_21818__uid_s_1000__uid_e_video.m3u8,/projects/u6ex/fbots/frodobots_raw/frodobots_data/output_rides_4/ride_21818_20240316032233
20240316034338,/projects/u6ex/fbots/frodobots_raw/frodobots_data/output_rides_4/ride_21821_20240316034338/recordings/c0e0b4dc31431f0979eed79a0e70ba37_ride_21821__uid_s_1000__uid_e_video.m3u8,/projects/u6ex/fbots/frodobots_raw/frodobots_data/output_rides_4/ride_21821_20240316034338
20240316041224,/projects/u6ex/fbots/frodobots_raw/frodobots_data/output_rides_4/ride_21826_20240316041224/recordings/467c6a242442f4a3c3e9e38a0b548a74_ride_21826__uid_s_1000__uid_e_video.m3u8,/projects/u6ex/fbots/frodobots_raw/frodobots_data/output_rides_4/ride_21826_20240316041224
20240316042020,/projects/u6ex/fbots/frodobots_raw/frodobots_data/output_rides_4/ride_21828_20240316042020/recordings/0bf83da99d439fbb7cf860813145ff15_ride_21828__uid_s_1000__uid_e_video.m3u8,/projects/u6ex/fbots/frodobots_raw/frodobots_data/output_rides_4/ride_21828_20240316042020
20240316044314,/projects/u6ex/fbots/frodobots_raw/frodobots_data/output_rides_4/ride_21834_20240316044314/recordings/52e0fdcfbb466c2944b05781b40fa08b_ride_21834__uid_s_1000__uid_e_video.m3u8,/projects/u6ex/fbots/frodobots_raw/frodobots_data/output_rides_4/ride_21834_20240316044314
20240316044849,/projects/u6ex/fbots/frodobots_raw/frodobots_data/output_rides_4/ride_21835_20240316044849/recordings/2ec4d21a2e41c721b7499bb0728db651_ride_21835__uid_s_1000__uid_e_video.m3u8,/projects/u6ex/fbots/frodobots_raw/frodobots_data/output_rides_4/ride_21835_20240316044849
20240316050323,/projects/u6ex/fbots/frodobots_raw/frodobots_data/output_rides_4/ride_21836_20240316050323/recordings/71e7d9d7fb4c009a6d57bc906d8caed1_ride_21836__uid_s_1000__uid_e_video.m3u8,/projects/u6ex/fbots/frodobots_raw/frodobots_data/output_rides_4/ride_21836_20240316050323
20240316050914,/projects/u6ex/fbots/frodobots_raw/frodobots_data/output_rides_4/ride_21838_20240316050914/recordings/78f2e4b44a41dbcaaa6511a0919152cb_ride_21838__uid_s_1000__uid_e_video.m3u8,/projects/u6ex/fbots/frodobots_raw/frodobots_data/output_rides_4/ride_21838_20240316050914
20240316051553,/projects/u6ex/fbots/frodobots_raw/frodobots_data/output_rides_4/ride_21840_20240316051553/recordings/c9a9edea46415366a463feab8b30e61f_ride_21840__uid_s_1000__uid_e_video.m3u8,/projects/u6ex/fbots/frodobots_raw/frodobots_data/output_rides_4/ride_21840_20240316051553
20240316052438,/projects/u6ex/fbots/frodobots_raw/frodobots_data/output_rides_4/ride_21843_20240316052438/recordings/824f690f574a95c79000e9a6707d9024_ride_21843__uid_s_1000__uid_e_video.m3u8,/projects/u6ex/fbots/frodobots_raw/frodobots_data/output_rides_4/ride_21843_20240316052438
20240316052522,/projects/u6ex/fbots/frodobots_raw/frodobots_data/output_rides_4/ride_21844_20240316052522/recordings/3f2a1dc56042cf11df3ffc92339c9e3b_ride_21844__uid_s_1000__uid_e_video.m3u8,/projects/u6ex/fbots/frodobots_raw/frodobots_data/output_rides_4/ride_21844_20240316052522
20240316053455,/projects/u6ex/fbots/frodobots_raw/frodobots_data/output_rides_4/ride_21845_20240316053455/recordings/fb1e160628461ddb8266d89e48f8971e_ride_21845__uid_s_1000__uid_e_video.m3u8,/projects/u6ex/fbots/frodobots_raw/frodobots_data/output_rides_4/ride_21845_20240316053455
20240316053940,/projects/u6ex/fbots/frodobots_raw/frodobots_data/output_rides_4/ride_21847_20240316053940/recordings/d46a9b4f654a1e8242c64398de63c0ff_ride_21847__uid_s_1000__uid_e_video.m3u8,/projects/u6ex/fbots/frodobots_raw/frodobots_data/output_rides_4/ride_21847_20240316053940
20240316054311,/projects/u6ex/fbots/frodobots_raw/frodobots_data/output_rides_4/ride_21848_20240316054311/recordings/60cccd636e4fceedee88b2817e468924_ride_21848__uid_s_1000__uid_e_video.m3u8,/projects/u6ex/fbots/frodobots_raw/frodobots_data/output_rides_4/ride_21848_20240316054311
20240316055251,/projects/u6ex/fbots/frodobots_raw/frodobots_data/output_rides_4/ride_21851_20240316055251/recordings/b88e2c346e4fec93ceab7db9c8cfa3d3_ride_21851__uid_s_1000__uid_e_video.m3u8,/projects/u6ex/fbots/frodobots_raw/frodobots_data/output_rides_4/ride_21851_20240316055251
20240316055747,/projects/u6ex/fbots/frodobots_raw/frodobots_data/output_rides_4/ride_21853_20240316055747/recordings/fc28973d7a4aa08478ed9ab392637413_ride_21853__uid_s_1000__uid_e_video.m3u8,/projects/u6ex/fbots/frodobots_raw/frodobots_data/output_rides_4/ride_21853_20240316055747
20240316060854,/projects/u6ex/fbots/frodobots_raw/frodobots_data/output_rides_4/ride_21854_20240316060854/recordings/d89480a7684953f5c0ffa59a58b2b1e7_ride_21854__uid_s_1000__uid_e_video.m3u8,/projects/u6ex/fbots/frodobots_raw/frodobots_data/output_rides_4/ride_21854_20240316060854
20240316061951,/projects/u6ex/fbots/frodobots_raw/frodobots_data/output_rides_4/ride_21855_20240316061951/recordings/82e3864ca5492fad98ba8eb6827ff3e8_ride_21855__uid_s_1000__uid_e_video.m3u8,/projects/u6ex/fbots/frodobots_raw/frodobots_data/output_rides_4/ride_21855_20240316061951
20240316062842,/projects/u6ex/fbots/frodobots_raw/frodobots_data/output_rides_4/ride_21858_20240316062842/recordings/9ece34f9ed46f672f95b78bf0ae32d21_ride_21858__uid_s_1000__uid_e_video.m3u8,/projects/u6ex/fbots/frodobots_raw/frodobots_data/output_rides_4/ride_21858_20240316062842
20240316064335,/projects/u6ex/fbots/frodobots_raw/frodobots_data/output_rides_4/ride_21860_20240316064335/recordings/743bbb1713482685c2aae387ea9a958c_ride_21860__uid_s_1000__uid_e_video.m3u8,/projects/u6ex/fbots/frodobots_raw/frodobots_data/output_rides_4/ride_21860_20240316064335
20240316064742,/projects/u6ex/fbots/frodobots_raw/frodobots_data/output_rides_4/ride_21862_20240316064742/recordings/7a7fe06d5244b1d8e43425b1b560f8dc_ride_21862__uid_s_1000__uid_e_video.m3u8,/projects/u6ex/fbots/frodobots_raw/frodobots_data/output_rides_4/ride_21862_20240316064742
20240316065601,/projects/u6ex/fbots/frodobots_raw/frodobots_data/output_rides_4/ride_21866_20240316065601/recordings/be46ed70554349adaa5ea1a432798c5b_ride_21866__uid_s_1000__uid_e_video.m3u8,/projects/u6ex/fbots/frodobots_raw/frodobots_data/output_rides_4/ride_21866_20240316065601
20240316070312,/projects/u6ex/fbots/frodobots_raw/frodobots_data/output_rides_4/ride_21868_20240316070312/recordings/71c9f468c04be52650f1daadd8bbf8ad_ride_21868__uid_s_1000__uid_e_video.m3u8,/projects/u6ex/fbots/frodobots_raw/frodobots_data/output_rides_4/ride_21868_20240316070312
20240316071204,/projects/u6ex/fbots/frodobots_raw/frodobots_data/output_rides_4/ride_21871_20240316071204/recordings/3d8b2ec08c491206277b7f9268803aa5_ride_21871__uid_s_1000__uid_e_video.m3u8,/projects/u6ex/fbots/frodobots_raw/frodobots_data/output_rides_4/ride_21871_20240316071204
20240316071829,/projects/u6ex/fbots/frodobots_raw/frodobots_data/output_rides_4/ride_21873_20240316071829/recordings/af32db5d174682e0731420b572e04c67_ride_21873__uid_s_1000__uid_e_video.m3u8,/projects/u6ex/fbots/frodobots_raw/frodobots_data/output_rides_4/ride_21873_20240316071829
20240316072920,/projects/u6ex/fbots/frodobots_raw/frodobots_data/output_rides_4/ride_21877_20240316072920/recordings/111c1e418c405f0d3e882b957dbb506a_ride_21877__uid_s_1000__uid_e_video.m3u8,/projects/u6ex/fbots/frodobots_raw/frodobots_data/output_rides_4/ride_21877_20240316072920
20240316073652,/projects/u6ex/fbots/frodobots_raw/frodobots_data/output_rides_4/ride_21879_20240316073652/recordings/be3325a4a048f65ec6fea282edcefe86_ride_21879__uid_s_1000__uid_e_video.m3u8,/projects/u6ex/fbots/frodobots_raw/frodobots_data/output_rides_4/ride_21879_20240316073652
20240316073845,/projects/u6ex/fbots/frodobots_raw/frodobots_data/output_rides_4/ride_21880_20240316073845/recordings/13ac3ba9fa47b7935c645383a16c387e_ride_21880__uid_s_1000__uid_e_video.m3u8,/projects/u6ex/fbots/frodobots_raw/frodobots_data/output_rides_4/ride_21880_20240316073845
20240316074321,/projects/u6ex/fbots/frodobots_raw/frodobots_data/output_rides_4/ride_21881_20240316074321/recordings/fff64dac1d4fc53a3fd74e97679bd603_ride_21881__uid_s_1000__uid_e_video.m3u8,/projects/u6ex/fbots/frodobots_raw/frodobots_data/output_rides_4/ride_21881_20240316074321
20240316075338,/projects/u6ex/fbots/frodobots_raw/frodobots_data/output_rides_4/ride_21884_20240316075338/recordings/dbf98b61944a2f88acaec9ab86472db4_ride_21884__uid_s_1000__uid_e_video.m3u8,/projects/u6ex/fbots/frodobots_raw/frodobots_data/output_rides_4/ride_21884_20240316075338
20240317021726,/projects/u6ex/fbots/frodobots_raw/frodobots_data/output_rides_4/ride_21941_20240317021726/recordings/8838bd9e924f01d81324cbaa856a8438_ride_21941__uid_s_1000__uid_e_video.m3u8,/projects/u6ex/fbots/frodobots_raw/frodobots_data/output_rides_4/ride_21941_20240317021726
20240317022320,/projects/u6ex/fbots/frodobots_raw/frodobots_data/output_rides_4/ride_21942_20240317022320/recordings/2ecf1bd29e4b9f6f188b8d806fe43628_ride_21942__uid_s_1000__uid_e_video.m3u8,/projects/u6ex/fbots/frodobots_raw/frodobots_data/output_rides_4/ride_21942_20240317022320
20240317023036,/projects/u6ex/fbots/frodobots_raw/frodobots_data/output_rides_4/ride_21943_20240317023036/recordings/a12289ef0d47a54e5484128d1cb219d1_ride_21943__uid_s_1000__uid_e_video.m3u8,/projects/u6ex/fbots/frodobots_raw/frodobots_data/output_rides_4/ride_21943_20240317023036
20240317030359,/projects/u6ex/fbots/frodobots_raw/frodobots_data/output_rides_4/ride_21948_20240317030359/recordings/4eec1e1a4c45de402afdfab6ae73260e_ride_21948__uid_s_1000__uid_e_video.m3u8,/projects/u6ex/fbots/frodobots_raw/frodobots_data/output_rides_4/ride_21948_20240317030359
20240317034158,/projects/u6ex/fbots/frodobots_raw/frodobots_data/output_rides_4/ride_21949_20240317034158/recordings/da71a5a9454313d20708b4ae4c4cd0c6_ride_21949__uid_s_1000__uid_e_video.m3u8,/projects/u6ex/fbots/frodobots_raw/frodobots_data/output_rides_4/ride_21949_20240317034158
20240317035652,/projects/u6ex/fbots/frodobots_raw/frodobots_data/output_rides_4/ride_21950_20240317035652/recordings/ed1f68e61846bd557ff7a4ae48a77c5f_ride_21950__uid_s_1000__uid_e_video.m3u8,/projects/u6ex/fbots/frodobots_raw/frodobots_data/output_rides_4/ride_21950_20240317035652
20240317040200,/projects/u6ex/fbots/frodobots_raw/frodobots_data/output_rides_4/ride_21951_20240317040200/recordings/3e93497b1d481ed011eb0fb96cdfb4c0_ride_21951__uid_s_1000__uid_e_video.m3u8,/projects/u6ex/fbots/frodobots_raw/frodobots_data/output_rides_4/ride_21951_20240317040200
20240317041555,/projects/u6ex/fbots/frodobots_raw/frodobots_data/output_rides_4/ride_21954_20240317041555/recordings/59db6ff0f64d6783c0d2c7ba71f57839_ride_21954__uid_s_1000__uid_e_video.m3u8,/projects/u6ex/fbots/frodobots_raw/frodobots_data/output_rides_4/ride_21954_20240317041555
20240317042700,/projects/u6ex/fbots/frodobots_raw/frodobots_data/output_rides_4/ride_21957_20240317042700/recordings/6905d8524f432a940d4ad681705a028a_ride_21957__uid_s_1000__uid_e_video.m3u8,/projects/u6ex/fbots/frodobots_raw/frodobots_data/output_rides_4/ride_21957_20240317042700
20240317043829,/projects/u6ex/fbots/frodobots_raw/frodobots_data/output_rides_4/ride_21958_20240317043829/recordings/f640da8b594f7279d450ff90015bde9f_ride_21958__uid_s_1000__uid_e_video.m3u8,/projects/u6ex/fbots/frodobots_raw/frodobots_data/output_rides_4/ride_21958_20240317043829
20240317044841,/projects/u6ex/fbots/frodobots_raw/frodobots_data/output_rides_4/ride_21960_20240317044841/recordings/198b1fb38e4c5b0716c7e6a17f3d0f9c_ride_21960__uid_s_1000__uid_e_video.m3u8,/projects/u6ex/fbots/frodobots_raw/frodobots_data/output_rides_4/ride_21960_20240317044841
20240317050004,/projects/u6ex/fbots/frodobots_raw/frodobots_data/output_rides_4/ride_21961_20240317050004/recordings/34f42838ba4b0e0fe69dabbf2f246a88_ride_21961__uid_s_1000__uid_e_video.m3u8,/projects/u6ex/fbots/frodobots_raw/frodobots_data/output_rides_4/ride_21961_20240317050004
20240317050743,/projects/u6ex/fbots/frodobots_raw/frodobots_data/output_rides_4/ride_21962_20240317050743/recordings/6d193cea834d7c0a36fceba5e8c789ca_ride_21962__uid_s_1000__uid_e_video.m3u8,/projects/u6ex/fbots/frodobots_raw/frodobots_data/output_rides_4/ride_21962_20240317050743
20240317051931,/projects/u6ex/fbots/frodobots_raw/frodobots_data/output_rides_4/ride_21963_20240317051931/recordings/77308488c547d8ac853bf5bd98801613_ride_21963__uid_s_1000__uid_e_video.m3u8,/projects/u6ex/fbots/frodobots_raw/frodobots_data/output_rides_4/ride_21963_20240317051931
20240317052858,/projects/u6ex/fbots/frodobots_raw/frodobots_data/output_rides_4/ride_21964_20240317052858/recordings/1692592a594bbfd1e89f6d8c85593ee6_ride_21964__uid_s_1000__uid_e_video.m3u8,/projects/u6ex/fbots/frodobots_raw/frodobots_data/output_rides_4/ride_21964_20240317052858
20240317054011,/projects/u6ex/fbots/frodobots_raw/frodobots_data/output_rides_4/ride_21966_20240317054011/recordings/d18f7b76214dcae5e9a030b9e39ad154_ride_21966__uid_s_1000__uid_e_video.m3u8,/projects/u6ex/fbots/frodobots_raw/frodobots_data/output_rides_4/ride_21966_20240317054011
20240317055213,/projects/u6ex/fbots/frodobots_raw/frodobots_data/output_rides_4/ride_21967_20240317055213/recordings/7766d7e05d41cea6362140be44849bad_ride_21967__uid_s_1000__uid_e_video.m3u8,/projects/u6ex/fbots/frodobots_raw/frodobots_data/output_rides_4/ride_21967_20240317055213
20240317055959,/projects/u6ex/fbots/frodobots_raw/frodobots_data/output_rides_4/ride_21968_20240317055959/recordings/35e43d9ae24b6e9e8fe3039614b16ec6_ride_21968__uid_s_1000__uid_e_video.m3u8,/projects/u6ex/fbots/frodobots_raw/frodobots_data/output_rides_4/ride_21968_20240317055959
20240317060915,/projects/u6ex/fbots/frodobots_raw/frodobots_data/output_rides_4/ride_21969_20240317060915/recordings/3867e8922f469c3f75cb7cb2d52d7c56_ride_21969__uid_s_1000__uid_e_video.m3u8,/projects/u6ex/fbots/frodobots_raw/frodobots_data/output_rides_4/ride_21969_20240317060915
20240317061842,/projects/u6ex/fbots/frodobots_raw/frodobots_data/output_rides_4/ride_21971_20240317061842/recordings/e69ac1ed01412c5faf3c34a8c975a5f4_ride_21971__uid_s_1000__uid_e_video.m3u8,/projects/u6ex/fbots/frodobots_raw/frodobots_data/output_rides_4/ride_21971_20240317061842
20240317213525,/projects/u6ex/fbots/frodobots_raw/frodobots_data/output_rides_4/ride_22001_20240317213525/recordings/689de84f894c4c9c2e5e11bedf992529_ride_22001__uid_s_1000__uid_e_video.m3u8,/projects/u6ex/fbots/frodobots_raw/frodobots_data/output_rides_4/ride_22001_20240317213525
20240318010127,/projects/u6ex/fbots/frodobots_raw/frodobots_data/output_rides_4/ride_22022_20240318010127/recordings/311b76882e401e632b3da297c705a087_ride_22022__uid_s_1000__uid_e_video.m3u8,/projects/u6ex/fbots/frodobots_raw/frodobots_data/output_rides_4/ride_22022_20240318010127
20240318095119,/projects/u6ex/fbots/frodobots_raw/frodobots_data/output_rides_4/ride_22152_20240318095119/recordings/9029db753b47e33293cfcc925281a603_ride_22152__uid_s_1000__uid_e_video.m3u8,/projects/u6ex/fbots/frodobots_raw/frodobots_data/output_rides_4/ride_22152_20240318095119
20240318095646,/projects/u6ex/fbots/frodobots_raw/frodobots_data/output_rides_4/ride_22153_20240318095646/recordings/581c60e450489858b604a99c6f2378f0_ride_22153__uid_s_1000__uid_e_video.m3u8,/projects/u6ex/fbots/frodobots_raw/frodobots_data/output_rides_4/ride_22153_20240318095646
20240318100919,/projects/u6ex/fbots/frodobots_raw/frodobots_data/output_rides_4/ride_22157_20240318100919/recordings/e4750851844cb6f11a68789e86cddd4a_ride_22157__uid_s_1000__uid_e_video.m3u8,/projects/u6ex/fbots/frodobots_raw/frodobots_data/output_rides_4/ride_22157_20240318100919
20240318101830,/projects/u6ex/fbots/frodobots_raw/frodobots_data/output_rides_4/ride_22159_20240318101830/recordings/adb43483a5413b5a0e856499ecbd6f84_ride_22159__uid_s_1000__uid_e_video.m3u8,/projects/u6ex/fbots/frodobots_raw/frodobots_data/output_rides_4/ride_22159_20240318101830
20240318103631,/projects/u6ex/fbots/frodobots_raw/frodobots_data/output_rides_4/ride_22161_20240318103631/recordings/4414a0afd546f380cc46e8beb4e6c607_ride_22161__uid_s_1000__uid_e_video.m3u8,/projects/u6ex/fbots/frodobots_raw/frodobots_data/output_rides_4/ride_22161_20240318103631
20240318104055,/projects/u6ex/fbots/frodobots_raw/frodobots_data/output_rides_4/ride_22162_20240318104055/recordings/7a33b43f3b4fb3d6d42aef90ce9e44b5_ride_22162__uid_s_1000__uid_e_video.m3u8,/projects/u6ex/fbots/frodobots_raw/frodobots_data/output_rides_4/ride_22162_20240318104055
20240319024853,/projects/u6ex/fbots/frodobots_raw/frodobots_data/output_rides_4/ride_22315_20240319024853/recordings/0977073c184b6aa55d8b19839d237379_ride_22315__uid_s_1000__uid_e_video.m3u8,/projects/u6ex/fbots/frodobots_raw/frodobots_data/output_rides_4/ride_22315_20240319024853
20240319031311,/projects/u6ex/fbots/frodobots_raw/frodobots_data/output_rides_4/ride_22321_20240319031311/recordings/09d0be59b84e78a16e4a219fd6d4f182_ride_22321__uid_s_1000__uid_e_video.m3u8,/projects/u6ex/fbots/frodobots_raw/frodobots_data/output_rides_4/ride_22321_20240319031311
20240319032029,/projects/u6ex/fbots/frodobots_raw/frodobots_data/output_rides_4/ride_22326_20240319032029/recordings/c00e6748744d9f2b419e9f92f5869aad_ride_22326__uid_s_1000__uid_e_video.m3u8,/projects/u6ex/fbots/frodobots_raw/frodobots_data/output_rides_4/ride_22326_20240319032029
20240319063154,/projects/u6ex/fbots/frodobots_raw/frodobots_data/output_rides_4/ride_22379_20240319063154/recordings/e19618fa4347a92ca0e561938f8f0cd6_ride_22379__uid_s_1000__uid_e_video.m3u8,/projects/u6ex/fbots/frodobots_raw/frodobots_data/output_rides_4/ride_22379_20240319063154
20240319063920,/projects/u6ex/fbots/frodobots_raw/frodobots_data/output_rides_4/ride_22381_20240319063920/recordings/9c4b1ac72e4c6303100c2aa5a8562cc8_ride_22381__uid_s_1000__uid_e_video.m3u8,/projects/u6ex/fbots/frodobots_raw/frodobots_data/output_rides_4/ride_22381_20240319063920
20240319070321,/projects/u6ex/fbots/frodobots_raw/frodobots_data/output_rides_4/ride_22386_20240319070321/recordings/47db2a9b4d42a2794e1881b722a3f4de_ride_22386__uid_s_1000__uid_e_video.m3u8,/projects/u6ex/fbots/frodobots_raw/frodobots_data/output_rides_4/ride_22386_20240319070321
20240319072635,/projects/u6ex/fbots/frodobots_raw/frodobots_data/output_rides_4/ride_22390_20240319072635/recordings/ad1c8daf0840f1e2253279921f63b5d7_ride_22390__uid_s_1000__uid_e_video.m3u8,/projects/u6ex/fbots/frodobots_raw/frodobots_data/output_rides_4/ride_22390_20240319072635
20240319075203,/projects/u6ex/fbots/frodobots_raw/frodobots_data/output_rides_4/ride_22396_20240319075203/recordings/4c41c1dc8a4d8d3e2e2cac87b12f5603_ride_22396__uid_s_1000__uid_e_video.m3u8,/projects/u6ex/fbots/frodobots_raw/frodobots_data/output_rides_4/ride_22396_20240319075203
20240319081151,/projects/u6ex/fbots/frodobots_raw/frodobots_data/output_rides_4/ride_22402_20240319081151/recordings/6226ddee564f49e1e1aff5a26444bc78_ride_22402__uid_s_1000__uid_e_video.m3u8,/projects/u6ex/fbots/frodobots_raw/frodobots_data/output_rides_4/ride_22402_20240319081151
20240319081655,/projects/u6ex/fbots/frodobots_raw/frodobots_data/output_rides_4/ride_22404_20240319081655/recordings/e3e5f9c1134e11779bc7e4a0eebcc24c_ride_22404__uid_s_1000__uid_e_video.m3u8,/projects/u6ex/fbots/frodobots_raw/frodobots_data/output_rides_4/ride_22404_20240319081655
20240319083510,/projects/u6ex/fbots/frodobots_raw/frodobots_data/output_rides_4/ride_22406_20240319083510/recordings/92658a4bd8441711612cec94473bdc07_ride_22406__uid_s_1000__uid_e_video.m3u8,/projects/u6ex/fbots/frodobots_raw/frodobots_data/output_rides_4/ride_22406_20240319083510
20240319085632,/projects/u6ex/fbots/frodobots_raw/frodobots_data/output_rides_4/ride_22409_20240319085632/recordings/d7b9b688084004ca54c084af810f845c_ride_22409__uid_s_1000__uid_e_video.m3u8,/projects/u6ex/fbots/frodobots_raw/frodobots_data/output_rides_4/ride_22409_20240319085632
20240319091506,/projects/u6ex/fbots/frodobots_raw/frodobots_data/output_rides_4/ride_22411_20240319091506/recordings/0b985f0c4442581295eaaeb9eafd0576_ride_22411__uid_s_1000__uid_e_video.m3u8,/projects/u6ex/fbots/frodobots_raw/frodobots_data/output_rides_4/ride_22411_20240319091506
20240319094054,/projects/u6ex/fbots/frodobots_raw/frodobots_data/output_rides_4/ride_22415_20240319094054/recordings/60379d592c448b794ce1828c8703cc60_ride_22415__uid_s_1000__uid_e_video.m3u8,/projects/u6ex/fbots/frodobots_raw/frodobots_data/output_rides_4/ride_22415_20240319094054
20240319095539,/projects/u6ex/fbots/frodobots_raw/frodobots_data/output_rides_4/ride_22418_20240319095539/recordings/ba6f6ab17448da4547bc7bb5cb585186_ride_22418__uid_s_1000__uid_e_video.m3u8,/projects/u6ex/fbots/frodobots_raw/frodobots_data/output_rides_4/ride_22418_20240319095539
20240319102750,/projects/u6ex/fbots/frodobots_raw/frodobots_data/output_rides_4/ride_22423_20240319102750/recordings/cb87ac1b4e445b2b6adae6b34e2bc0d3_ride_22423__uid_s_1000__uid_e_video.m3u8,/projects/u6ex/fbots/frodobots_raw/frodobots_data/output_rides_4/ride_22423_20240319102750
20240319103924,/projects/u6ex/fbots/frodobots_raw/frodobots_data/output_rides_4/ride_22427_20240319103924/recordings/e8a20d83ad40d31d599fa9a2cdae00bc_ride_22427__uid_s_1000__uid_e_video.m3u8,/projects/u6ex/fbots/frodobots_raw/frodobots_data/output_rides_4/ride_22427_20240319103924
20240319104752,/projects/u6ex/fbots/frodobots_raw/frodobots_data/output_rides_4/ride_22428_20240319104752/recordings/fe18b1a66c4349adfe3052bb1f0189f2_ride_22428__uid_s_1000__uid_e_video.m3u8,/projects/u6ex/fbots/frodobots_raw/frodobots_data/output_rides_4/ride_22428_20240319104752
20240319104821,/projects/u6ex/fbots/frodobots_raw/frodobots_data/output_rides_4/ride_22429_20240319104821/recordings/5738e1ad624d02455aeac79253d6ff8f_ride_22429__uid_s_1000__uid_e_video.m3u8,/projects/u6ex/fbots/frodobots_raw/frodobots_data/output_rides_4/ride_22429_20240319104821
20240319111015,/projects/u6ex/fbots/frodobots_raw/frodobots_data/output_rides_4/ride_22434_20240319111015/recordings/081f9cf8d648117d247e0da6433e2d94_ride_22434__uid_s_1000__uid_e_video.m3u8,/projects/u6ex/fbots/frodobots_raw/frodobots_data/output_rides_4/ride_22434_20240319111015
20240319111144,/projects/u6ex/fbots/frodobots_raw/frodobots_data/output_rides_4/ride_22435_20240319111144/recordings/4f3733749a4a4bcfcea457aefc5b62d7_ride_22435__uid_s_1000__uid_e_video.m3u8,/projects/u6ex/fbots/frodobots_raw/frodobots_data/output_rides_4/ride_22435_20240319111144
20240319115712,/projects/u6ex/fbots/frodobots_raw/frodobots_data/output_rides_4/ride_22442_20240319115712/recordings/5f652a5fd34a73a7537a1d84c6882241_ride_22442__uid_s_1000__uid_e_video.m3u8,/projects/u6ex/fbots/frodobots_raw/frodobots_data/output_rides_4/ride_22442_20240319115712
20240319122635,/projects/u6ex/fbots/frodobots_raw/frodobots_data/output_rides_4/ride_22445_20240319122635/recordings/ea9401bc6b4a1b452192f78989051759_ride_22445__uid_s_1000__uid_e_video.m3u8,/projects/u6ex/fbots/frodobots_raw/frodobots_data/output_rides_4/ride_22445_20240319122635
20240319123020,/projects/u6ex/fbots/frodobots_raw/frodobots_data/output_rides_4/ride_22446_20240319123020/recordings/9c7813c0d74a1bfe8cb6f28e480680a5_ride_22446__uid_s_1000__uid_e_video.m3u8,/projects/u6ex/fbots/frodobots_raw/frodobots_data/output_rides_4/ride_22446_20240319123020
20240319124141,/projects/u6ex/fbots/frodobots_raw/frodobots_data/output_rides_4/ride_22448_20240319124141/recordings/83f6024bc24089b5c5f56fb3713b175c_ride_22448__uid_s_1000__uid_e_video.m3u8,/projects/u6ex/fbots/frodobots_raw/frodobots_data/output_rides_4/ride_22448_20240319124141
20240319130316,/projects/u6ex/fbots/frodobots_raw/frodobots_data/output_rides_4/ride_22450_20240319130316/recordings/9853b1630a4e4bb67ca7b0b86479b1fc_ride_22450__uid_s_1000__uid_e_video.m3u8,/projects/u6ex/fbots/frodobots_raw/frodobots_data/output_rides_4/ride_22450_20240319130316
20240319132540,/projects/u6ex/fbots/frodobots_raw/frodobots_data/output_rides_4/ride_22452_20240319132540/recordings/e8f2320c494d702b790f9b8805188b74_ride_22452__uid_s_1000__uid_e_video.m3u8,/projects/u6ex/fbots/frodobots_raw/frodobots_data/output_rides_4/ride_22452_20240319132540
20240319133015,/projects/u6ex/fbots/frodobots_raw/frodobots_data/output_rides_4/ride_22453_20240319133015/recordings/7869d387f34d8fd0e32f6aa328cfd04a_ride_22453__uid_s_1000__uid_e_video.m3u8,/projects/u6ex/fbots/frodobots_raw/frodobots_data/output_rides_4/ride_22453_20240319133015
20240319220622,/projects/u6ex/fbots/frodobots_raw/frodobots_data/output_rides_4/ride_22529_20240319220622/recordings/171dce2409426bb7fe8d259cd20e8df3_ride_22529__uid_s_1000__uid_e_video.m3u8,/projects/u6ex/fbots/frodobots_raw/frodobots_data/output_rides_4/ride_22529_20240319220622
20240320064721,/projects/u6ex/fbots/frodobots_raw/frodobots_data/output_rides_4/ride_22642_20240320064721/recordings/ad8e857fa4448bb1ff37d1891de11001_ride_22642__uid_s_1000__uid_e_video.m3u8,/projects/u6ex/fbots/frodobots_raw/frodobots_data/output_rides_4/ride_22642_20240320064721
20240320065005,/projects/u6ex/fbots/frodobots_raw/frodobots_data/output_rides_4/ride_22643_20240320065005/recordings/6f7b5b9e0b4c32fd489e7b8019b1916c_ride_22643__uid_s_1000__uid_e_video.m3u8,/projects/u6ex/fbots/frodobots_raw/frodobots_data/output_rides_4/ride_22643_20240320065005
20240320084120,/projects/u6ex/fbots/frodobots_raw/frodobots_data/output_rides_4/ride_22669_20240320084120/recordings/c219cac8364e57ca9924948e1533f4d3_ride_22669__uid_s_1000__uid_e_video.m3u8,/projects/u6ex/fbots/frodobots_raw/frodobots_data/output_rides_4/ride_22669_20240320084120
20240320090811,/projects/u6ex/fbots/frodobots_raw/frodobots_data/output_rides_4/ride_22679_20240320090811/recordings/1369ae9a804d93d46c46318856fdeed3_ride_22679__uid_s_1000__uid_e_video.m3u8,/projects/u6ex/fbots/frodobots_raw/frodobots_data/output_rides_4/ride_22679_20240320090811
20240320100347,/projects/u6ex/fbots/frodobots_raw/frodobots_data/output_rides_4/ride_22691_20240320100347/recordings/8db41e96e84d8eeae4a5499109bd0886_ride_22691__uid_s_1000__uid_e_video.m3u8,/projects/u6ex/fbots/frodobots_raw/frodobots_data/output_rides_4/ride_22691_20240320100347
20240320103430,/projects/u6ex/fbots/frodobots_raw/frodobots_data/output_rides_4/ride_22696_20240320103430/recordings/73e5cb136642365a454c0a81e32e284d_ride_22696__uid_s_1000__uid_e_video.m3u8,/projects/u6ex/fbots/frodobots_raw/frodobots_data/output_rides_4/ride_22696_20240320103430
20240320103628,/projects/u6ex/fbots/frodobots_raw/frodobots_data/output_rides_4/ride_22697_20240320103628/recordings/05197db0804df28f94130a89923b5387_ride_22697__uid_s_1000__uid_e_video.m3u8,/projects/u6ex/fbots/frodobots_raw/frodobots_data/output_rides_4/ride_22697_20240320103628
20240320105215,/projects/u6ex/fbots/frodobots_raw/frodobots_data/output_rides_4/ride_22699_20240320105215/recordings/d7cb17499a466cc9fbeed9b95e8549c3_ride_22699__uid_s_1000__uid_e_video.m3u8,/projects/u6ex/fbots/frodobots_raw/frodobots_data/output_rides_4/ride_22699_20240320105215
20240320105743,/projects/u6ex/fbots/frodobots_raw/frodobots_data/output_rides_4/ride_22701_20240320105743/recordings/0f34c732b54b77bdb90e6db9ac7eea97_ride_22701__uid_s_1000__uid_e_video.m3u8,/projects/u6ex/fbots/frodobots_raw/frodobots_data/output_rides_4/ride_22701_20240320105743
20240320120406,/projects/u6ex/fbots/frodobots_raw/frodobots_data/output_rides_4/ride_22713_20240320120406/recordings/4ee358554648202af81e68a13a6aa106_ride_22713__uid_s_1000__uid_e_video.m3u8,/projects/u6ex/fbots/frodobots_raw/frodobots_data/output_rides_4/ride_22713_20240320120406
20240320122510,/projects/u6ex/fbots/frodobots_raw/frodobots_data/output_rides_4/ride_22716_20240320122510/recordings/4aa08904e4410849ae4e86a45a7df443_ride_22716__uid_s_1000__uid_e_video.m3u8,/projects/u6ex/fbots/frodobots_raw/frodobots_data/output_rides_4/ride_22716_20240320122510
20240320124157,/projects/u6ex/fbots/frodobots_raw/frodobots_data/output_rides_4/ride_22721_20240320124157/recordings/a902a8310e4d914f8bb622a585c60dc6_ride_22721__uid_s_1000__uid_e_video.m3u8,/projects/u6ex/fbots/frodobots_raw/frodobots_data/output_rides_4/ride_22721_20240320124157
20240320130544,/projects/u6ex/fbots/frodobots_raw/frodobots_data/output_rides_4/ride_22723_20240320130544/recordings/3d6770bfba451ea15efff9908b529d1a_ride_22723__uid_s_1000__uid_e_video.m3u8,/projects/u6ex/fbots/frodobots_raw/frodobots_data/output_rides_4/ride_22723_20240320130544
20240320132958,/projects/u6ex/fbots/frodobots_raw/frodobots_data/output_rides_4/ride_22727_20240320132958/recordings/9485c9c5f443f5c67d1613acfd13bd47_ride_22727__uid_s_1000__uid_e_video.m3u8,/projects/u6ex/fbots/frodobots_raw/frodobots_data/output_rides_4/ride_22727_20240320132958
20240320134302,/projects/u6ex/fbots/frodobots_raw/frodobots_data/output_rides_4/ride_22728_20240320134302/recordings/630c1cdfec4ab86e91908d867cd30aa0_ride_22728__uid_s_1000__uid_e_video.m3u8,/projects/u6ex/fbots/frodobots_raw/frodobots_data/output_rides_4/ride_22728_20240320134302
20240320140219,/projects/u6ex/fbots/frodobots_raw/frodobots_data/output_rides_4/ride_22729_20240320140219/recordings/eba310c1ae4f19fd5cbc7bbcaf84f473_ride_22729__uid_s_1000__uid_e_video.m3u8,/projects/u6ex/fbots/frodobots_raw/frodobots_data/output_rides_4/ride_22729_20240320140219
20240320142705,/projects/u6ex/fbots/frodobots_raw/frodobots_data/output_rides_4/ride_22732_20240320142705/recordings/9642a0bf9e4d690cc08da99caec6794c_ride_22732__uid_s_1000__uid_e_video.m3u8,/projects/u6ex/fbots/frodobots_raw/frodobots_data/output_rides_4/ride_22732_20240320142705
20240320150448,/projects/u6ex/fbots/frodobots_raw/frodobots_data/output_rides_4/ride_22740_20240320150448/recordings/9c1ce1c911486989fa93b5bdd2d460ea_ride_22740__uid_s_1000__uid_e_video.m3u8,/projects/u6ex/fbots/frodobots_raw/frodobots_data/output_rides_4/ride_22740_20240320150448
20240320154214,/projects/u6ex/fbots/frodobots_raw/frodobots_data/output_rides_4/ride_22748_20240320154214/recordings/3807a1ca764dbb655560b29bbdaf0e63_ride_22748__uid_s_1000__uid_e_video.m3u8,/projects/u6ex/fbots/frodobots_raw/frodobots_data/output_rides_4/ride_22748_20240320154214
20240320164115,/projects/u6ex/fbots/frodobots_raw/frodobots_data/output_rides_5/ride_22757_20240320164115/recordings/3d52afc006409365b9b6eb960cc69ac7_ride_22757__uid_s_1000__uid_e_video.m3u8,/projects/u6ex/fbots/frodobots_raw/frodobots_data/output_rides_5/ride_22757_20240320164115
20240320171607,/projects/u6ex/fbots/frodobots_raw/frodobots_data/output_rides_5/ride_22763_20240320171607/recordings/4e710b6c384e812a33a76991cc1569f5_ride_22763__uid_s_1000__uid_e_video.m3u8,/projects/u6ex/fbots/frodobots_raw/frodobots_data/output_rides_5/ride_22763_20240320171607
20240320173636,/projects/u6ex/fbots/frodobots_raw/frodobots_data/output_rides_5/ride_22768_20240320173636/recordings/aa9429db9b4ec6a1a4649f93bf060be2_ride_22768__uid_s_1000__uid_e_video.m3u8,/projects/u6ex/fbots/frodobots_raw/frodobots_data/output_rides_5/ride_22768_20240320173636
20240320174004,/projects/u6ex/fbots/frodobots_raw/frodobots_data/output_rides_5/ride_22772_20240320174004/recordings/28e2fe2ab7455acbbffa0693220da64e_ride_22772__uid_s_1000__uid_e_video.m3u8,/projects/u6ex/fbots/frodobots_raw/frodobots_data/output_rides_5/ride_22772_20240320174004
20240320193921,/projects/u6ex/fbots/frodobots_raw/frodobots_data/output_rides_5/ride_22788_20240320193921/recordings/82b566f4a0403c49dc3dc0b107eeb149_ride_22788__uid_s_1000__uid_e_video.m3u8,/projects/u6ex/fbots/frodobots_raw/frodobots_data/output_rides_5/ride_22788_20240320193921
20240320220641,/projects/u6ex/fbots/frodobots_raw/frodobots_data/output_rides_5/ride_22818_20240320220641/recordings/c658a2ec9d43ce1d49d17fb0a98f9bd2_ride_22818__uid_s_1000__uid_e_video.m3u8,/projects/u6ex/fbots/frodobots_raw/frodobots_data/output_rides_5/ride_22818_20240320220641
20240320221512,/projects/u6ex/fbots/frodobots_raw/frodobots_data/output_rides_5/ride_22821_20240320221512/recordings/e4b816117a4ded47116933a29a19c5fd_ride_22821__uid_s_1000__uid_e_video.m3u8,/projects/u6ex/fbots/frodobots_raw/frodobots_data/output_rides_5/ride_22821_20240320221512
20240321102234,/projects/u6ex/fbots/frodobots_raw/frodobots_data/output_rides_5/ride_23017_20240321102234/recordings/a4d1a699204dffef119e0eac3da21520_ride_23017__uid_s_1000__uid_e_video.m3u8,/projects/u6ex/fbots/frodobots_raw/frodobots_data/output_rides_5/ride_23017_20240321102234
20240321102433,/projects/u6ex/fbots/frodobots_raw/frodobots_data/output_rides_5/ride_23019_20240321102433/recordings/8fdefb65ac470b5294a859bdccfbd1c1_ride_23019__uid_s_1000__uid_e_video.m3u8,/projects/u6ex/fbots/frodobots_raw/frodobots_data/output_rides_5/ride_23019_20240321102433
20240321103013,/projects/u6ex/fbots/frodobots_raw/frodobots_data/output_rides_5/ride_23022_20240321103013/recordings/e69d7d862d42a87411d85298a66df1a6_ride_23022__uid_s_1000__uid_e_video.m3u8,/projects/u6ex/fbots/frodobots_raw/frodobots_data/output_rides_5/ride_23022_20240321103013
20240321113325,/projects/u6ex/fbots/frodobots_raw/frodobots_data/output_rides_5/ride_23039_20240321113325/recordings/68e4f7446845d9bf14e615bec8036c22_ride_23039__uid_s_1000__uid_e_video.m3u8,/projects/u6ex/fbots/frodobots_raw/frodobots_data/output_rides_5/ride_23039_20240321113325
20240321113852,/projects/u6ex/fbots/frodobots_raw/frodobots_data/output_rides_5/ride_23040_20240321113852/recordings/2668cfd58540b8275e529bbfe7b22a7d_ride_23040__uid_s_1000__uid_e_video.m3u8,/projects/u6ex/fbots/frodobots_raw/frodobots_data/output_rides_5/ride_23040_20240321113852
20240321121531,/projects/u6ex/fbots/frodobots_raw/frodobots_data/output_rides_5/ride_23049_20240321121531/recordings/249b4c342c4b19a935b7008e6e057986_ride_23049__uid_s_1000__uid_e_video.m3u8,/projects/u6ex/fbots/frodobots_raw/frodobots_data/output_rides_5/ride_23049_20240321121531
20240321123112,/projects/u6ex/fbots/frodobots_raw/frodobots_data/output_rides_5/ride_23057_20240321123112/recordings/19294a0fa74303b24bda5ba767ed6487_ride_23057__uid_s_1000__uid_e_video.m3u8,/projects/u6ex/fbots/frodobots_raw/frodobots_data/output_rides_5/ride_23057_20240321123112
20240322023224,/projects/u6ex/fbots/frodobots_raw/frodobots_data/output_rides_5/ride_23207_20240322023224/recordings/f5909f36334b524a49596d908eb5c886_ride_23207__uid_s_1000__uid_e_video.m3u8,/projects/u6ex/fbots/frodobots_raw/frodobots_data/output_rides_5/ride_23207_20240322023224
20240322024819,/projects/u6ex/fbots/frodobots_raw/frodobots_data/output_rides_5/ride_23215_20240322024819/recordings/5c061c3d1148541ed09a09a4107c75ee_ride_23215__uid_s_1000__uid_e_video.m3u8,/projects/u6ex/fbots/frodobots_raw/frodobots_data/output_rides_5/ride_23215_20240322024819
20240322032441,/projects/u6ex/fbots/frodobots_raw/frodobots_data/output_rides_5/ride_23228_20240322032441/recordings/5c7f85db834302578776f39ef3368092_ride_23228__uid_s_1000__uid_e_video.m3u8,/projects/u6ex/fbots/frodobots_raw/frodobots_data/output_rides_5/ride_23228_20240322032441
20240322051424,/projects/u6ex/fbots/frodobots_raw/frodobots_data/output_rides_5/ride_23269_20240322051424/recordings/435e48bd984208beb72b5b82873bae52_ride_23269__uid_s_1000__uid_e_video.m3u8,/projects/u6ex/fbots/frodobots_raw/frodobots_data/output_rides_5/ride_23269_20240322051424
20240322054850,/projects/u6ex/fbots/frodobots_raw/frodobots_data/output_rides_5/ride_23278_20240322054850/recordings/ef8b65eab6444b2a51c1b480652c9055_ride_23278__uid_s_1000__uid_e_video.m3u8,/projects/u6ex/fbots/frodobots_raw/frodobots_data/output_rides_5/ride_23278_20240322054850
20240322063624,/projects/u6ex/fbots/frodobots_raw/frodobots_data/output_rides_5/ride_23288_20240322063624/recordings/6c6191a2964ab015e4103ba2bfc3ddc1_ride_23288__uid_s_1000__uid_e_video.m3u8,/projects/u6ex/fbots/frodobots_raw/frodobots_data/output_rides_5/ride_23288_20240322063624
20240322073408,/projects/u6ex/fbots/frodobots_raw/frodobots_data/output_rides_5/ride_23298_20240322073408/recordings/6c43582ec64b913e6583f7bc4b139db9_ride_23298__uid_s_1000__uid_e_video.m3u8,/projects/u6ex/fbots/frodobots_raw/frodobots_data/output_rides_5/ride_23298_20240322073408
20240322080050,/projects/u6ex/fbots/frodobots_raw/frodobots_data/output_rides_5/ride_23304_20240322080050/recordings/dfa10cc67e487b89d67cfab62df773cd_ride_23304__uid_s_1000__uid_e_video.m3u8,/projects/u6ex/fbots/frodobots_raw/frodobots_data/output_rides_5/ride_23304_20240322080050
20240322080205,/projects/u6ex/fbots/frodobots_raw/frodobots_data/output_rides_5/ride_23305_20240322080205/recordings/8177b8195f443be020b72f9ef39fef12_ride_23305__uid_s_1000__uid_e_video.m3u8,/projects/u6ex/fbots/frodobots_raw/frodobots_data/output_rides_5/ride_23305_20240322080205
20240322081358,/projects/u6ex/fbots/frodobots_raw/frodobots_data/output_rides_5/ride_23309_20240322081358/recordings/277f25057f4d673a99f356b46cea51b9_ride_23309__uid_s_1000__uid_e_video.m3u8,/projects/u6ex/fbots/frodobots_raw/frodobots_data/output_rides_5/ride_23309_20240322081358
20240322084111,/projects/u6ex/fbots/frodobots_raw/frodobots_data/output_rides_5/ride_23318_20240322084111/recordings/7a1860ce0d47ec19d5ebd99793c9f14b_ride_23318__uid_s_1000__uid_e_video.m3u8,/projects/u6ex/fbots/frodobots_raw/frodobots_data/output_rides_5/ride_23318_20240322084111
20240322090318,/projects/u6ex/fbots/frodobots_raw/frodobots_data/output_rides_5/ride_23323_20240322090318/recordings/4c1d182b724f1f7755b0de8bd2f3e785_ride_23323__uid_s_1000__uid_e_video.m3u8,/projects/u6ex/fbots/frodobots_raw/frodobots_data/output_rides_5/ride_23323_20240322090318
20240322092209,/projects/u6ex/fbots/frodobots_raw/frodobots_data/output_rides_5/ride_23329_20240322092209/recordings/d430200a7545a721fef793a38b579411_ride_23329__uid_s_1000__uid_e_video.m3u8,/projects/u6ex/fbots/frodobots_raw/frodobots_data/output_rides_5/ride_23329_20240322092209
20240322092654,/projects/u6ex/fbots/frodobots_raw/frodobots_data/output_rides_5/ride_23332_20240322092654/recordings/05170fc0b841d30e77548bbcc4495303_ride_23332__uid_s_1000__uid_e_video.m3u8,/projects/u6ex/fbots/frodobots_raw/frodobots_data/output_rides_5/ride_23332_20240322092654
20240322093120,/projects/u6ex/fbots/frodobots_raw/frodobots_data/output_rides_5/ride_23334_20240322093120/recordings/ec0cd45eb040bac2afa7c88e7c96b3be_ride_23334__uid_s_1000__uid_e_video.m3u8,/projects/u6ex/fbots/frodobots_raw/frodobots_data/output_rides_5/ride_23334_20240322093120
20240322093712,/projects/u6ex/fbots/frodobots_raw/frodobots_data/output_rides_5/ride_23339_20240322093712/recordings/6159dcec564771983512278bfc24465a_ride_23339__uid_s_1000__uid_e_video.m3u8,/projects/u6ex/fbots/frodobots_raw/frodobots_data/output_rides_5/ride_23339_20240322093712
20240322094153,/projects/u6ex/fbots/frodobots_raw/frodobots_data/output_rides_5/ride_23340_20240322094153/recordings/7911b332764a72de8eeecabc1af90074_ride_23340__uid_s_1000__uid_e_video.m3u8,/projects/u6ex/fbots/frodobots_raw/frodobots_data/output_rides_5/ride_23340_20240322094153
20240322094630,/projects/u6ex/fbots/frodobots_raw/frodobots_data/output_rides_5/ride_23342_20240322094630/recordings/1a9bd427864e53eb62a46f8d000392f7_ride_23342__uid_s_1000__uid_e_video.m3u8,/projects/u6ex/fbots/frodobots_raw/frodobots_data/output_rides_5/ride_23342_20240322094630
20240322094839,/projects/u6ex/fbots/frodobots_raw/frodobots_data/output_rides_5/ride_23343_20240322094839/recordings/00f38787c4415dc660723dbbd1ffb462_ride_23343__uid_s_1000__uid_e_video.m3u8,/projects/u6ex/fbots/frodobots_raw/frodobots_data/output_rides_5/ride_23343_20240322094839
20240322094859,/projects/u6ex/fbots/frodobots_raw/frodobots_data/output_rides_5/ride_23344_20240322094859/recordings/b4b75a7baa49169040db7d9b784109d4_ride_23344__uid_s_1000__uid_e_video.m3u8,/projects/u6ex/fbots/frodobots_raw/frodobots_data/output_rides_5/ride_23344_20240322094859
20240322095052,/projects/u6ex/fbots/frodobots_raw/frodobots_data/output_rides_5/ride_23345_20240322095052/recordings/85f7b4146e42be1a4040ad8759387800_ride_23345__uid_s_1000__uid_e_video.m3u8,/projects/u6ex/fbots/frodobots_raw/frodobots_data/output_rides_5/ride_23345_20240322095052
20240322100659,/projects/u6ex/fbots/frodobots_raw/frodobots_data/output_rides_5/ride_23352_20240322100659/recordings/1e6688ef9b451da37cb8c78b884603ff_ride_23352__uid_s_1000__uid_e_video.m3u8,/projects/u6ex/fbots/frodobots_raw/frodobots_data/output_rides_5/ride_23352_20240322100659
20240322100855,/projects/u6ex/fbots/frodobots_raw/frodobots_data/output_rides_5/ride_23354_20240322100855/recordings/ad9fc1f96d4272e5c68a8eb07568976c_ride_23354__uid_s_1000__uid_e_video.m3u8,/projects/u6ex/fbots/frodobots_raw/frodobots_data/output_rides_5/ride_23354_20240322100855
20240322102211,/projects/u6ex/fbots/frodobots_raw/frodobots_data/output_rides_5/ride_23358_20240322102211/recordings/24f42e5619401c257a9b6797cb03f82f_ride_23358__uid_s_1000__uid_e_video.m3u8,/projects/u6ex/fbots/frodobots_raw/frodobots_data/output_rides_5/ride_23358_20240322102211
20240322102326,/projects/u6ex/fbots/frodobots_raw/frodobots_data/output_rides_5/ride_23360_20240322102326/recordings/1cd0cb53ec4d3e7a1ecd228acd64e4a6_ride_23360__uid_s_1000__uid_e_video.m3u8,/projects/u6ex/fbots/frodobots_raw/frodobots_data/output_rides_5/ride_23360_20240322102326
20240322104146,/projects/u6ex/fbots/frodobots_raw/frodobots_data/output_rides_5/ride_23364_20240322104146/recordings/72ae73231a49487784de0883f96a10fe_ride_23364__uid_s_1000__uid_e_video.m3u8,/projects/u6ex/fbots/frodobots_raw/frodobots_data/output_rides_5/ride_23364_20240322104146
20240322104504,/projects/u6ex/fbots/frodobots_raw/frodobots_data/output_rides_5/ride_23366_20240322104504/recordings/fb42110d144870ec459c079ef7234820_ride_23366__uid_s_1000__uid_e_video.m3u8,/projects/u6ex/fbots/frodobots_raw/frodobots_data/output_rides_5/ride_23366_20240322104504
20240322112652,/projects/u6ex/fbots/frodobots_raw/frodobots_data/output_rides_5/ride_23376_20240322112652/recordings/1266c3557f44cdc4a52c3580826324e9_ride_23376__uid_s_1000__uid_e_video.m3u8,/projects/u6ex/fbots/frodobots_raw/frodobots_data/output_rides_5/ride_23376_20240322112652
20240322112735,/projects/u6ex/fbots/frodobots_raw/frodobots_data/output_rides_5/ride_23377_20240322112735/recordings/7c6b73475844c0888e0e108080eade83_ride_23377__uid_s_1000__uid_e_video.m3u8,/projects/u6ex/fbots/frodobots_raw/frodobots_data/output_rides_5/ride_23377_20240322112735
20240322112947,/projects/u6ex/fbots/frodobots_raw/frodobots_data/output_rides_5/ride_23378_20240322112947/recordings/17021756194f494c94fda09e0f4c9258_ride_23378__uid_s_1000__uid_e_video.m3u8,/projects/u6ex/fbots/frodobots_raw/frodobots_data/output_rides_5/ride_23378_20240322112947
20240322113451,/projects/u6ex/fbots/frodobots_raw/frodobots_data/output_rides_5/ride_23380_20240322113451/recordings/a2b2702e344a6532a91fa3a3b7364bf7_ride_23380__uid_s_1000__uid_e_video.m3u8,/projects/u6ex/fbots/frodobots_raw/frodobots_data/output_rides_5/ride_23380_20240322113451
20240322113542,/projects/u6ex/fbots/frodobots_raw/frodobots_data/output_rides_5/ride_23381_20240322113542/recordings/18032bbf354efca97a003abfb9a41a73_ride_23381__uid_s_1000__uid_e_video.m3u8,/projects/u6ex/fbots/frodobots_raw/frodobots_data/output_rides_5/ride_23381_20240322113542
20240322121327,/projects/u6ex/fbots/frodobots_raw/frodobots_data/output_rides_5/ride_23388_20240322121327/recordings/48f86f51a54172b99ecf93938f1aabdb_ride_23388__uid_s_1000__uid_e_video.m3u8,/projects/u6ex/fbots/frodobots_raw/frodobots_data/output_rides_5/ride_23388_20240322121327
20240322121359,/projects/u6ex/fbots/frodobots_raw/frodobots_data/output_rides_5/ride_23389_20240322121359/recordings/83dac7b8384904460a2f958c799fdb21_ride_23389__uid_s_1000__uid_e_video.m3u8,/projects/u6ex/fbots/frodobots_raw/frodobots_data/output_rides_5/ride_23389_20240322121359
20240322121611,/projects/u6ex/fbots/frodobots_raw/frodobots_data/output_rides_5/ride_23391_20240322121611/recordings/1778ddcbcc459595fe88269bc803f376_ride_23391__uid_s_1000__uid_e_video.m3u8,/projects/u6ex/fbots/frodobots_raw/frodobots_data/output_rides_5/ride_23391_20240322121611
20240322121744,/projects/u6ex/fbots/frodobots_raw/frodobots_data/output_rides_5/ride_23392_20240322121744/recordings/763873078541badea54c2e80a10b3465_ride_23392__uid_s_1000__uid_e_video.m3u8,/projects/u6ex/fbots/frodobots_raw/frodobots_data/output_rides_5/ride_23392_20240322121744
20240322122806,/projects/u6ex/fbots/frodobots_raw/frodobots_data/output_rides_5/ride_23396_20240322122806/recordings/4ec11849ad4e464f54a553a19ec4e03d_ride_23396__uid_s_1000__uid_e_video.m3u8,/projects/u6ex/fbots/frodobots_raw/frodobots_data/output_rides_5/ride_23396_20240322122806
20240322124215,/projects/u6ex/fbots/frodobots_raw/frodobots_data/output_rides_5/ride_23404_20240322124215/recordings/d9a7de67624d8f9504ed9cb5fc7122ad_ride_23404__uid_s_1000__uid_e_video.m3u8,/projects/u6ex/fbots/frodobots_raw/frodobots_data/output_rides_5/ride_23404_20240322124215
20240322125751,/projects/u6ex/fbots/frodobots_raw/frodobots_data/output_rides_5/ride_23411_20240322125751/recordings/50c7c1701e452de09f165bb197eb51f3_ride_23411__uid_s_1000__uid_e_video.m3u8,/projects/u6ex/fbots/frodobots_raw/frodobots_data/output_rides_5/ride_23411_20240322125751
20240322132721,/projects/u6ex/fbots/frodobots_raw/frodobots_data/output_rides_5/ride_23417_20240322132721/recordings/fcd9ff4d7e4defabf08c9d95aaad9070_ride_23417__uid_s_1000__uid_e_video.m3u8,/projects/u6ex/fbots/frodobots_raw/frodobots_data/output_rides_5/ride_23417_20240322132721
20240322133035,/projects/u6ex/fbots/frodobots_raw/frodobots_data/output_rides_5/ride_23419_20240322133035/recordings/e349f50690455b9bc37d0f9b8396d533_ride_23419__uid_s_1000__uid_e_video.m3u8,/projects/u6ex/fbots/frodobots_raw/frodobots_data/output_rides_5/ride_23419_20240322133035
20240322134402,/projects/u6ex/fbots/frodobots_raw/frodobots_data/output_rides_5/ride_23422_20240322134402/recordings/6beeb5dd1944e2bb3cf25083e04807a2_ride_23422__uid_s_1000__uid_e_video.m3u8,/projects/u6ex/fbots/frodobots_raw/frodobots_data/output_rides_5/ride_23422_20240322134402
20240322135549,/projects/u6ex/fbots/frodobots_raw/frodobots_data/output_rides_5/ride_23425_20240322135549/recordings/4966833f564716dad381e98164b576d4_ride_23425__uid_s_1000__uid_e_video.m3u8,/projects/u6ex/fbots/frodobots_raw/frodobots_data/output_rides_5/ride_23425_20240322135549
20240322140445,/projects/u6ex/fbots/frodobots_raw/frodobots_data/output_rides_5/ride_23426_20240322140445/recordings/87cfdf5f6244c23258c3bbb834c53937_ride_23426__uid_s_1000__uid_e_video.m3u8,/projects/u6ex/fbots/frodobots_raw/frodobots_data/output_rides_5/ride_23426_20240322140445
20240322141413,/projects/u6ex/fbots/frodobots_raw/frodobots_data/output_rides_5/ride_23429_20240322141413/recordings/e685f980ab49f3902ebad3819ec1d617_ride_23429__uid_s_1000__uid_e_video.m3u8,/projects/u6ex/fbots/frodobots_raw/frodobots_data/output_rides_5/ride_23429_20240322141413
20240322142432,/projects/u6ex/fbots/frodobots_raw/frodobots_data/output_rides_5/ride_23434_20240322142432/recordings/31523942b745d00606713f8f792fae41_ride_23434__uid_s_1000__uid_e_video.m3u8,/projects/u6ex/fbots/frodobots_raw/frodobots_data/output_rides_5/ride_23434_20240322142432
20240322144045,/projects/u6ex/fbots/frodobots_raw/frodobots_data/output_rides_5/ride_23439_20240322144045/recordings/2439310da742b674f23ffc81e893be1d_ride_23439__uid_s_1000__uid_e_video.m3u8,/projects/u6ex/fbots/frodobots_raw/frodobots_data/output_rides_5/ride_23439_20240322144045
20240322144347,/projects/u6ex/fbots/frodobots_raw/frodobots_data/output_rides_5/ride_23440_20240322144347/recordings/d043f5a7c84d90beb88ec6a6b644a268_ride_23440__uid_s_1000__uid_e_video.m3u8,/projects/u6ex/fbots/frodobots_raw/frodobots_data/output_rides_5/ride_23440_20240322144347
20240322145934,/projects/u6ex/fbots/frodobots_raw/frodobots_data/output_rides_5/ride_23444_20240322145934/recordings/37991bde20481f5758ed50b164374911_ride_23444__uid_s_1000__uid_e_video.m3u8,/projects/u6ex/fbots/frodobots_raw/frodobots_data/output_rides_5/ride_23444_20240322145934
20240322150221,/projects/u6ex/fbots/frodobots_raw/frodobots_data/output_rides_5/ride_23446_20240322150221/recordings/805f44eca943d9fb635594b493b68630_ride_23446__uid_s_1000__uid_e_video.m3u8,/projects/u6ex/fbots/frodobots_raw/frodobots_data/output_rides_5/ride_23446_20240322150221
20240322151403,/projects/u6ex/fbots/frodobots_raw/frodobots_data/output_rides_5/ride_23447_20240322151403/recordings/138e30487a440ead38e568a269a339cf_ride_23447__uid_s_1000__uid_e_video.m3u8,/projects/u6ex/fbots/frodobots_raw/frodobots_data/output_rides_5/ride_23447_20240322151403
20240322151638,/projects/u6ex/fbots/frodobots_raw/frodobots_data/output_rides_5/ride_23449_20240322151638/recordings/331157208b47e02c1ac00f946dfaf1d8_ride_23449__uid_s_1000__uid_e_video.m3u8,/projects/u6ex/fbots/frodobots_raw/frodobots_data/output_rides_5/ride_23449_20240322151638
20240322152804,/projects/u6ex/fbots/frodobots_raw/frodobots_data/output_rides_5/ride_23451_20240322152804/recordings/579c998fb94b8a73788eac9691a34325_ride_23451__uid_s_1000__uid_e_video.m3u8,/projects/u6ex/fbots/frodobots_raw/frodobots_data/output_rides_5/ride_23451_20240322152804
20240322153935,/projects/u6ex/fbots/frodobots_raw/frodobots_data/output_rides_5/ride_23456_20240322153935/recordings/d7450df34840944907719488c85ba96a_ride_23456__uid_s_1000__uid_e_video.m3u8,/projects/u6ex/fbots/frodobots_raw/frodobots_data/output_rides_5/ride_23456_20240322153935
20240322155258,/projects/u6ex/fbots/frodobots_raw/frodobots_data/output_rides_5/ride_23461_20240322155258/recordings/4663b04d724f55f37ccd85a82e43970a_ride_23461__uid_s_1000__uid_e_video.m3u8,/projects/u6ex/fbots/frodobots_raw/frodobots_data/output_rides_5/ride_23461_20240322155258
20240322160405,/projects/u6ex/fbots/frodobots_raw/frodobots_data/output_rides_5/ride_23468_20240322160405/recordings/4d87e315c64d44f5c2386aac57ec1876_ride_23468__uid_s_1000__uid_e_video.m3u8,/projects/u6ex/fbots/frodobots_raw/frodobots_data/output_rides_5/ride_23468_20240322160405
20240322161750,/projects/u6ex/fbots/frodobots_raw/frodobots_data/output_rides_5/ride_23470_20240322161750/recordings/869b6235274add4e4b5911a4a6d9432b_ride_23470__uid_s_1000__uid_e_video.m3u8,/projects/u6ex/fbots/frodobots_raw/frodobots_data/output_rides_5/ride_23470_20240322161750
20240322162205,/projects/u6ex/fbots/frodobots_raw/frodobots_data/output_rides_5/ride_23472_20240322162205/recordings/8609b8083b43972ef737e29f8e6f2b36_ride_23472__uid_s_1000__uid_e_video.m3u8,/projects/u6ex/fbots/frodobots_raw/frodobots_data/output_rides_5/ride_23472_20240322162205
20240322163214,/projects/u6ex/fbots/frodobots_raw/frodobots_data/output_rides_5/ride_23475_20240322163214/recordings/26f8893ac345df8807be20b703bae043_ride_23475__uid_s_1000__uid_e_video.m3u8,/projects/u6ex/fbots/frodobots_raw/frodobots_data/output_rides_5/ride_23475_20240322163214
20240322163457,/projects/u6ex/fbots/frodobots_raw/frodobots_data/output_rides_5/ride_23476_20240322163457/recordings/582d47a327400546b1ecba8648212266_ride_23476__uid_s_1000__uid_e_video.m3u8,/projects/u6ex/fbots/frodobots_raw/frodobots_data/output_rides_5/ride_23476_20240322163457
20240322163900,/projects/u6ex/fbots/frodobots_raw/frodobots_data/output_rides_5/ride_23477_20240322163900/recordings/ff62c5c50449a38cfb9de69ad32562dd_ride_23477__uid_s_1000__uid_e_video.m3u8,/projects/u6ex/fbots/frodobots_raw/frodobots_data/output_rides_5/ride_23477_20240322163900
20240322164716,/projects/u6ex/fbots/frodobots_raw/frodobots_data/output_rides_5/ride_23479_20240322164716/recordings/fd7df81eb84d6adea3bc39a4ecde9e86_ride_23479__uid_s_1000__uid_e_video.m3u8,/projects/u6ex/fbots/frodobots_raw/frodobots_data/output_rides_5/ride_23479_20240322164716
20240322164902,/projects/u6ex/fbots/frodobots_raw/frodobots_data/output_rides_5/ride_23480_20240322164902/recordings/7d4503ccd74943f8583e84a20ddb7e73_ride_23480__uid_s_1000__uid_e_video.m3u8,/projects/u6ex/fbots/frodobots_raw/frodobots_data/output_rides_5/ride_23480_20240322164902
20240322165821,/projects/u6ex/fbots/frodobots_raw/frodobots_data/output_rides_5/ride_23481_20240322165821/recordings/c806359897421dfb923c7ab7e469b192_ride_23481__uid_s_1000__uid_e_video.m3u8,/projects/u6ex/fbots/frodobots_raw/frodobots_data/output_rides_5/ride_23481_20240322165821
20240322180147,/projects/u6ex/fbots/frodobots_raw/frodobots_data/output_rides_5/ride_23496_20240322180147/recordings/6263f0e8de4e0cec603ca8a7c6dc4123_ride_23496__uid_s_1000__uid_e_video.m3u8,/projects/u6ex/fbots/frodobots_raw/frodobots_data/output_rides_5/ride_23496_20240322180147
20240322195639,/projects/u6ex/fbots/frodobots_raw/frodobots_data/output_rides_5/ride_23507_20240322195639/recordings/7192439971430b930bd5c1a58b7e3239_ride_23507__uid_s_1000__uid_e_video.m3u8,/projects/u6ex/fbots/frodobots_raw/frodobots_data/output_rides_5/ride_23507_20240322195639
20240322200026,/projects/u6ex/fbots/frodobots_raw/frodobots_data/output_rides_5/ride_23508_20240322200026/recordings/e5440967584cee2da2e4768cab965f04_ride_23508__uid_s_1000__uid_e_video.m3u8,/projects/u6ex/fbots/frodobots_raw/frodobots_data/output_rides_5/ride_23508_20240322200026
20240322200242,/projects/u6ex/fbots/frodobots_raw/frodobots_data/output_rides_5/ride_23509_20240322200242/recordings/68ea1db77b442ff1f8f5f2bb62c7b801_ride_23509__uid_s_1000__uid_e_video.m3u8,/projects/u6ex/fbots/frodobots_raw/frodobots_data/output_rides_5/ride_23509_20240322200242
20240322204409,/projects/u6ex/fbots/frodobots_raw/frodobots_data/output_rides_5/ride_23514_20240322204409/recordings/0c612a5ee644ce028f3e36b6dd2080be_ride_23514__uid_s_1000__uid_e_video.m3u8,/projects/u6ex/fbots/frodobots_raw/frodobots_data/output_rides_5/ride_23514_20240322204409
20240322215047,/projects/u6ex/fbots/frodobots_raw/frodobots_data/output_rides_5/ride_23518_20240322215047/recordings/d210937b6f4c34cfba604d99af711c08_ride_23518__uid_s_1000__uid_e_video.m3u8,/projects/u6ex/fbots/frodobots_raw/frodobots_data/output_rides_5/ride_23518_20240322215047
20240323195515,/projects/u6ex/fbots/frodobots_raw/frodobots_data/output_rides_6/ride_23768_20240323195515/recordings/b12c51bcae4393b9df90e28237825394_ride_23768__uid_s_1000__uid_e_video.m3u8,/projects/u6ex/fbots/frodobots_raw/frodobots_data/output_rides_6/ride_23768_20240323195515
20240323195639,/projects/u6ex/fbots/frodobots_raw/frodobots_data/output_rides_6/ride_23769_20240323195639/recordings/8f2298b0db44c0c1dc4dcab5262795d0_ride_23769__uid_s_1000__uid_e_video.m3u8,/projects/u6ex/fbots/frodobots_raw/frodobots_data/output_rides_6/ride_23769_20240323195639
20240323235202,/projects/u6ex/fbots/frodobots_raw/frodobots_data/output_rides_6/ride_23791_20240323235202/recordings/3ae58de0e74b4f6d39c28893569babd2_ride_23791__uid_s_1000__uid_e_video.m3u8,/projects/u6ex/fbots/frodobots_raw/frodobots_data/output_rides_6/ride_23791_20240323235202
20240324204946,/projects/u6ex/fbots/frodobots_raw/frodobots_data/output_rides_6/ride_23963_20240324204946/recordings/7cc01f6efe44feb08e197e9b746a19eb_ride_23963__uid_s_1000__uid_e_video.m3u8,/projects/u6ex/fbots/frodobots_raw/frodobots_data/output_rides_6/ride_23963_20240324204946
20240324212807,/projects/u6ex/fbots/frodobots_raw/frodobots_data/output_rides_6/ride_23969_20240324212807/recordings/f5c8626393404fe4daa8279a2bd71614_ride_23969__uid_s_1000__uid_e_video.m3u8,/projects/u6ex/fbots/frodobots_raw/frodobots_data/output_rides_6/ride_23969_20240324212807
20240324215659,/projects/u6ex/fbots/frodobots_raw/frodobots_data/output_rides_6/ride_23971_20240324215659/recordings/0796fbc78e46c759c64f8ca74e0f48d3_ride_23971__uid_s_1000__uid_e_video.m3u8,/projects/u6ex/fbots/frodobots_raw/frodobots_data/output_rides_6/ride_23971_20240324215659
20240325034424,/projects/u6ex/fbots/frodobots_raw/frodobots_data/output_rides_6/ride_24047_20240325034424/recordings/e2827896824467e724ad92b97bde0d47_ride_24047__uid_s_1000__uid_e_video.m3u8,/projects/u6ex/fbots/frodobots_raw/frodobots_data/output_rides_6/ride_24047_20240325034424
20240325061723,/projects/u6ex/fbots/frodobots_raw/frodobots_data/output_rides_6/ride_24081_20240325061723/recordings/7d308096d942018c20e917b11ed11654_ride_24081__uid_s_1000__uid_e_video.m3u8,/projects/u6ex/fbots/frodobots_raw/frodobots_data/output_rides_6/ride_24081_20240325061723
20240325061923,/projects/u6ex/fbots/frodobots_raw/frodobots_data/output_rides_6/ride_24082_20240325061923/recordings/701a23b0a94d035a676d6baa29834de1_ride_24082__uid_s_1000__uid_e_video.m3u8,/projects/u6ex/fbots/frodobots_raw/frodobots_data/output_rides_6/ride_24082_20240325061923
20240325133337,/projects/u6ex/fbots/frodobots_raw/frodobots_data/output_rides_6/ride_24180_20240325133337/recordings/9a574691e24cde81bb0fbd95a9835759_ride_24180__uid_s_1000__uid_e_video.m3u8,/projects/u6ex/fbots/frodobots_raw/frodobots_data/output_rides_6/ride_24180_20240325133337
20240325134753,/projects/u6ex/fbots/frodobots_raw/frodobots_data/output_rides_6/ride_24183_20240325134753/recordings/6b7add91c0446e03a94f409f74e8bbb2_ride_24183__uid_s_1000__uid_e_video.m3u8,/projects/u6ex/fbots/frodobots_raw/frodobots_data/output_rides_6/ride_24183_20240325134753
20240325144447,/projects/u6ex/fbots/frodobots_raw/frodobots_data/output_rides_6/ride_24191_20240325144447/recordings/d37e5770d942cf2791d176b240e792c3_ride_24191__uid_s_1000__uid_e_video.m3u8,/projects/u6ex/fbots/frodobots_raw/frodobots_data/output_rides_6/ride_24191_20240325144447
20240325145051,/projects/u6ex/fbots/frodobots_raw/frodobots_data/output_rides_6/ride_24192_20240325145051/recordings/e5e0494f674314e6f78aa7b8fa2fc5d1_ride_24192__uid_s_1000__uid_e_video.m3u8,/projects/u6ex/fbots/frodobots_raw/frodobots_data/output_rides_6/ride_24192_20240325145051
20240325233630,/projects/u6ex/fbots/frodobots_raw/frodobots_data/output_rides_6/ride_24276_20240325233630/recordings/8695e8ce5f443bf34d31198c3400ec67_ride_24276__uid_s_1000__uid_e_video.m3u8,/projects/u6ex/fbots/frodobots_raw/frodobots_data/output_rides_6/ride_24276_20240325233630
20240325234543,/projects/u6ex/fbots/frodobots_raw/frodobots_data/output_rides_6/ride_24279_20240325234543/recordings/fc22cc321342ce247aedefbc9c628a28_ride_24279__uid_s_1000__uid_e_video.m3u8,/projects/u6ex/fbots/frodobots_raw/frodobots_data/output_rides_6/ride_24279_20240325234543
20240326004234,/projects/u6ex/fbots/frodobots_raw/frodobots_data/output_rides_6/ride_24293_20240326004234/recordings/5833aaec744c8134cbc35cae0c971825_ride_24293__uid_s_1000__uid_e_video.m3u8,/projects/u6ex/fbots/frodobots_raw/frodobots_data/output_rides_6/ride_24293_20240326004234
20240326090003,/projects/u6ex/fbots/frodobots_raw/frodobots_data/output_rides_6/ride_24424_20240326090003/recordings/bc5008642b462cb95527c8b2f684e92e_ride_24424__uid_s_1000__uid_e_video.m3u8,/projects/u6ex/fbots/frodobots_raw/frodobots_data/output_rides_6/ride_24424_20240326090003
20240326090332,/projects/u6ex/fbots/frodobots_raw/frodobots_data/output_rides_6/ride_24426_20240326090332/recordings/62f084f86b486d1617444d8d4751166b_ride_24426__uid_s_1000__uid_e_video.m3u8,/projects/u6ex/fbots/frodobots_raw/frodobots_data/output_rides_6/ride_24426_20240326090332
20240326091039,/projects/u6ex/fbots/frodobots_raw/frodobots_data/output_rides_6/ride_24430_20240326091039/recordings/f9a1ae880f408a07249db9904d240940_ride_24430__uid_s_1000__uid_e_video.m3u8,/projects/u6ex/fbots/frodobots_raw/frodobots_data/output_rides_6/ride_24430_20240326091039
20240326092117,/projects/u6ex/fbots/frodobots_raw/frodobots_data/output_rides_6/ride_24434_20240326092117/recordings/c39716acb9433f9cdafa6fa93f386910_ride_24434__uid_s_1000__uid_e_video.m3u8,/projects/u6ex/fbots/frodobots_raw/frodobots_data/output_rides_6/ride_24434_20240326092117
20240326102450,/projects/u6ex/fbots/frodobots_raw/frodobots_data/output_rides_6/ride_24456_20240326102450/recordings/ee0c9263614ffbd4ae8ae48a6eed558d_ride_24456__uid_s_1000__uid_e_video.m3u8,/projects/u6ex/fbots/frodobots_raw/frodobots_data/output_rides_6/ride_24456_20240326102450
20240326102702,/projects/u6ex/fbots/frodobots_raw/frodobots_data/output_rides_6/ride_24457_20240326102702/recordings/e74b94bb5f4ab6c9a1ab05963d41884c_ride_24457__uid_s_1000__uid_e_video.m3u8,/projects/u6ex/fbots/frodobots_raw/frodobots_data/output_rides_6/ride_24457_20240326102702
20240326103335,/projects/u6ex/fbots/frodobots_raw/frodobots_data/output_rides_6/ride_24459_20240326103335/recordings/8a03395fd54f667d2269d69f29a8eb25_ride_24459__uid_s_1000__uid_e_video.m3u8,/projects/u6ex/fbots/frodobots_raw/frodobots_data/output_rides_6/ride_24459_20240326103335
20240326104519,/projects/u6ex/fbots/frodobots_raw/frodobots_data/output_rides_6/ride_24464_20240326104519/recordings/3fe2150d2846562a9f230a9a6c8b2b50_ride_24464__uid_s_1000__uid_e_video.m3u8,/projects/u6ex/fbots/frodobots_raw/frodobots_data/output_rides_6/ride_24464_20240326104519
20240326105604,/projects/u6ex/fbots/frodobots_raw/frodobots_data/output_rides_6/ride_24465_20240326105604/recordings/2ec2892d3b479d1fe21717bf6f31a563_ride_24465__uid_s_1000__uid_e_video.m3u8,/projects/u6ex/fbots/frodobots_raw/frodobots_data/output_rides_6/ride_24465_20240326105604
20240326105952,/projects/u6ex/fbots/frodobots_raw/frodobots_data/output_rides_6/ride_24467_20240326105952/recordings/b01e2437f44ea85c950eafa08581024e_ride_24467__uid_s_1000__uid_e_video.m3u8,/projects/u6ex/fbots/frodobots_raw/frodobots_data/output_rides_6/ride_24467_20240326105952
20240326111004,/projects/u6ex/fbots/frodobots_raw/frodobots_data/output_rides_6/ride_24469_20240326111004/recordings/5a75444f4445842d8add12a5d2fac44c_ride_24469__uid_s_1000__uid_e_video.m3u8,/projects/u6ex/fbots/frodobots_raw/frodobots_data/output_rides_6/ride_24469_20240326111004
20240326113224,/projects/u6ex/fbots/frodobots_raw/frodobots_data/output_rides_6/ride_24475_20240326113224/recordings/2b87a920ca4a642cb57cb5b53c53c5bd_ride_24475__uid_s_1000__uid_e_video.m3u8,/projects/u6ex/fbots/frodobots_raw/frodobots_data/output_rides_6/ride_24475_20240326113224
20240326115007,/projects/u6ex/fbots/frodobots_raw/frodobots_data/output_rides_6/ride_24478_20240326115007/recordings/c52b821fd1446fc55707b9b0974f60a9_ride_24478__uid_s_1000__uid_e_video.m3u8,/projects/u6ex/fbots/frodobots_raw/frodobots_data/output_rides_6/ride_24478_20240326115007
20240326120549,/projects/u6ex/fbots/frodobots_raw/frodobots_data/output_rides_6/ride_24481_20240326120549/recordings/4cc1e942b14e36fce6823ea3a37701e3_ride_24481__uid_s_1000__uid_e_video.m3u8,/projects/u6ex/fbots/frodobots_raw/frodobots_data/output_rides_6/ride_24481_20240326120549
20240326122511,/projects/u6ex/fbots/frodobots_raw/frodobots_data/output_rides_6/ride_24485_20240326122511/recordings/1df7f65d524ac768016fd681b3059c64_ride_24485__uid_s_1000__uid_e_video.m3u8,/projects/u6ex/fbots/frodobots_raw/frodobots_data/output_rides_6/ride_24485_20240326122511
20240326124015,/projects/u6ex/fbots/frodobots_raw/frodobots_data/output_rides_6/ride_24490_20240326124015/recordings/d72dc7293a4ab811d991918ad33e983a_ride_24490__uid_s_1000__uid_e_video.m3u8,/projects/u6ex/fbots/frodobots_raw/frodobots_data/output_rides_6/ride_24490_20240326124015
20240326131841,/projects/u6ex/fbots/frodobots_raw/frodobots_data/output_rides_6/ride_24494_20240326131841/recordings/bd73d6212e4fdf83d10317b2eb55d753_ride_24494__uid_s_1000__uid_e_video.m3u8,/projects/u6ex/fbots/frodobots_raw/frodobots_data/output_rides_6/ride_24494_20240326131841
20240326132551,/projects/u6ex/fbots/frodobots_raw/frodobots_data/output_rides_6/ride_24497_20240326132551/recordings/95cb1886064288ad085133a5f635dcf2_ride_24497__uid_s_1000__uid_e_video.m3u8,/projects/u6ex/fbots/frodobots_raw/frodobots_data/output_rides_6/ride_24497_20240326132551
20240326133012,/projects/u6ex/fbots/frodobots_raw/frodobots_data/output_rides_6/ride_24499_20240326133012/recordings/0be9cca4c240902c1256bb92c51ffcb3_ride_24499__uid_s_1000__uid_e_video.m3u8,/projects/u6ex/fbots/frodobots_raw/frodobots_data/output_rides_6/ride_24499_20240326133012
20240326133844,/projects/u6ex/fbots/frodobots_raw/frodobots_data/output_rides_6/ride_24502_20240326133844/recordings/7e336517db49eb4f7de6e8bdd241830f_ride_24502__uid_s_1000__uid_e_video.m3u8,/projects/u6ex/fbots/frodobots_raw/frodobots_data/output_rides_6/ride_24502_20240326133844
20240326135110,/projects/u6ex/fbots/frodobots_raw/frodobots_data/output_rides_6/ride_24504_20240326135110/recordings/4c28bfb6d94905fcc2ae4682fe164627_ride_24504__uid_s_1000__uid_e_video.m3u8,/projects/u6ex/fbots/frodobots_raw/frodobots_data/output_rides_6/ride_24504_20240326135110
20240326142929,/projects/u6ex/fbots/frodobots_raw/frodobots_data/output_rides_6/ride_24507_20240326142929/recordings/0392e0058c4cbcc81f9ff195d639a144_ride_24507__uid_s_1000__uid_e_video.m3u8,/projects/u6ex/fbots/frodobots_raw/frodobots_data/output_rides_6/ride_24507_20240326142929
20240326143212,/projects/u6ex/fbots/frodobots_raw/frodobots_data/output_rides_6/ride_24508_20240326143212/recordings/545e4cab3d42b37166f4f6a7d9508cac_ride_24508__uid_s_1000__uid_e_video.m3u8,/projects/u6ex/fbots/frodobots_raw/frodobots_data/output_rides_6/ride_24508_20240326143212
20240326144447,/projects/u6ex/fbots/frodobots_raw/frodobots_data/output_rides_6/ride_24511_20240326144447/recordings/a478e0a23d40336f2865738e3cfc8fc5_ride_24511__uid_s_1000__uid_e_video.m3u8,/projects/u6ex/fbots/frodobots_raw/frodobots_data/output_rides_6/ride_24511_20240326144447
20240326150242,/projects/u6ex/fbots/frodobots_raw/frodobots_data/output_rides_6/ride_24513_20240326150242/recordings/b3b4312a3d444f37e6608a9be7ca2cc1_ride_24513__uid_s_1000__uid_e_video.m3u8,/projects/u6ex/fbots/frodobots_raw/frodobots_data/output_rides_6/ride_24513_20240326150242
20240326150452,/projects/u6ex/fbots/frodobots_raw/frodobots_data/output_rides_6/ride_24515_20240326150452/recordings/3ee45e66a046e3353a1945bd61b027ba_ride_24515__uid_s_1000__uid_e_video.m3u8,/projects/u6ex/fbots/frodobots_raw/frodobots_data/output_rides_6/ride_24515_20240326150452
20240326154101,/projects/u6ex/fbots/frodobots_raw/frodobots_data/output_rides_6/ride_24520_20240326154101/recordings/c0453d9a384dade63411c8b42587f29b_ride_24520__uid_s_1000__uid_e_video.m3u8,/projects/u6ex/fbots/frodobots_raw/frodobots_data/output_rides_6/ride_24520_20240326154101
20240326194324,/projects/u6ex/fbots/frodobots_raw/frodobots_data/output_rides_6/ride_24558_20240326194324/recordings/89d51e90784990b0211d19a59ce91f1e_ride_24558__uid_s_1000__uid_e_video.m3u8,/projects/u6ex/fbots/frodobots_raw/frodobots_data/output_rides_6/ride_24558_20240326194324
20240326194625,/projects/u6ex/fbots/frodobots_raw/frodobots_data/output_rides_6/ride_24559_20240326194625/recordings/ce76340f564a0aaa83f553b914325a9b_ride_24559__uid_s_1000__uid_e_video.m3u8,/projects/u6ex/fbots/frodobots_raw/frodobots_data/output_rides_6/ride_24559_20240326194625
20240326195052,/projects/u6ex/fbots/frodobots_raw/frodobots_data/output_rides_6/ride_24561_20240326195052/recordings/da974215f14a1d7a0b15489e1d56d7dc_ride_24561__uid_s_1000__uid_e_video.m3u8,/projects/u6ex/fbots/frodobots_raw/frodobots_data/output_rides_6/ride_24561_20240326195052
20240326201839,/projects/u6ex/fbots/frodobots_raw/frodobots_data/output_rides_6/ride_24566_20240326201839/recordings/f7fd6c529c4908c0b2066d8f09eb5fca_ride_24566__uid_s_1000__uid_e_video.m3u8,/projects/u6ex/fbots/frodobots_raw/frodobots_data/output_rides_6/ride_24566_20240326201839
20240326220313,/projects/u6ex/fbots/frodobots_raw/frodobots_data/output_rides_6/ride_24586_20240326220313/recordings/4c16081c3a465dd525794ab69fe5371a_ride_24586__uid_s_1000__uid_e_video.m3u8,/projects/u6ex/fbots/frodobots_raw/frodobots_data/output_rides_6/ride_24586_20240326220313
20240326220346,/projects/u6ex/fbots/frodobots_raw/frodobots_data/output_rides_6/ride_24587_20240326220346/recordings/ed1462484d46ae6e48a6a4b429fe30f3_ride_24587__uid_s_1000__uid_e_video.m3u8,/projects/u6ex/fbots/frodobots_raw/frodobots_data/output_rides_6/ride_24587_20240326220346
20240326220443,/projects/u6ex/fbots/frodobots_raw/frodobots_data/output_rides_6/ride_24588_20240326220443/recordings/85efe3fde64a692af3c8a48a71e0e569_ride_24588__uid_s_1000__uid_e_video.m3u8,/projects/u6ex/fbots/frodobots_raw/frodobots_data/output_rides_6/ride_24588_20240326220443
20240326220801,/projects/u6ex/fbots/frodobots_raw/frodobots_data/output_rides_6/ride_24589_20240326220801/recordings/d1606c7fea4a309b36a13eb1138a8849_ride_24589__uid_s_1000__uid_e_video.m3u8,/projects/u6ex/fbots/frodobots_raw/frodobots_data/output_rides_6/ride_24589_20240326220801
20240326220927,/projects/u6ex/fbots/frodobots_raw/frodobots_data/output_rides_6/ride_24590_20240326220927/recordings/6d7b85618d42d833cee9dc81da70ff09_ride_24590__uid_s_1000__uid_e_video.m3u8,/projects/u6ex/fbots/frodobots_raw/frodobots_data/output_rides_6/ride_24590_20240326220927
20240326221111,/projects/u6ex/fbots/frodobots_raw/frodobots_data/output_rides_6/ride_24591_20240326221111/recordings/a72197b14b48377ade5544b44f27c4de_ride_24591__uid_s_1000__uid_e_video.m3u8,/projects/u6ex/fbots/frodobots_raw/frodobots_data/output_rides_6/ride_24591_20240326221111
20240327105228,/projects/u6ex/fbots/frodobots_raw/frodobots_data/output_rides_6/ride_24742_20240327105228/recordings/b7b541aff84b3065103b8dba28d2bec6_ride_24742__uid_s_1000__uid_e_video.m3u8,/projects/u6ex/fbots/frodobots_raw/frodobots_data/output_rides_6/ride_24742_20240327105228
20240327105514,/projects/u6ex/fbots/frodobots_raw/frodobots_data/output_rides_6/ride_24743_20240327105514/recordings/bdbc9ea81f41676375de9f90069ee5d5_ride_24743__uid_s_1000__uid_e_video.m3u8,/projects/u6ex/fbots/frodobots_raw/frodobots_data/output_rides_6/ride_24743_20240327105514
20240327110219,/projects/u6ex/fbots/frodobots_raw/frodobots_data/output_rides_6/ride_24744_20240327110219/recordings/c293a63e9c4b83b47936e5993cc58b20_ride_24744__uid_s_1000__uid_e_video.m3u8,/projects/u6ex/fbots/frodobots_raw/frodobots_data/output_rides_6/ride_24744_20240327110219
20240327112732,/projects/u6ex/fbots/frodobots_raw/frodobots_data/output_rides_6/ride_24752_20240327112732/recordings/bd46a2e1134b21fba6629ab349bf792a_ride_24752__uid_s_1000__uid_e_video.m3u8,/projects/u6ex/fbots/frodobots_raw/frodobots_data/output_rides_6/ride_24752_20240327112732
20240327225655,/projects/u6ex/fbots/frodobots_raw/frodobots_data/output_rides_7/ride_24920_20240327225655/recordings/8e45091f4b4682be8d5ef392681ffad3_ride_24920__uid_s_1000__uid_e_video.m3u8,/projects/u6ex/fbots/frodobots_raw/frodobots_data/output_rides_7/ride_24920_20240327225655
20240328042954,/projects/u6ex/fbots/frodobots_raw/frodobots_data/output_rides_7/ride_24985_20240328042954/recordings/9a7d2562134508757b992096bce8606a_ride_24985__uid_s_1000__uid_e_video.m3u8,/projects/u6ex/fbots/frodobots_raw/frodobots_data/output_rides_7/ride_24985_20240328042954
20240328091301,/projects/u6ex/fbots/frodobots_raw/frodobots_data/output_rides_7/ride_25060_20240328091301/recordings/c35be41629431397f8bf80871333a2cf_ride_25060__uid_s_1000__uid_e_video.m3u8,/projects/u6ex/fbots/frodobots_raw/frodobots_data/output_rides_7/ride_25060_20240328091301
20240328091903,/projects/u6ex/fbots/frodobots_raw/frodobots_data/output_rides_7/ride_25062_20240328091903/recordings/7dd740cabd49ca34cfd5688fd5ca8a79_ride_25062__uid_s_1000__uid_e_video.m3u8,/projects/u6ex/fbots/frodobots_raw/frodobots_data/output_rides_7/ride_25062_20240328091903
