train/step,train/flow_loss,train/total_loss,train/critic_z_loss,train/gen_z_loss,train/gen_action_loss,train/state_z_loss,train/state_guidance_loss,train/corr_state_cmd_z27,train/corr_state_teacher_z27,train/z_guidance_scale,train/state_guidance_scale
210,0.03485822305083275,0.040408506989479065,0.05707241967320442,0.1834259182214737,0.0020635416731238365,0.046206869184970856,0.1315380483865738,0.9183583855628967,0.7771279215812683,0.01125,0.009
220,0.06990499794483185,0.07842466235160828,0.14207540452480316,0.03370414301753044,0.0008004733826965094,0.0810231938958168,0.14090898633003235,0.5734078884124756,0.9070695638656616,0.02375,0.019000000000000003
230,0.10798760503530502,0.1174982339143753,0.05691063776612282,0.02902877889573574,0.0010522932279855013,0.057732004672288895,0.05811599642038345,0.9583700299263,0.9235175251960754,0.03625,0.028999999999999998
240,0.08021263778209686,0.09085802733898163,0.05323348194360733,0.046690329909324646,0.0022761535365134478,0.03685573861002922,0.04794084280729294,0.9351798295974731,0.9793481826782227,0.04875,0.03900000000000001
250,0.09939265251159668,0.11151318997144699,0.03779168799519539,0.05761267989873886,0.0035287768114358187,0.02121632546186447,0.05047806352376938,0.9349767565727234,0.9597387909889221,0.06125,0.049
260,0.13565278053283691,0.14978574216365814,0.028196997940540314,0.12467418611049652,0.009194720536470413,0.02367604710161686,0.1433684527873993,0.6291680335998535,0.9222975373268127,0.07375,0.059
270,0.08781750500202179,0.10411994904279709,0.06140584871172905,0.08082639425992966,0.006971276365220547,0.06099074333906174,0.02979457750916481,0.9370715618133545,0.9647576212882996,0.08625,0.06899999999999999
280,0.06486235558986664,0.08020162582397461,0.022931931540369987,0.20956745743751526,0.020694786682724953,0.022223541513085365,0.19133001565933228,0.620847761631012,0.956916868686676,0.09875,0.07900000000000001
290,0.13193929195404053,0.14558520913124084,0.054343678057193756,0.04025108367204666,0.004477933049201965,0.040817297995090485,0.03398807346820831,0.9748217463493347,0.9628735184669495,0.11125,0.08900000000000001
300,0.0874609500169754,0.10138566046953201,0.11131342500448227,0.015088488347828388,0.001867200480774045,0.06119363382458687,0.005660901311784983,1.001534342765808,0.9922298789024353,0.12375,0.099
310,0.07089653611183167,0.08704287558794022,0.004889471456408501,0.31600379943847656,0.043055519461631775,0.0204396340996027,0.21485239267349243,0.6454184055328369,0.8111089468002319,0.13625,0.10900000000000001
320,0.09451957046985626,0.11593056470155716,0.05912334471940994,0.01995367743074894,0.002968109678477049,0.05107786878943443,0.009607656858861446,0.9969062805175781,0.9815484881401062,0.14875,0.119
330,0.09955598413944244,0.12319965660572052,0.0374978706240654,0.00670220609754324,0.0010807306971400976,0.03142897039651871,0.004589335527271032,0.9990631341934204,0.9644874930381775,0.16125,0.129
340,0.03137436881661415,0.05554499104619026,0.061893969774246216,0.03370963782072067,0.005857049487531185,0.06530700623989105,0.016454895958304405,0.9975157380104065,0.8941333889961243,0.17375,0.13899999999999998
350,0.03800500929355621,0.06706736236810684,0.07939814776182175,0.09935417771339417,0.018504716455936432,0.06093772128224373,0.07060632109642029,0.9093906283378601,0.825080394744873,0.18625,0.149
360,0.060591403394937515,0.09356933832168579,0.038558024913072586,0.0147569440305233,0.0029329427052289248,0.04198325797915459,0.014826011843979359,0.9971179962158203,0.9552448987960815,0.19875,0.15900000000000003
370,0.034114476293325424,0.06385093927383423,0.03823217749595642,0.03195872902870178,0.006751281674951315,0.033770039677619934,0.04013330861926079,0.9361491203308105,0.9323180317878723,0.21125,0.169
380,0.09100311994552612,0.12004360556602478,0.04419369250535965,0.009722646325826645,0.002175442175939679,0.04644883796572685,0.008015638217329979,1.0014158487319946,0.975112795829773,0.22375,0.17900000000000002
390,0.07969316840171814,0.11603281646966934,0.12664610147476196,0.1895318478345871,0.04477689787745476,0.14828763902187347,0.1254737377166748,0.9608215093612671,-0.07250773906707764,0.23625,0.189
400,0.15649065375328064,0.19020558893680573,0.0582982674241066,0.02849951945245266,0.007089255377650261,0.05379407852888107,0.014488947577774525,1.0031527280807495,0.9705697894096375,0.24875,0.199
410,0.16020068526268005,0.19504638016223907,0.04813196882605553,0.009913938120007515,0.0024784845300018787,0.04598165675997734,0.01506328396499157,0.9988231658935547,0.9708867073059082,0.25,0.2
420,0.03601495176553726,0.07474523782730103,0.01007554866373539,0.00338410260155797,0.0008460256503894925,0.026195885613560677,0.06072252243757248,-0.9493458271026611,0.8749903440475464,0.25,0.2
430,0.024508118629455566,0.06564032286405563,0.01789199188351631,0.021003974601626396,0.005250993650406599,0.014634573832154274,0.05147577449679375,-0.8463212251663208,0.8142955303192139,0.25,0.2
440,0.08101563155651093,0.11925648152828217,0.0012715181801468134,0.0005181501037441194,0.00012953752593602985,0.006562026683241129,0.013268237002193928,-0.9475801587104797,-0.8154193758964539,0.25,0.2
450,0.07957573235034943,0.11191222071647644,0.07032543420791626,0.06866993755102158,0.017167484387755394,0.09235414117574692,0.05938209220767021,-0.8914490342140198,0.9075901508331299,0.25,0.2
460,0.06706628203392029,0.09854565560817719,0.015326935797929764,0.027131596580147743,0.006782899145036936,0.0060654026456177235,0.00828996766358614,-0.8835410475730896,0.20157071948051453,0.25,0.2
470,0.08723481744527817,0.12900884449481964,0.005919589661061764,0.00676343496888876,0.00169085874222219,0.011127928271889687,0.01063732709735632,-0.9866006374359131,-0.7780490517616272,0.25,0.2
480,0.038736552000045776,0.0656108632683754,0.009729621931910515,0.008422269485890865,0.0021055673714727163,0.00756927952170372,0.00753053417429328,-0.7887198328971863,-0.6485573053359985,0.25,0.2
490,0.08871763944625854,0.14403654634952545,0.004163038916885853,0.008014618419110775,0.0020036546047776937,0.006002471316605806,0.00529853580519557,-0.6702597141265869,-0.7924052476882935,0.25,0.2
500,0.0874016135931015,0.12436624616384506,0.001323968288488686,0.0056201801635324955,0.0014050450408831239,0.002550035249441862,0.001934797503054142,0.15677659213542938,0.47818654775619507,0.25,0.2
510,0.06865913420915604,0.11140817403793335,0.0015459757996723056,0.0017147205071523786,0.00042868012678809464,0.0033140762243419886,0.0017655447591096163,0.5491239428520203,0.45524170994758606,0.25,0.2
520,0.04211213439702988,0.08153440803289413,0.0034993900917470455,0.0024143694899976254,0.0006035923724994063,0.003803600324317813,0.0023870256263762712,-0.5406889319419861,-0.14042332768440247,0.25,0.2
530,0.09683940559625626,0.14764931797981262,0.006378666963428259,0.008818781934678555,0.0022046954836696386,0.011684599332511425,0.014578313566744328,0.5392252802848816,0.7504235506057739,0.25,0.2
540,0.056453920900821686,0.09151437133550644,0.04717148840427399,0.041685108095407486,0.010421277023851871,0.07076159119606018,0.06113265082240105,0.8185834288597107,0.7950853705406189,0.25,0.2
550,0.08236248791217804,0.11859817802906036,0.0051558720879256725,0.009787680581212044,0.002446920145303011,0.003708174917846918,0.005630492698401213,-0.8170405030250549,-0.6178755760192871,0.25,0.2
560,0.12542183697223663,0.16092447936534882,0.02036273293197155,0.06595821678638458,0.016489554196596146,0.024803660809993744,0.02893475815653801,0.7955337166786194,0.8831278681755066,0.25,0.2
570,0.048259392380714417,0.08953079581260681,0.0032621780410408974,0.006891441997140646,0.0017228604992851615,0.004464646335691214,0.0048277415335178375,0.3962031304836273,0.19101327657699585,0.25,0.2
580,0.0516463927924633,0.0858299508690834,0.0008736585732549429,0.00498243048787117,0.0012456076219677925,0.005933249834924936,0.008972260169684887,0.9262877106666565,0.6242498755455017,0.25,0.2
590,0.08861131221055984,0.12683573365211487,0.06716322898864746,0.07352562993764877,0.018381407484412193,0.13551469147205353,0.03907505422830582,-0.9285985827445984,0.9096007347106934,0.25,0.2
600,0.04962490499019623,0.07572119683027267,0.002875642152503133,0.02032559923827648,0.00508139980956912,0.005384325049817562,0.00821575429290533,0.8827470541000366,-0.041402965784072876,0.25,0.2
610,0.09208372235298157,0.1230211853981018,0.0026218609418720007,0.03647049143910408,0.00911762285977602,0.008180329576134682,0.011186319403350353,0.23059263825416565,0.5249434113502502,0.25,0.2
620,0.1705019176006317,0.2125774323940277,0.002830039942637086,0.0014644890325143933,0.00036612225812859833,0.007012688554823399,0.012865690514445305,-0.9216898083686829,-0.6559209227561951,0.25,0.2
630,0.06376166641712189,0.11431537568569183,0.003980528563261032,0.01401230227202177,0.0035030755680054426,0.01209839154034853,0.029849188402295113,-0.958993136882782,0.0038044550456106663,0.25,0.2
640,0.09676414728164673,0.13247539103031158,0.027024880051612854,0.1732543259859085,0.04331358149647713,0.03201925382018089,0.04122279956936836,-0.8941503763198853,0.8284929990768433,0.25,0.2
650,0.12514656782150269,0.17595016956329346,0.027264051139354706,0.1173345297574997,0.029333632439374924,0.05128191038966179,0.03360430523753166,-0.5950931906700134,0.8399815559387207,0.25,0.2
660,0.09928309917449951,0.1307997703552246,0.02269131690263748,0.0715259537100792,0.0178814884275198,0.0347268208861351,0.022718464955687523,-0.8045476675033569,0.8367248773574829,0.25,0.2
670,0.06769178807735443,0.10182499885559082,0.026994118466973305,0.08540510386228561,0.021351275965571404,0.06713638454675674,0.02459539659321308,-0.7030593156814575,0.8715922832489014,0.25,0.2
680,0.10906611382961273,0.13467073440551758,0.008101253770291805,0.04718167334794998,0.011795418336987495,0.0075728148221969604,0.014283234253525734,-0.5354539155960083,0.6988435387611389,0.25,0.2
690,0.06651721149682999,0.09993351250886917,0.01746111363172531,0.09289027005434036,0.02322256751358509,0.025967935100197792,0.033056892454624176,-0.9670383930206299,0.9092663526535034,0.25,0.2
700,0.10145661979913712,0.15313966572284698,0.04659239202737808,0.09268126636743546,0.023170316591858864,0.09330905228853226,0.0352356992661953,-0.6216257810592651,0.8560677766799927,0.25,0.2
710,0.14373120665550232,0.19412904977798462,0.03759139031171799,0.07286141067743301,0.018215352669358253,0.057178400456905365,0.0424034558236599,-0.9781973958015442,0.9543028473854065,0.25,0.2
720,0.0692773163318634,0.11162567883729935,0.0014441427774727345,0.0029439593199640512,0.0007359898299910128,0.011816855520009995,0.014951678924262524,-0.8562033772468567,-0.7758557796478271,0.25,0.2
730,0.09631403535604477,0.1307634711265564,0.023588305339217186,0.12065931409597397,0.030164828523993492,0.02508852630853653,0.05336213484406471,-0.9226499795913696,0.7844852805137634,0.25,0.2
740,0.06565478444099426,0.11054360866546631,0.06060011312365532,0.09969814121723175,0.024924535304307938,0.12723660469055176,0.05569412186741829,-0.8852685689926147,0.9595394730567932,0.25,0.2
750,0.06329217553138733,0.09891245514154434,0.03507688641548157,0.09677957743406296,0.02419489435851574,0.05177942290902138,0.04351529851555824,-0.8634287118911743,0.9382733702659607,0.25,0.2
760,0.09791748225688934,0.12705709040164948,0.04446907714009285,0.19228844344615936,0.04807211086153984,0.19691909849643707,0.025248577818274498,-0.7333932518959045,0.8540308475494385,0.25,0.2
770,0.11518339812755585,0.14064235985279083,0.01203384529799223,0.07568672299385071,0.018921680748462677,0.02977924235165119,0.019780613481998444,-0.5684683918952942,0.6936542391777039,0.25,0.2
780,0.06409354507923126,0.09066249430179596,0.02171863429248333,0.04693237692117691,0.011733094230294228,0.05608392134308815,0.026471128687262535,-0.8117703795433044,0.7032874226570129,0.25,0.2
790,0.07543481141328812,0.09590986371040344,0.008847507648169994,0.052998367697000504,0.013249591924250126,0.014018949121236801,0.02785465121269226,-0.7514375448226929,0.8938049674034119,0.25,0.2
800,0.07834365218877792,0.10176428407430649,0.03770389035344124,0.03597055375576019,0.008992638438940048,0.04269518330693245,0.04863646253943443,0.9746041297912598,0.9727492928504944,0.25,0.2
810,0.10957271605730057,0.1424940824508667,0.05307253077626228,0.02831530198454857,0.007078825496137142,0.06813224405050278,0.03029986470937729,0.9653804302215576,0.9520661234855652,0.25,0.2
820,0.07373350113630295,0.10917387157678604,0.02073359489440918,0.011695979163050652,0.002923994790762663,0.025829482823610306,0.01994892582297325,0.9183871746063232,0.955249547958374,0.25,0.2
830,0.07169792056083679,0.10172847658395767,0.021925436332821846,0.006189616397023201,0.0015474040992558002,0.018619820475578308,0.012660718522965908,0.9669312834739685,0.9776667952537537,0.25,0.2
840,0.06553977727890015,0.09599529951810837,0.07267545163631439,0.08219940960407257,0.020549852401018143,0.01934165135025978,0.035790130496025085,0.6989132761955261,0.9219359755516052,0.25,0.2
850,0.07297419011592865,0.10620100796222687,0.02149157039821148,0.019390566274523735,0.004847641568630934,0.023962441831827164,0.021006742492318153,0.9859092235565186,0.9691730737686157,0.25,0.2
860,0.05656179040670395,0.09202497452497482,0.05301687493920326,0.054155174642801285,0.013538793660700321,0.13416406512260437,0.03263956680893898,0.9841939210891724,0.6154187917709351,0.25,0.2
870,0.12342384457588196,0.1597558856010437,0.03150758147239685,0.05566686391830444,0.01391671597957611,0.049599599093198776,0.04521576315164566,0.9818252921104431,0.8470414280891418,0.25,0.2
880,0.0820004940032959,0.11322139203548431,0.03174887225031853,0.286423921585083,0.07160598039627075,0.17458896338939667,0.08605173975229263,0.9537829160690308,-0.22501544654369354,0.25,0.2
890,0.03809493035078049,0.06624145060777664,0.08288632333278656,0.0790555477142334,0.01976388692855835,0.04767640307545662,0.06443844735622406,0.9910784959793091,0.9432045221328735,0.25,0.2
900,0.08235650509595871,0.10417187958955765,0.022149141877889633,0.09009277075529099,0.022523192688822746,0.09080538898706436,0.02541419118642807,0.9910035729408264,0.8526020050048828,0.25,0.2
910,0.053840767592191696,0.08060751855373383,0.1242855042219162,0.10109926015138626,0.025274815037846565,0.15218278765678406,0.06125439703464508,0.9789266586303711,0.9790952205657959,0.25,0.2
920,0.035201411694288254,0.07176806032657623,0.009496769867837429,0.25931239128112793,0.06482809782028198,0.06955888122320175,0.038855280727148056,0.9927076697349548,0.845917820930481,0.25,0.2
930,0.07403162866830826,0.09911434352397919,0.03487217426300049,0.05525472015142441,0.013813680037856102,0.09410058706998825,0.04843192175030708,0.9845123887062073,0.77501380443573,0.25,0.2
940,0.04885946959257126,0.08770115673542023,0.01636156067252159,0.1183108389377594,0.02957770973443985,0.02519005909562111,0.0886056199669838,0.9704988598823547,0.9022977352142334,0.25,0.2
950,0.0618591271340847,0.08798622339963913,0.025800473988056183,0.05450189486145973,0.013625473715364933,0.044208552688360214,0.03997669741511345,0.9910942316055298,0.8968024253845215,0.25,0.2
960,0.04017908126115799,0.0797644630074501,0.021122612059116364,0.39136800169944763,0.09784200042486191,0.1595437228679657,0.10280968248844147,0.9935103058815002,-0.23343631625175476,0.25,0.2
970,0.09484712779521942,0.12490418553352356,0.05148426443338394,0.24230751395225525,0.06057687848806381,0.1185869351029396,0.11392146348953247,0.8834157586097717,0.6358815431594849,0.25,0.2
980,0.1312490552663803,0.16906128823757172,0.014732169918715954,0.0565824955701828,0.0141456238925457,0.022706935182213783,0.07535348832607269,0.993294358253479,0.9624037742614746,0.25,0.2
990,0.13224218785762787,0.16442452371120453,0.0411297008395195,0.014232572168111801,0.0035581430420279503,0.07019635289907455,0.027164898812770844,0.986232340335846,0.9572874903678894,0.25,0.2
1000,0.19282935559749603,0.22243931889533997,0.05751454085111618,0.06552056968212128,0.01638014242053032,0.09000589698553085,0.054617442190647125,0.9618000984191895,0.6086304187774658,0.25,0.2
1010,0.13308992981910706,0.16148939728736877,0.061864741146564484,0.11766151338815689,0.029415378347039223,0.09853915870189667,0.07138505578041077,0.9391388893127441,0.7031749486923218,0.25,0.2
1020,0.04646264389157295,0.07352209091186523,0.05400877445936203,0.05488508194684982,0.013721270486712456,0.11520243436098099,0.041979942470788956,0.9303039908409119,0.678450345993042,0.25,0.2
1030,0.09353728592395782,0.12556739151477814,0.017045293003320694,0.04219576343894005,0.010548940859735012,0.07874754816293716,0.04764433950185776,0.98075932264328,0.8969759345054626,0.25,0.2
1040,0.11034401506185532,0.13919226825237274,0.022034386172890663,0.03972962498664856,0.00993240624666214,0.03799135610461235,0.05374874174594879,0.9769574403762817,0.9207678437232971,0.25,0.2
1050,0.08901682496070862,0.12235930562019348,0.04172302782535553,0.037987783551216125,0.009496945887804031,0.060992281883955,0.024331698194146156,0.9903028607368469,0.8469898700714111,0.25,0.2
1060,0.08721832185983658,0.11573020368814468,0.014967435970902443,0.03763207420706749,0.009408018551766872,0.046241097152233124,0.014525811187922955,0.9964715838432312,0.956163763999939,0.25,0.2
1070,0.0902748629450798,0.12058883160352707,0.04535432159900665,0.05446522682905197,0.013616306707262993,0.09707336872816086,0.007885873317718506,0.9888626933097839,0.9153603315353394,0.25,0.2
1080,0.08812938630580902,0.11697505414485931,0.023018160834908485,0.036316026002168655,0.009079006500542164,0.026455460116267204,0.036382876336574554,0.9936191439628601,0.9626451730728149,0.25,0.2
1090,0.09621402621269226,0.12305159121751785,0.04161636903882027,0.060669898986816406,0.015167474746704102,0.05540894716978073,0.04215650632977486,0.9459959864616394,0.8158713579177856,0.25,0.2
1100,0.07327012717723846,0.0997539833188057,0.04103932902216911,0.23426026105880737,0.05856506526470184,0.11282170563936234,0.06694601476192474,0.9625435471534729,0.2021532952785492,0.25,0.2
1110,0.10139168798923492,0.12667009234428406,0.020436685532331467,0.11295027285814285,0.028237568214535713,0.08541040122509003,0.031787484884262085,0.9635794758796692,0.7046838402748108,0.25,0.2
1120,0.0851583182811737,0.11854430288076401,0.03563746437430382,0.04339178279042244,0.01084794569760561,0.032374028116464615,0.023494113236665726,0.9858577251434326,0.9127317667007446,0.25,0.2
1130,0.06816522032022476,0.10546176135540009,0.029046470299363136,0.0659233033657074,0.01648082584142685,0.039053142070770264,0.023293765261769295,0.9997024536132812,0.9272838830947876,0.25,0.2
1140,0.11851828545331955,0.15598784387111664,0.03497069701552391,0.07468020915985107,0.01867005228996277,0.10334738343954086,0.015397736802697182,0.9885804057121277,0.9014516472816467,0.25,0.2
1150,0.0686531513929367,0.09836693853139877,0.09916649013757706,0.03652222082018852,0.00913055520504713,0.11416346579790115,0.04065053164958954,0.9463619589805603,0.7547643184661865,0.25,0.2
1160,0.1154647171497345,0.15855856239795685,0.032214101403951645,0.08910486102104187,0.022276215255260468,0.03772814944386482,0.07044662535190582,0.993931233882904,0.9767116904258728,0.25,0.2
1170,0.1303863376379013,0.17190366983413696,0.01840345188975334,0.08076935261487961,0.020192338153719902,0.08366390317678452,0.017485469579696655,0.9990676045417786,0.9402561783790588,0.25,0.2
1180,0.09678024053573608,0.1269145905971527,0.08283954858779907,0.0383065901696682,0.00957664754241705,0.10561691969633102,0.02025444619357586,0.9876089692115784,0.9536125659942627,0.25,0.2
1190,0.08175891637802124,0.12842053174972534,0.11008373647928238,0.15310832858085632,0.03827708214521408,0.460664302110672,0.02561967447400093,0.9772778749465942,0.9691039323806763,0.25,0.2
1200,0.09555143862962723,0.13033945858478546,0.1220942884683609,0.05538263916969299,0.013845659792423248,0.28352704644203186,0.018167896196246147,0.963849663734436,0.033427946269512177,0.25,0.2
1210,0.12291821837425232,0.1741318255662918,0.022815365344285965,0.2313220500946045,0.05783051252365112,0.06849701702594757,0.021205151453614235,0.9915665984153748,0.9059278964996338,0.25,0.2
1220,0.13489431142807007,0.18013587594032288,0.02178291417658329,0.27158430218696594,0.06789607554674149,0.16107581555843353,0.0350145548582077,0.9942764639854431,0.41520431637763977,0.25,0.2
1230,0.11843021959066391,0.16633820533752441,0.016440499573946,0.10303466767072678,0.025758666917681694,0.08431117981672287,0.01586521789431572,0.9848880767822266,0.9473304748535156,0.25,0.2
1240,0.04971780627965927,0.10100294649600983,0.04381310194730759,0.12628941237926483,0.03157235309481621,0.3177086412906647,0.01096626278012991,0.9841789603233337,0.735569179058075,0.25,0.2
1250,0.07909413427114487,0.13462914526462555,0.018758414313197136,0.07693341374397278,0.019233353435993195,0.05688367038965225,0.00571404816582799,0.9936830401420593,0.9763825535774231,0.25,0.2
1260,0.19232557713985443,0.25849729776382446,0.0570564791560173,0.14414197206497192,0.03603549301624298,0.09012452512979507,0.07546630501747131,0.9823826551437378,0.6994431614875793,0.25,0.2
1270,0.15790052711963654,0.20572158694267273,0.026699183508753777,0.10536618530750275,0.026341546326875687,0.04258951172232628,0.06601919233798981,0.9931118488311768,0.9258726239204407,0.25,0.2
1280,0.1000102087855339,0.14872318506240845,0.0510396808385849,0.04230567440390587,0.010576418600976467,0.059305042028427124,0.0627991110086441,0.953471302986145,0.8605527281761169,0.25,0.2
1290,0.15937763452529907,0.2049533724784851,0.06543932110071182,0.11456289887428284,0.02864072471857071,0.05192050710320473,0.025503236800432205,0.9865355491638184,0.8432520627975464,0.25,0.2
1300,0.13741564750671387,0.18340374529361725,0.042488355189561844,0.0471799261868,0.0117949815467,0.031490258872509,0.03937138617038727,0.9918732643127441,0.8828631639480591,0.25,0.2
1310,0.08445025980472565,0.12009236216545105,0.019837355241179466,0.019628368318080902,0.0049070920795202255,0.028055783361196518,0.0250366423279047,0.9893847703933716,0.9121531844139099,0.25,0.2
1320,0.10626682639122009,0.14383362233638763,0.031077997758984566,0.25580406188964844,0.06395101547241211,0.12637731432914734,0.05250932276248932,0.9817764163017273,-0.029944291338324547,0.25,0.2
1330,0.08325604349374771,0.11427631229162216,0.028484681621193886,0.055353738367557526,0.013838434591889381,0.05323539674282074,0.013444934971630573,0.9865028262138367,0.9154866933822632,0.25,0.2
1340,0.11650480329990387,0.15339727699756622,0.02235925942659378,0.03392432630062103,0.008481081575155258,0.03003563918173313,0.015120411291718483,0.993225634098053,0.9749142527580261,0.25,0.2
1350,0.03358754888176918,0.07042970508337021,0.02619101293385029,0.06033549830317497,0.015083874575793743,0.07057063281536102,0.024267669767141342,0.9912828207015991,0.8336235880851746,0.25,0.2
1360,0.06277836859226227,0.10286261141300201,0.026310531422495842,0.04469667002558708,0.01117416750639677,0.02501681074500084,0.054618097841739655,0.997958242893219,0.9507372379302979,0.25,0.2
1370,0.10935302823781967,0.15431389212608337,0.009645756334066391,0.12033073604106903,0.030082684010267258,0.036307062953710556,0.035491056740283966,0.9969502091407776,0.9287368059158325,0.25,0.2
1380,0.05225742608308792,0.08544919639825821,0.05004611238837242,0.0572398379445076,0.0143099594861269,0.03469333052635193,0.00923994742333889,0.9951316714286804,0.9650688767433167,0.25,0.2
1390,0.15044142305850983,0.1935926377773285,0.03242213651537895,0.03970980644226074,0.009927451610565186,0.03750552237033844,0.0067968484945595264,0.9945362210273743,0.9643729329109192,0.25,0.2
1400,0.08582711964845657,0.12474004179239273,0.030094178393483162,0.029473939910531044,0.007368484977632761,0.041006796061992645,0.017598068341612816,0.9667784571647644,0.9573786854743958,0.25,0.2
1410,0.11280062794685364,0.15512631833553314,0.03867219388484955,0.04247291013598442,0.010618227533996105,0.06295039504766464,0.02918463572859764,0.9719995260238647,0.9614876508712769,0.25,0.2
1420,0.08756766468286514,0.12690891325473785,0.042331449687480927,0.03156299889087677,0.007890749722719193,0.0543057955801487,0.032754939049482346,0.9760944247245789,0.9608249068260193,0.25,0.2
1430,0.05508463829755783,0.09758598357439041,0.03243903070688248,0.06964828819036484,0.01741207204759121,0.03556155413389206,0.008998703211545944,0.9802490472793579,0.9693902134895325,0.25,0.2
1440,0.09076964855194092,0.1258559376001358,0.0422845222055912,0.03510173410177231,0.008775433525443077,0.05804063752293587,0.012652168050408363,0.9859009981155396,0.9188609719276428,0.25,0.2
1450,0.08690502494573593,0.12216277420520782,0.03096480667591095,0.017924467101693153,0.004481116775423288,0.05774867907166481,0.01403941959142685,0.9750438928604126,0.9736477136611938,0.25,0.2
1460,0.11784049868583679,0.1531580537557602,0.04318501800298691,0.016234658658504486,0.0040586646646261215,0.06226081773638725,0.021566536277532578,0.9905597567558289,0.9438848495483398,0.25,0.2
1470,0.06955177336931229,0.10053534805774689,0.09953875094652176,0.07493870705366135,0.018734676763415337,0.09583928436040878,0.04314446821808815,0.9724397659301758,0.9207838773727417,0.25,0.2
1480,0.1167503148317337,0.16430795192718506,0.06898202747106552,0.032039545476436615,0.008009886369109154,0.11074025928974152,0.05684448778629303,0.9862964749336243,0.9566142559051514,0.25,0.2
1490,0.06726256012916565,0.11508683115243912,0.056267689913511276,0.033377401530742645,0.008344350382685661,0.0645180344581604,0.012246609665453434,0.9777806997299194,0.939423680305481,0.25,0.2
1500,0.09405191242694855,0.13765311241149902,0.05689837411046028,0.09459482133388519,0.023648705333471298,0.08281369507312775,0.07100289314985275,0.9088642001152039,0.6589611172676086,0.25,0.2
1510,0.10395357012748718,0.15044909715652466,0.11678144335746765,0.09341280907392502,0.023353202268481255,0.12157086282968521,0.05769021436572075,0.6160893440246582,0.6201817989349365,0.25,0.2
1520,0.09663289040327072,0.14040318131446838,0.039988841861486435,0.04090862721204758,0.010227156803011894,0.09672804176807404,0.022837381809949875,0.9758080840110779,0.8724081516265869,0.25,0.2
1530,0.04207498952746391,0.1008358895778656,0.0714501291513443,0.06769418716430664,0.01692354679107666,0.10111062228679657,0.029160773381590843,0.9873407483100891,0.8987022638320923,0.25,0.2
1540,0.09438323974609375,0.1564171314239502,0.09295305609703064,0.11256968975067139,0.028142422437667847,0.19646568596363068,0.011047636158764362,0.9493850469589233,0.8188923001289368,0.25,0.2
1550,0.1164378747344017,0.17241092026233673,0.05959494039416313,0.20920796692371368,0.05230199173092842,0.07808564603328705,0.013737542554736137,0.9840013980865479,0.838835597038269,0.25,0.2
1560,0.10869915038347244,0.16341876983642578,0.06736161559820175,0.13690809905529022,0.034227024763822556,0.18714824318885803,0.0391627736389637,0.9617711901664734,0.9183794856071472,0.25,0.2
1570,0.10298719257116318,0.1545896679162979,0.07548781484365463,0.12278780341148376,0.03069695085287094,0.1833273321390152,0.0076588224619627,0.959016740322113,0.9036352634429932,0.25,0.2
1580,0.11482936143875122,0.16883929073810577,0.037092551589012146,0.25771427154541016,0.06442856788635254,0.17533732950687408,0.05391012132167816,0.9807329177856445,0.6393615007400513,0.25,0.2
1590,0.046080924570560455,0.09698996692895889,0.05423179268836975,0.18575362861156464,0.04643840715289116,0.3084597587585449,0.0165350791066885,0.9828916192054749,0.8553013801574707,0.25,0.2
1600,0.11290500313043594,0.1488238126039505,0.09825626760721207,0.13248500227928162,0.033121250569820404,0.25159361958503723,0.0342647023499012,0.899908185005188,0.6907962560653687,0.25,0.2
1610,0.10184164345264435,0.12975172698497772,0.04670097306370735,0.07260310649871826,0.018150776624679565,0.048196837306022644,0.027122225612401962,0.9714936017990112,0.9273539185523987,0.25,0.2
1620,0.10088891535997391,0.13481354713439941,0.056946638971567154,0.10218225419521332,0.02554556354880333,0.11407974362373352,0.049461640417575836,0.9219361543655396,0.4789540767669678,0.25,0.2
1630,0.06161360442638397,0.11059178411960602,0.049791738390922546,0.16056063771247864,0.04014015942811966,0.2981588542461395,0.0043700085952878,0.9930663108825684,0.7293603420257568,0.25,0.2
1640,0.08150303363800049,0.11623730510473251,0.07543346285820007,0.11077864468097687,0.027694661170244217,0.22674906253814697,0.024790083989501,0.9823271036148071,0.8528159856796265,0.25,0.2
1650,0.06505484133958817,0.1053406149148941,0.05442063882946968,0.03581357002258301,0.008953392505645752,0.08100758492946625,0.0037952724378556013,0.9726023077964783,0.9331128001213074,0.25,0.2
1660,0.032667942345142365,0.06383626163005829,0.12354861199855804,0.06291748583316803,0.015729371458292007,0.18430191278457642,0.019799739122390747,0.9331509470939636,0.9370867609977722,0.25,0.2
1670,0.07647224515676498,0.1235937774181366,0.03634694963693619,0.061531223356723785,0.015382805839180946,0.050174612551927567,0.00836346298456192,0.9625551700592041,0.8251298069953918,0.25,0.2
1680,0.07999228686094284,0.10369904339313507,0.03130501136183739,0.02223893254995346,0.005559733137488365,0.040021657943725586,0.0029759679455310106,0.9590471982955933,0.9412829279899597,0.25,0.2
1690,0.06433050334453583,0.09093442559242249,0.025959907099604607,0.01402513962239027,0.0035062849055975676,0.04157894477248192,0.0009763070847839117,0.9969193935394287,0.6816031336784363,0.25,0.2
1700,0.0999288260936737,0.14406919479370117,0.024558503180742264,0.03122810088098049,0.007807025220245123,0.023663582280278206,0.002305126516148448,0.9862729907035828,0.8112474083900452,0.25,0.2
1710,0.18366457521915436,0.21854443848133087,0.03864063695073128,0.020134329795837402,0.005033582448959351,0.038550540804862976,0.0015843085711821914,0.9993289709091187,0.8370547890663147,0.25,0.2
1720,0.07883810997009277,0.10651969909667969,0.012518844567239285,0.004014625679701567,0.0010036564199253917,0.015451917424798012,0.00119292875751853,0.972140908241272,0.9360846281051636,0.25,0.2
1730,0.1276913285255432,0.16840142011642456,0.006378557067364454,0.016404863446950912,0.004101215861737728,0.03312455490231514,0.03423339128494263,0.5884963274002075,0.6652886271476746,0.25,0.2
1740,0.09754429757595062,0.1289478838443756,0.008927365764975548,0.013201797381043434,0.0033004493452608585,0.005810520611703396,0.0029321876354515553,0.9415984153747559,0.940270185470581,0.25,0.2
1750,0.064618781208992,0.09884989261627197,0.0016506353858858347,0.000941321428399533,0.00023533035709988326,0.005642423871904612,0.004694974049925804,0.752420961856842,0.318832129240036,0.25,0.2
1760,0.04147500544786453,0.0750838965177536,0.015718571841716766,0.0062944418750703335,0.0015736104687675834,0.031331755220890045,0.007599577773362398,0.9646480083465576,0.9517205953598022,0.25,0.2
1770,0.06818772107362747,0.10536741465330124,0.0007575341151095927,0.005000604782253504,0.001250151195563376,0.0019437987357378006,0.0030310717411339283,0.6885326504707336,0.4313730299472809,0.25,0.2
1780,0.05673259496688843,0.08565706759691238,0.015927165746688843,0.02229955419898033,0.005574888549745083,0.018134063109755516,0.014219291508197784,0.9405789375305176,0.9202196002006531,0.25,0.2
1790,0.08821173012256622,0.12004440277814865,0.019973108544945717,0.1499873846769333,0.03749684616923332,0.048332735896110535,0.10350765287876129,0.3828313648700714,0.8223068118095398,0.25,0.2
1800,0.08319979161024094,0.12537989020347595,0.015286403708159924,0.018080223351716995,0.004520055837929249,0.059360794723033905,0.047223467379808426,0.9902211427688599,0.971713125705719,0.25,0.2
1810,0.07476244121789932,0.1166284903883934,0.04886272922158241,0.03428792953491211,0.008571982383728027,0.1448614001274109,0.0538875088095665,0.987450897693634,0.7998367547988892,0.25,0.2
1820,0.0994003638625145,0.13840413093566895,0.052829477936029434,0.08315236866474152,0.02078809216618538,0.10846427828073502,0.03989829123020172,0.9372957944869995,0.15977677702903748,0.25,0.2
1830,0.09226591140031815,0.12863314151763916,0.0016483970684930682,0.006739271339029074,0.0016848178347572684,0.011962284334003925,0.002970533212646842,0.05755806714296341,0.297728955745697,0.25,0.2
1840,0.11468419432640076,0.15272213518619537,0.020398743450641632,0.023070625960826874,0.0057676564902067184,0.023411475121974945,0.01663047820329666,0.9873995780944824,0.9512220025062561,0.25,0.2
1850,0.044810838997364044,0.082399383187294,0.00882522389292717,0.016650747507810593,0.004162686876952648,0.019974375143647194,0.019653845578432083,0.9678456783294678,0.9662300944328308,0.25,0.2
1860,0.0544399656355381,0.10238093137741089,0.015968475490808487,0.03389609232544899,0.008474023081362247,0.10834004729986191,0.04269144684076309,0.9525070190429688,0.9122852087020874,0.25,0.2
1870,0.05862938240170479,0.0956689715385437,0.03013763204216957,0.043169159442186356,0.010792289860546589,0.07316732406616211,0.011711803264915943,0.9778979420661926,0.34270310401916504,0.25,0.2
1880,0.11402091383934021,0.15872879326343536,0.008829623460769653,0.008844185620546341,0.0022110464051365852,0.02396717108786106,0.007707884535193443,0.9856258630752563,0.9669477939605713,0.25,0.2
1890,0.0914485827088356,0.12899157404899597,0.005482152570039034,0.026717817410826683,0.006679454352706671,0.014850584790110588,0.010076425969600677,0.9898355603218079,0.9477571249008179,0.25,0.2
1900,0.10918036848306656,0.15527741611003876,0.01051965169608593,0.019521011039614677,0.004880252759903669,0.023043224588036537,0.021033678203821182,0.9357343316078186,0.9208182096481323,0.25,0.2
1910,0.0487528070807457,0.08331673592329025,0.01239081658422947,0.030377008020877838,0.0075942520052194595,0.06173742935061455,0.009461820125579834,0.9785791039466858,0.8696580529212952,0.25,0.2
1920,0.12126238644123077,0.15462042391300201,0.007286969572305679,0.00983353890478611,0.0024583847261965275,0.00986882671713829,0.012806390412151814,0.6571172475814819,0.743455171585083,0.25,0.2
1930,0.12063708901405334,0.16419924795627594,0.00867490004748106,0.002479159040376544,0.000619789760094136,0.02151227742433548,0.01057587843388319,0.7484173774719238,0.7165217995643616,0.25,0.2
1940,0.07550019025802612,0.12709060311317444,0.013944122940301895,0.00811297632753849,0.0020282440818846226,0.03688722848892212,0.02637363411486149,0.9341740608215332,0.9063230156898499,0.25,0.2
1950,0.059727124869823456,0.10113532096147537,0.013516457751393318,0.021215839311480522,0.0053039598278701305,0.04836249724030495,0.028188174590468407,0.9334259033203125,0.8984827995300293,0.25,0.2
1960,0.06217746064066887,0.10435858368873596,0.022968770936131477,0.02522561512887478,0.006306403782218695,0.052056171000003815,0.01583189330995083,0.9260643124580383,0.7230912446975708,0.25,0.2
1970,0.10113178193569183,0.1376142054796219,0.016047488898038864,0.014533033594489098,0.0036332583986222744,0.029278596863150597,0.011894815601408482,0.928683876991272,0.7317136526107788,0.25,0.2
1980,0.11287268251180649,0.15623919665813446,0.026767384260892868,0.041126567870378494,0.010281641967594624,0.0435769222676754,0.05713368579745293,0.9592686295509338,0.8497294187545776,0.25,0.2
1990,0.08163528144359589,0.1189194843173027,0.02670566365122795,0.054595187306404114,0.013648796826601028,0.08448628336191177,0.0481158085167408,0.9622729420661926,0.8569848537445068,0.25,0.2
2000,0.05601096525788307,0.12032639235258102,0.013790054246783257,0.04767549782991409,0.011918874457478523,0.2764163911342621,0.20368625223636627,0.9961696267127991,0.6453726291656494,0.25,0.2
2010,0.06912942975759506,0.12640957534313202,0.006934648379683495,0.08908186852931976,0.02227046713232994,0.11550559848546982,0.029482858255505562,0.9167687296867371,0.037228602916002274,0.25,0.2
2020,0.0942094549536705,0.14531297981739044,0.006032970733940601,0.05301687866449356,0.01325421966612339,0.07981884479522705,0.01726124994456768,0.9954257011413574,0.7992817163467407,0.25,0.2
2030,0.09698972851037979,0.13506947457790375,0.013658207841217518,0.03023112379014492,0.00755778094753623,0.034188464283943176,0.02922924980521202,0.9734213352203369,0.7914654612541199,0.25,0.2
2040,0.056233830749988556,0.0977451279759407,0.005168999079614878,0.06409889459609985,0.016024723649024963,0.029535720124840736,0.013531038537621498,0.9846044778823853,0.8906011581420898,0.25,0.2
2050,0.0643245056271553,0.09454517066478729,0.0008326105307787657,0.09186629951000214,0.022966574877500534,0.043592166155576706,0.015524405054748058,0.9658088684082031,0.08194499462842941,0.25,0.2
2060,0.04677135869860649,0.08221147209405899,0.03231004625558853,0.05769984424114227,0.014424961060285568,0.06231655552983284,0.020842213183641434,0.9518277049064636,0.46254396438598633,0.25,0.2
2070,0.044349681586027145,0.08556675910949707,0.002234281273558736,0.11328224092721939,0.028320560231804848,0.03938428312540054,0.011098112910985947,0.9927515983581543,0.2580694556236267,0.25,0.2
2080,0.06996738910675049,0.10871777683496475,0.011181991547346115,0.05236584320664406,0.013091460801661015,0.04681531712412834,0.030789976939558983,0.981418788433075,0.7787521481513977,0.25,0.2
2090,0.07962512969970703,0.11551068723201752,0.00918877124786377,0.03473224490880966,0.008683061227202415,0.03029628098011017,0.010740433819591999,0.9910045862197876,0.8384661674499512,0.25,0.2
2100,0.09419271349906921,0.13210009038448334,0.013809124939143658,0.07202344387769699,0.018005860969424248,0.03975334018468857,0.014985766261816025,0.9915961027145386,0.6048803329467773,0.25,0.2
2110,0.08012011647224426,0.1184447705745697,0.0006975001888349652,0.09180795401334763,0.022951988503336906,0.03550389036536217,0.01821458339691162,0.9830368757247925,0.021273255348205566,0.25,0.2
2120,0.10029786825180054,0.14498822391033173,0.13647624850273132,0.27851995825767517,0.06962998956441879,0.3095109164714813,0.4251311719417572,-0.8863697648048401,-0.8257519006729126,0.25,0.2
2130,0.07007274031639099,0.10403987020254135,0.0008476132061332464,0.0003697564243339002,9.243910608347505e-05,0.0022643133997917175,0.003321721451357007,0.6919437050819397,0.8067725300788879,0.25,0.2
2140,0.04910789430141449,0.07862507551908493,0.0006207457627169788,0.00032512261532247066,8.128065383061767e-05,0.0028581013903021812,0.0009187493706122041,0.9239248037338257,0.8351749181747437,0.25,0.2
2150,0.08492586761713028,0.11473257839679718,0.0007806129870004952,0.001130101503804326,0.0002825253759510815,0.0020379270426928997,0.0006754802889190614,0.9030930995941162,0.8198981881141663,0.25,0.2
2160,0.08688785880804062,0.11176805198192596,0.04029309004545212,0.010724366642534733,0.002681091660633683,0.044753920286893845,0.031742144376039505,0.9849884510040283,0.9463422894477844,0.25,0.2
2170,0.10678812116384506,0.13610967993736267,0.05226463824510574,0.038607388734817505,0.009651847183704376,0.07509486377239227,0.0354880765080452,0.9936208724975586,0.9560750126838684,0.25,0.2
2180,0.17347052693367004,0.22867849469184875,0.04581712186336517,0.03493393212556839,0.008733483031392097,0.1371837556362152,0.0058424645103514194,0.9853166937828064,0.942621648311615,0.25,0.2
2190,0.07999741286039352,0.12890489399433136,0.06903394311666489,0.1740986406803131,0.04352466017007828,0.14181505143642426,0.05237071216106415,-0.570789098739624,0.5796598196029663,0.25,0.2
2200,0.10368773341178894,0.14659462869167328,0.06648965179920197,0.14626440405845642,0.036566101014614105,0.11284080147743225,0.053267702460289,-0.8176546096801758,0.5016127824783325,0.25,0.2
2210,0.10004513710737228,0.13499918580055237,0.07489233464002609,0.26672080159187317,0.06668020039796829,0.19184543192386627,0.042684607207775116,-0.870296835899353,0.9220448732376099,0.25,0.2
2220,0.1051340326666832,0.15454120934009552,0.018204614520072937,0.14037804305553436,0.03509451076388359,0.07233878970146179,0.016718043014407158,-0.7332459092140198,0.8315727710723877,0.25,0.2
2230,0.096321702003479,0.12907955050468445,0.04013544321060181,0.19097022712230682,0.047742556780576706,0.09874490648508072,0.051034290343523026,-0.8393796682357788,0.8361130356788635,0.25,0.2
2240,0.13877835869789124,0.18026518821716309,0.04186277091503143,0.16527915000915527,0.04131978750228882,0.14121469855308533,0.006400995422154665,-0.9246569275856018,0.8786992430686951,0.25,0.2
2250,0.11567393690347672,0.14997300505638123,0.06470951437950134,0.032800253480672836,0.008200063370168209,0.1150897815823555,0.02626752108335495,0.9689021706581116,0.9602661728858948,0.25,0.2
2260,0.05111878737807274,0.07670816779136658,0.05716881901025772,0.020070893689990044,0.005017723422497511,0.06898647546768188,0.007470267359167337,0.9711376428604126,0.9602700471878052,0.25,0.2
2270,0.0708041712641716,0.0998275876045227,0.004714350216090679,0.007145986892282963,0.0017864967230707407,0.010472788475453854,0.009170394390821457,-0.8093234896659851,-0.8774082660675049,0.25,0.2
2280,0.07730472832918167,0.11699892580509186,0.016629261896014214,0.07653925567865372,0.01913481391966343,0.05337958037853241,0.017122043296694756,0.9678727984428406,0.8329875469207764,0.25,0.2
2290,0.12267598509788513,0.15805919468402863,0.0048858849331736565,0.007035808637738228,0.001758952159434557,0.008660725317895412,0.009734747000038624,-0.7030936479568481,-0.6067102551460266,0.25,0.2
2300,0.07775847613811493,0.10317722707986832,0.0024264694657176733,0.004581257700920105,0.0011453144252300262,0.009250065311789513,0.004958293866366148,-0.6880736947059631,-0.45662635564804077,0.25,0.2
2310,0.09923543781042099,0.13347165286540985,0.017866171896457672,0.02617012709379196,0.00654253177344799,0.02467348612844944,0.02437714859843254,0.07220961898565292,0.11057780683040619,0.25,0.2
2320,0.10572689026594162,0.14519578218460083,0.003466287860646844,0.0013471725396811962,0.00033679313492029905,0.02426985464990139,0.013283194974064827,-0.9397708773612976,-0.8808785080909729,0.25,0.2
2330,0.10650257021188736,0.1419762521982193,0.010089310817420483,0.006007900461554527,0.0015019751153886318,0.01372460275888443,0.0061941565945744514,0.3010978400707245,0.06251898407936096,0.25,0.2
2340,0.13151365518569946,0.17193301022052765,0.003959882538765669,0.003348567523062229,0.0008371418807655573,0.007476138416677713,0.00831786822527647,-0.3366050720214844,0.037197258323431015,0.25,0.2
2350,0.09723708778619766,0.12361200153827667,0.015098677016794682,0.001624551834538579,0.00040613795863464475,0.020542047917842865,0.0012397101381793618,0.49558764696121216,-0.10637777298688889,0.25,0.2
2360,0.12166035920381546,0.15701088309288025,0.006331266835331917,0.004731874447315931,0.0011829686118289828,0.018039222806692123,0.011446017771959305,-0.049272939562797546,-0.4952024221420288,0.25,0.2
2370,0.11277230083942413,0.142854705452919,0.004095373675227165,0.0055779325775802135,0.0013944831443950534,0.008784016594290733,0.0062130955047905445,0.7734495997428894,0.2166517972946167,0.25,0.2
2380,0.11161215603351593,0.1436375230550766,0.004262599628418684,0.00367884524166584,0.00091971131041646,0.007528869900852442,0.0024362378753721714,0.9689338207244873,0.9423540830612183,0.25,0.2
2390,0.13384102284908295,0.1598842740058899,0.003337942296639085,0.0028169704601168633,0.0007042426150292158,0.006575636100023985,0.000790003570728004,0.8341515064239502,0.3748740255832672,0.25,0.2
2400,0.08887634426355362,0.10899103432893753,0.06719169020652771,0.09564550220966339,0.023911375552415848,0.0626135990023613,0.01723194122314453,0.9633710384368896,0.8700423836708069,0.25,0.2
2410,0.0823686495423317,0.110411137342453,0.09428414702415466,0.0461345799267292,0.0115336449816823,0.13126319646835327,0.008133620023727417,0.9745955467224121,0.8058242797851562,0.25,0.2
2420,0.1388469785451889,0.17449118196964264,0.050883226096630096,0.054736021906137466,0.013684005476534367,0.06161927431821823,0.017185727134346962,0.9838896989822388,0.9557839632034302,0.25,0.2
2430,0.11665362119674683,0.14408481121063232,0.04907360300421715,0.06125398352742195,0.015313495881855488,0.1279616355895996,0.011546935886144638,0.9913108348846436,0.8514609336853027,0.25,0.2
2440,0.09010348469018936,0.1279846429824829,0.04529949650168419,0.10293107479810715,0.025732768699526787,0.06906622648239136,0.08991817384958267,0.9695668816566467,0.914753258228302,0.25,0.2
2450,0.08255554735660553,0.10728192329406738,0.07246862351894379,0.05192491039633751,0.012981227599084377,0.12176188826560974,0.0034216351341456175,0.9981846213340759,0.9351170659065247,0.25,0.2
2460,0.08258724957704544,0.10539699345827103,0.02575897052884102,0.020104384049773216,0.005026096012443304,0.046042073518037796,0.008225544355809689,0.9713761210441589,0.8517578840255737,0.25,0.2
2470,0.15112686157226562,0.1842077523469925,0.04187675565481186,0.028043558821082115,0.007010889705270529,0.04166731983423233,0.010164945386350155,0.9050513505935669,0.8716372847557068,0.25,0.2
2480,0.06383373588323593,0.0867043137550354,0.05370694398880005,0.008626199327409267,0.002156549831852317,0.094134621322155,0.020935291424393654,0.9306513667106628,0.8297638893127441,0.25,0.2
2490,0.09336289018392563,0.12566150724887848,0.03041917085647583,0.035571739077568054,0.008892934769392014,0.08319172263145447,0.0048874663189053535,0.8137760162353516,0.4464894235134125,0.25,0.2
2500,0.04822748526930809,0.07168197631835938,0.04877110570669174,0.004782557487487793,0.0011956393718719482,0.08198939263820648,0.009797913953661919,0.966978907585144,0.9330390691757202,0.25,0.2
2510,0.07284898310899734,0.10507240146398544,0.031142376363277435,0.014703091233968735,0.0036757728084921837,0.06092090532183647,0.011152227409183979,0.9743406176567078,0.6722911596298218,0.25,0.2
2520,0.10557302087545395,0.12738825380802155,0.06720151007175446,0.05656423419713974,0.014141058549284935,0.13281679153442383,0.008769670501351357,0.9499529004096985,0.7687751054763794,0.25,0.2
2530,0.05935968458652496,0.08345292508602142,0.2015281468629837,0.06154981628060341,0.015387454070150852,0.2900736927986145,0.016409318894147873,0.8502459526062012,0.9390937089920044,0.25,0.2
2540,0.09018487483263016,0.11281745880842209,0.08019125461578369,0.022875284776091576,0.005718821194022894,0.13502384722232819,0.004239103756844997,0.9672821760177612,0.8938076496124268,0.25,0.2
2550,0.09636156260967255,0.12339632213115692,0.0018522304017096758,0.0013512918958440423,0.0003378229739610106,0.0068253083154559135,0.002390677807852626,-0.5368644595146179,-0.578885555267334,0.25,0.2
2560,0.058965373784303665,0.07914233207702637,0.03325272724032402,0.015204359777271748,0.003801089944317937,0.05489184334874153,0.017705662176012993,0.9875869154930115,0.959104597568512,0.25,0.2
2570,0.09274885058403015,0.11776068806648254,0.038014646619558334,0.027965836226940155,0.006991459056735039,0.04244822636246681,0.008830293081700802,0.9795750379562378,0.9418544173240662,0.25,0.2
2580,0.08499991148710251,0.10445082932710648,0.004171162843704224,0.005973186809569597,0.0014932967023923993,0.009084135293960571,0.0007100053480826318,0.9440357685089111,0.8791565895080566,0.25,0.2
2590,0.09365814924240112,0.11870133131742477,0.03822090104222298,0.012556509114801884,0.003139127278700471,0.049588579684495926,0.004390816669911146,0.9880806803703308,0.9399418234825134,0.25,0.2
2600,0.05344899371266365,0.08663374185562134,0.01269342191517353,0.006839286535978317,0.0017098216339945793,0.027423785999417305,0.005183577537536621,0.9694727063179016,0.9420378804206848,0.25,0.2
2610,0.10742656886577606,0.14360061287879944,0.054033368825912476,0.07511484622955322,0.018778711557388306,0.1345975548028946,0.017119698226451874,0.9536566138267517,0.8068817257881165,0.25,0.2
2620,0.08153288066387177,0.12169265747070312,0.035131294280290604,0.017481310293078423,0.004370327573269606,0.07302585989236832,0.007930977270007133,0.9907566905021667,0.8549229502677917,0.25,0.2
2630,0.07246396690607071,0.10655540972948074,0.03376235067844391,0.05839325115084648,0.01459831278771162,0.08518699556589127,0.006414308678358793,0.6663402318954468,0.8617759943008423,0.25,0.2
2640,0.07268835604190826,0.1111600250005722,0.02400231547653675,0.06716405600309372,0.01679101400077343,0.07242045551538467,0.016480257734656334,0.6364513635635376,0.8168339729309082,0.25,0.2
2650,0.09464692324399948,0.12912023067474365,0.04355389252305031,0.09279624372720718,0.023199060931801796,0.10645022243261337,0.006630708463490009,0.9829773306846619,0.8870809078216553,0.25,0.2
2660,0.05830436199903488,0.09010782092809677,0.06874015927314758,0.12368154525756836,0.03092038631439209,0.13841462135314941,0.13055448234081268,0.8782640695571899,0.8454940915107727,0.25,0.2
2670,0.07384252548217773,0.09839361160993576,0.007809959817677736,0.01765994355082512,0.00441498588770628,0.018759068101644516,0.017668792977929115,0.9390539526939392,0.9419896006584167,0.25,0.2
2680,0.11918541043996811,0.1598162204027176,0.0006518204463645816,0.00028172152815386653,7.043038203846663e-05,0.006856315303593874,0.007355991750955582,-0.7720851302146912,-0.8741634488105774,0.25,0.2
2690,0.10809291154146194,0.1420683115720749,0.05478280037641525,0.010742788203060627,0.0026856970507651567,0.05535520985722542,0.0074479840695858,0.9707047939300537,0.9421302080154419,0.25,0.2
2700,0.08584859222173691,0.1168450191617012,0.026227174326777458,0.03927580267190933,0.009818950667977333,0.04395480453968048,0.03967054560780525,0.9637700915336609,0.9537954926490784,0.25,0.2
2710,0.0702516958117485,0.09522385895252228,0.02296779491007328,0.035645924508571625,0.008911481127142906,0.06454280763864517,0.010578323155641556,0.9767768979072571,0.9394508600234985,0.25,0.2
2720,0.05254513397812843,0.08716601133346558,0.056638434529304504,0.06306301057338715,0.015765752643346786,0.05580993369221687,0.024436529725790024,0.9964932799339294,0.8560447096824646,0.25,0.2
2730,0.08789524435997009,0.12176281958818436,0.05665197968482971,0.09703847765922546,0.024259619414806366,0.10284257680177689,0.0186750665307045,0.988334596157074,0.7941651344299316,0.25,0.2
2740,0.11029549688100815,0.14693337678909302,0.029138943180441856,0.0717344656586647,0.017933616414666176,0.07907822728157043,0.018576590344309807,0.9887800216674805,0.807164192199707,0.25,0.2
2750,0.04113781824707985,0.0744272992014885,0.03891240060329437,0.043417397886514664,0.010854349471628666,0.06916705518960953,0.027952633798122406,0.9970247745513916,0.8169934153556824,0.25,0.2
2760,0.07765921950340271,0.10138728469610214,0.07163631916046143,0.10248817503452301,0.025622043758630753,0.1661243438720703,0.01724211871623993,0.9894047379493713,0.6165538430213928,0.25,0.2
2770,0.09896126389503479,0.12882459163665771,0.027002885937690735,0.06258415430784225,0.015646038576960564,0.09101202338933945,0.00922621600329876,1.0003074407577515,0.7382709980010986,0.25,0.2
2780,0.04670000448822975,0.07950374484062195,0.03448881581425667,0.043500181287527084,0.010875045321881771,0.0971432626247406,0.0064641376957297325,0.999391496181488,0.9743642210960388,0.25,0.2
2790,0.1374761015176773,0.16747066378593445,0.04507060721516609,0.012384523637592793,0.003096130909398198,0.18283262848854065,0.009834115393459797,1.0000545978546143,0.9616695642471313,0.25,0.2
2800,0.11320269107818604,0.14411640167236328,0.06083843484520912,0.0376017801463604,0.0094004450365901,0.08165351301431656,0.016861367970705032,0.9879199266433716,0.7095990777015686,0.25,0.2
2810,0.04664824903011322,0.07081326842308044,0.0544460266828537,0.07106421887874603,0.017766054719686508,0.0975666493177414,0.01944653131067753,0.9852827191352844,0.7998741865158081,0.25,0.2
2820,0.09308724850416183,0.11565891653299332,0.04757877439260483,0.06181199848651886,0.015452999621629715,0.10032988339662552,0.012356413528323174,0.9939892888069153,0.8321521878242493,0.25,0.2
2830,0.033196672797203064,0.0542815625667572,0.01779608614742756,0.025319524109363556,0.006329881027340889,0.036031536757946014,0.011272473260760307,0.9939056038856506,0.9678267240524292,0.25,0.2
2840,0.09285867214202881,0.11675161868333817,0.02931506186723709,0.037302661687135696,0.009325665421783924,0.09572388231754303,0.010709282010793686,0.9950253963470459,0.8459978103637695,0.25,0.2
2850,0.09947220236063004,0.12646923959255219,0.030297979712486267,0.0870884507894516,0.0217721126973629,0.08149294555187225,0.013803274370729923,0.9911967515945435,0.8501662611961365,0.25,0.2
2860,0.055158041417598724,0.0762498527765274,0.02407057024538517,0.03935232385993004,0.00983808096498251,0.04755504056811333,0.009938573464751244,0.995126485824585,0.934400200843811,0.25,0.2
2870,0.07440970838069916,0.09856129437685013,0.04202304407954216,0.02805345132946968,0.00701336283236742,0.049127981066703796,0.013496565632522106,0.9980862140655518,0.9402136206626892,0.25,0.2
2880,0.054637499153614044,0.09357103705406189,0.013442298397421837,0.07382223010063171,0.01845555752515793,0.1692318618297577,0.009904108010232449,0.9997760653495789,0.9695309996604919,0.25,0.2
2890,0.03514965623617172,0.06549016386270523,0.020089812576770782,0.033793188631534576,0.008448297157883644,0.052363984286785126,0.03970298916101456,0.996204674243927,0.966142475605011,0.25,0.2
2900,0.0854501873254776,0.11358416080474854,0.027053693309426308,0.02672904171049595,0.006682260427623987,0.05438860133290291,0.003417045110836625,1.0004578828811646,0.9553556442260742,0.25,0.2
2910,0.06372077763080597,0.09442754089832306,0.02707848511636257,0.015855692327022552,0.003963923081755638,0.059842079877853394,0.004004372283816338,1.0035898685455322,0.9876987338066101,0.25,0.2
2920,0.06784094870090485,0.0961708202958107,0.05016352981328964,0.06238698214292526,0.015596745535731316,0.07065346091985703,0.011191915720701218,0.9969247579574585,0.7877883911132812,0.25,0.2
2930,0.07420030236244202,0.10073136538267136,0.09478070586919785,0.03179653733968735,0.007949134334921837,0.10864870250225067,0.042022041976451874,0.995760977268219,0.9523195028305054,0.25,0.2
2940,0.06572236865758896,0.10699829459190369,0.05064217373728752,0.19548079371452332,0.04887019842863083,0.14211052656173706,0.05272098630666733,0.9859528541564941,0.7826937437057495,0.25,0.2
2950,0.14430907368659973,0.1855577975511551,0.1119007095694542,0.06571092456579208,0.01642773114144802,0.19793614745140076,0.01829342357814312,1.0017571449279785,0.917969822883606,0.25,0.2
2960,0.07561443746089935,0.1020490974187851,0.02027074433863163,0.02754451334476471,0.006886128336191177,0.016110189259052277,0.025419507175683975,1.0021389722824097,0.9908571243286133,0.25,0.2
2970,0.09419240802526474,0.13399234414100647,0.036010514944791794,0.2270311713218689,0.056757792830467224,0.10033614933490753,0.08175918459892273,0.9963484406471252,0.5507742166519165,0.25,0.2
2980,0.06006050854921341,0.09042820334434509,0.03883196786046028,0.0725632905960083,0.018140822649002075,0.03821265697479248,0.029850386083126068,0.9037290215492249,0.9602929353713989,0.25,0.2
2990,0.06305839121341705,0.09662725031375885,0.09376148134469986,0.028586287051439285,0.007146571762859821,0.1099994033575058,0.03895923122763634,0.9919843077659607,0.9498018622398376,0.25,0.2
3000,0.051722098141908646,0.09009623527526855,0.0225871279835701,0.04823576286435127,0.012058940716087818,0.03693844750523567,0.022638684138655663,0.9478129744529724,0.9295689463615417,0.25,0.2
3010,0.05001054331660271,0.08407261222600937,0.036812782287597656,0.0650738999247551,0.016268474981188774,0.11746285855770111,0.02313518151640892,0.9561297297477722,0.8163368701934814,0.25,0.2
3020,0.09245015680789948,0.12996609508991241,0.03480696305632591,0.035458944737911224,0.008864736184477806,0.100867360830307,0.02960430458188057,0.9889960885047913,0.9695818424224854,0.25,0.2
3030,0.0957283154129982,0.12844517827033997,0.08897313475608826,0.03623412549495697,0.009058531373739243,0.08846936374902725,0.024421241134405136,0.941257655620575,0.8581302165985107,0.25,0.2
3040,0.026565661653876305,0.05449825897812843,0.049241069704294205,0.14868290722370148,0.03717072680592537,0.104362353682518,0.05588873103260994,0.814477264881134,0.7199660539627075,0.25,0.2
3050,0.10377933084964752,0.14411763846874237,0.05734539031982422,0.07271984964609146,0.018179962411522865,0.05905584245920181,0.019447121769189835,0.9944307208061218,0.9654017686843872,0.25,0.2
3060,0.03726797550916672,0.06258536130189896,0.044867224991321564,0.024888116866350174,0.0062220292165875435,0.12758323550224304,0.003378885332494974,0.9964810013771057,0.8867791295051575,0.25,0.2
3070,0.10725891590118408,0.14632722735404968,0.04157324135303497,0.03714500740170479,0.009286251850426197,0.08161909878253937,0.001108782715164125,0.9982587695121765,0.9678177833557129,0.25,0.2
3080,0.0819888561964035,0.12124789506196976,0.06156352534890175,0.020435776561498642,0.0051089441403746605,0.07750920206308365,0.02812918648123741,0.9815762042999268,0.8059201836585999,0.25,0.2
3090,0.059579093009233475,0.08916705846786499,0.08004963397979736,0.015114237554371357,0.0037785593885928392,0.12037032842636108,0.003149918280541897,0.9925549626350403,0.8172078728675842,0.25,0.2
3100,0.09159165620803833,0.13046327233314514,0.00043846963671967387,0.00032350150286220014,8.087537571555004e-05,0.005340839270502329,0.0012565301731228828,0.8761732578277588,0.8332257866859436,0.25,0.2
3110,0.1352032721042633,0.17530709505081177,0.014089937321841717,0.08042418211698532,0.02010604552924633,0.029383724555373192,0.007132967468351126,-0.19555366039276123,0.4197346270084381,0.25,0.2
3120,0.07772885262966156,0.11055489629507065,0.0017781065544113517,0.002627776702865958,0.0006569441757164896,0.0036463350988924503,0.0029356598388403654,0.5915059447288513,0.6495549082756042,0.25,0.2
3130,0.11353902518749237,0.1524520367383957,0.0011902436381205916,0.0026387132238596678,0.0006596783059649169,0.0035565183497965336,0.004661212675273418,0.2103279083967209,0.08693927526473999,0.25,0.2
3140,0.10470650345087051,0.13913264870643616,0.008003457449376583,0.01986958645284176,0.00496739661321044,0.006851445883512497,0.015093986876308918,-0.9835893511772156,0.9489604234695435,0.25,0.2
3150,0.08519105613231659,0.11901935935020447,0.002554072067141533,0.002061521867290139,0.0005153804668225348,0.03114914335310459,0.0029407001566141844,-0.28482577204704285,0.04199720174074173,0.25,0.2
3160,0.06602639704942703,0.09546983242034912,0.014062579721212387,0.08768390119075775,0.021920975297689438,0.04776125028729439,0.01899547688663006,-0.2665211260318756,0.7777844071388245,0.25,0.2
3170,0.06715899705886841,0.10125404596328735,0.059307295829057693,0.16754761338233948,0.04188690334558487,0.13677330315113068,0.02785184606909752,0,0.9324916005134583,0.25,0.2
3180,0.10953368246555328,0.14955106377601624,0.002781312447041273,0.019587619230151176,0.004896904807537794,0.017563140019774437,0.003008915577083826,0,0.6097434759140015,0.25,0.2
3190,0.09065071493387222,0.11320016533136368,0.011355051770806313,0.008379300124943256,0.002094825031235814,0.010369437746703625,0.0009237041231244802,0,0.2652365565299988,0.25,0.2
3200,0.09222683310508728,0.11551046371459961,0.0013684333534911275,0.0035139755345880985,0.0008784938836470246,0.005448464769870043,0.00026650974177755415,0,0.2364267110824585,0.25,0.2
3210,0.08818858116865158,0.11947952955961227,0.0004361854516901076,0.006970869842916727,0.0017427174607291818,0.005117061547935009,0.00040318004903383553,0,0.2600180506706238,0.25,0.2
3220,0.07055103033781052,0.10088659077882767,0.006749773398041725,0.0012455654796212912,0.0003113913699053228,0.010381173342466354,0.00023605572641827166,0,-0.05656230449676514,0.25,0.2
3230,0.07571431994438171,0.1134091168642044,0.002738990355283022,0.0021388500463217497,0.0005347125115804374,0.006556135602295399,0.001458127168007195,0,-0.6779776811599731,0.25,0.2
3240,0.04887417331337929,0.08438292145729065,0.013593834824860096,0.05511805787682533,0.013779514469206333,0.02540447562932968,0.003766796085983515,0,0.7750071883201599,0.25,0.2
3250,0.05646533891558647,0.08730995655059814,0.020244581624865532,0.1271517425775528,0.0317879356443882,0.06598653644323349,0.02629777044057846,0,0.9097270369529724,0.25,0.2
3260,0.09906741976737976,0.14911460876464844,0.006816640961915255,0.0347774513065815,0.008694362826645374,0.015524545684456825,0.011488889344036579,0,0.5126133561134338,0.25,0.2
3270,0.10679995268583298,0.14869022369384766,0.014075473882257938,0.04459093511104584,0.01114773377776146,0.034128036350011826,0.01219760812819004,0,0.7751393914222717,0.25,0.2
3280,0.06874538213014603,0.10948817431926727,0.01728413999080658,0.07441940903663635,0.018604852259159088,0.023933356627821922,0.026985833421349525,0,0.9050922989845276,0.25,0.2
3290,0.058206818997859955,0.08965394645929337,0.025744205340743065,0.07894458621740341,0.019736146554350853,0.04296311363577843,0.006597448606044054,0,0.6796462535858154,0.25,0.2
3300,0.05514887720346451,0.08198127895593643,0.002636377466842532,0.0009619152988307178,0.00024047882470767945,0.006796660367399454,0.0012314568739384413,-0.7650884389877319,-0.6000052690505981,0.25,0.2
3310,0.09829377382993698,0.13774313032627106,0.0021562043111771345,0.0019771731458604336,0.0004942932864651084,0.0038668247871100903,0.0003121214103884995,0.9364278316497803,0.747439444065094,0.25,0.2
3320,0.10286709666252136,0.13054314255714417,0.0004340381419751793,0.00021735546761192381,5.4338866902980953e-05,0.005214144475758076,0.0008818845963105559,0.981312096118927,0.7562997341156006,0.25,0.2
3330,0.0795627310872078,0.10883381962776184,0.0021745588164776564,0.002060201484709978,0.0005150503711774945,0.002096822252497077,0.0001054373788065277,0.9574531316757202,0.7302877306938171,0.25,0.2
3340,0.0746217742562294,0.1070355623960495,0.0017488716403022408,0.0025636027567088604,0.0006409006891772151,0.004365413449704647,9.839418635237962e-05,0.9640476107597351,0.8705795407295227,0.25,0.2
3350,0.0938115194439888,0.11907245218753815,0.0025204468984156847,0.002145834732800722,0.0005364586832001805,0.004795201122760773,0.0002638168807607144,0.9578096270561218,0.7719915509223938,0.25,0.2
3360,0.07775881886482239,0.10043348371982574,0.002000312553718686,0.0015178450848907232,0.0003794612712226808,0.0041655912064015865,0.00037722763954661787,0.9156625270843506,0.8004286289215088,0.25,0.2
3370,0.07858816534280777,0.11272835731506348,0.020712196826934814,0.04168732091784477,0.010421830229461193,0.02462409995496273,0.011619261465966702,0.022353094071149826,0.06646477431058884,0.25,0.2
3380,0.05251555144786835,0.08680486679077148,0.005601958371698856,0.005912155378609896,0.001478038844652474,0.023035408928990364,0.011393953114748001,0.7974040508270264,0.60760498046875,0.25,0.2
3390,0.0825146958231926,0.1181199848651886,0.005785583518445492,0.005873492918908596,0.001468373229727149,0.00553612457588315,0.00497506745159626,-0.19419312477111816,-0.17390435934066772,0.25,0.2
3400,0.05572858080267906,0.08154711872339249,0.0025170897133648396,0.0024216030724346638,0.0006054007681086659,0.0038115906063467264,0.0004612128250300884,-0.31916382908821106,-0.5577957034111023,0.25,0.2
3410,0.12433229386806488,0.16276921331882477,0.025851404294371605,0.04042007401585579,0.010105018503963947,0.058216556906700134,0.002815455663949251,-0.5063452124595642,0.13934756815433502,0.25,0.2
3420,0.11809149384498596,0.1546347290277481,0.019984163343906403,0.034859176725149155,0.008714794181287289,0.015003722161054611,0.006367756985127926,-0.7611470818519592,0.81482994556427,0.25,0.2
3430,0.07427171617746353,0.10242526978254318,0.020511362701654434,0.031277090311050415,0.007819272577762604,0.04748837277293205,0.007775815203785896,-0.685389518737793,-0.0133712412789464,0.25,0.2
3440,0.11919732391834259,0.1439477801322937,0.042406968772411346,0.022449281066656113,0.005612320266664028,0.09040197730064392,0.0012485780753195286,0.01730983890593052,-0.3120114803314209,0.25,0.2
3450,0.07740087807178497,0.1059442013502121,0.005650109611451626,0.0060500409454107285,0.0015125102363526821,0.015245907939970493,0.002301130210980773,-0.613979160785675,0.3258856236934662,0.25,0.2
3460,0.10420884191989899,0.11847926676273346,0.0005517026293091476,0.0030226153321564198,0.0007556538330391049,0.005440563429147005,0.0014432810712605715,-0.30908867716789246,-0.7019065022468567,0.25,0.2
3470,0.09344892203807831,0.11723490059375763,0.0015723437536507845,0.0017179783899337053,0.00042949459748342633,0.005159911699593067,0.00037731914198957384,0.611423909664154,0.6973041296005249,0.25,0.2
3480,0.09755140542984009,0.11604277044534683,0.0006139573524706066,0.0010772524401545525,0.0002693131100386381,0.004314148332923651,0.0008196643902920187,-0.44220486283302307,-0.37351134419441223,0.25,0.2
3490,0.0766640305519104,0.09977037459611893,0.03466564416885376,0.07282071560621262,0.018205178901553154,0.06072056293487549,0.0032513951882719994,-0.021161049604415894,0.8438019752502441,0.25,0.2
3500,0.08436857908964157,0.10390528291463852,0.12354955077171326,0.06594749540090561,0.016486873850226402,0.12476504594087601,0.010981903411448002,-0.6946165561676025,-0.1415156126022339,0.25,0.2
3510,0.16693808138370514,0.20680050551891327,0.028985479846596718,0.13709880411624908,0.03427470102906227,0.07374998927116394,0.012531178072094917,-0.9297102093696594,0.9247510433197021,0.25,0.2
3520,0.06867606192827225,0.09521669149398804,0.06220492720603943,0.009141708724200726,0.0022854271810501814,0.09735365211963654,0.0031063680071383715,-0.8289175033569336,-0.010385330766439438,0.25,0.2
3530,0.07443777471780777,0.1023809164762497,0.004584863316267729,0.007364728022366762,0.0018411820055916905,0.03825993463397026,0.0036446680314838886,-0.6465486884117126,0.8081362247467041,0.25,0.2
3540,0.05158022418618202,0.07934367656707764,0.06190718337893486,0.02082221582531929,0.0052055539563298225,0.11777082830667496,0.002385903848335147,-0.8498273491859436,0.03650587424635887,0.25,0.2
3550,0.11530233174562454,0.15068557858467102,0.0059339082799851894,0.02936946414411068,0.00734236603602767,0.02655387483537197,0.0011721267364919186,-0.1174328550696373,0.7228521704673767,0.25,0.2
3560,0.07777604460716248,0.10643188655376434,0.04575217142701149,0.11671659350395203,0.029179148375988007,0.15204617381095886,0.005497226025909185,-0.47273966670036316,0.9044737815856934,0.25,0.2
3570,0.06216669827699661,0.08327750861644745,0.012886456213891506,0.06964324414730072,0.01741081103682518,0.04770210012793541,0.0041315387934446335,-0.850896418094635,0.9287824630737305,0.25,0.2
3580,0.10361328721046448,0.13034766912460327,0.04742765799164772,0.10170790553092957,0.02542697638273239,0.15948817133903503,0.009080305695533752,-0.13637785613536835,0.8201748132705688,0.25,0.2
3590,0.0604310967028141,0.09037380665540695,0.001365857315249741,0.001403383444994688,0.000350845861248672,0.002637275727465749,0.0008505412261001766,-0.6038081645965576,-0.28488752245903015,0.25,0.2
3600,0.10539048910140991,0.1321796029806137,0.03389105200767517,0.014876771718263626,0.0037191929295659065,0.03927146643400192,0.006422767881304026,-0.7828165292739868,0.9522096514701843,0.25,0.2
3610,0.052114881575107574,0.090849868953228,0.011959883384406567,0.09292776137590408,0.02323194034397602,0.05316329747438431,0.008699278347194195,-0.9367979764938354,0.9293069243431091,0.25,0.2
3620,0.13043439388275146,0.16499824821949005,0.025141960009932518,0.0982263833284378,0.02455659583210945,0.09169543534517288,0.01369998138397932,-0.9479721784591675,0.9236937761306763,0.25,0.2
3630,0.13046929240226746,0.17146886885166168,0.030899176374077797,0.09259168058633804,0.02314792014658451,0.12741658091545105,0.004355937708169222,-0.6992431879043579,0.5368695855140686,0.25,0.2
3640,0.10872472822666168,0.14757396280765533,0.010884675197303295,0.08682461827993393,0.021706154569983482,0.04534872993826866,0.01921928860247135,-0.8821855187416077,0.8761613368988037,0.25,0.2
3650,0.09766536206007004,0.1326250582933426,0.01889260858297348,0.09743548184633255,0.024358870461583138,0.07407239824533463,0.010361186228692532,-0.9515784382820129,0.8234273791313171,0.25,0.2
3660,0.06403277069330215,0.09467478096485138,0.033105578273534775,0.06995760649442673,0.017489401623606682,0.11299512535333633,0.005445034708827734,-0.68409264087677,0.8003380298614502,0.25,0.2
3670,0.08632774651050568,0.12347614020109177,0.02156507596373558,0.11909575760364532,0.02977393940091133,0.06018080189824104,0.0100557841360569,-0.7932544350624084,0.4153718054294586,0.25,0.2
3680,0.06753470748662949,0.11054157465696335,0.011767098680138588,0.08698629587888718,0.021746573969721794,0.05222176015377045,0.009092953987419605,-0.8710837960243225,0.9167851209640503,0.25,0.2
3690,0.07668088376522064,0.12603384256362915,0.01968459039926529,0.13586680591106415,0.03396670147776604,0.06113230437040329,0.02381039597094059,-0.9053124189376831,0.8338311314582825,0.25,0.2
3700,0.053535096347332,0.08963355422019958,0.053336743265390396,0.1520814746618271,0.03802036866545677,0.12379556894302368,0.005411663558334112,-0.2021319717168808,0.819070041179657,0.25,0.2
3710,0.09217900037765503,0.13339748978614807,0.019892586395144463,0.08372627198696136,0.02093156799674034,0.031728386878967285,0.015830352902412415,-0.9193393588066101,0.802341103553772,0.25,0.2
3720,0.0769280418753624,0.1096198707818985,0.003386883996427059,0.004698731005191803,0.0011746827512979507,0.01202977541834116,0.001469020382501185,0.3133712410926819,0.6333269476890564,0.25,0.2
3730,0.04700387269258499,0.0867437869310379,0.03602280095219612,0.07687091082334518,0.019217727705836296,0.07931038737297058,0.01015390083193779,-0.8391736149787903,0.9033629894256592,0.25,0.2
3740,0.06816186010837555,0.10706961154937744,0.04120950773358345,0.024454884231090546,0.006113721057772636,0.07429730892181396,0.006461829878389835,-0.9067986011505127,0.9611906409263611,0.25,0.2
3750,0.06723993271589279,0.10468544811010361,0.018818635493516922,0.07143914699554443,0.01785978674888611,0.0754350945353508,0.0074067325331270695,-0.5411405563354492,0.6713224053382874,0.25,0.2
3760,0.07497920840978622,0.10866362601518631,0.07217525690793991,0.05008609965443611,0.012521524913609028,0.12712347507476807,0.00498555600643158,-0.5840993523597717,0.35211339592933655,0.25,0.2
3770,0.08029161393642426,0.11386175453662872,0.03407813608646393,0.06668724119663239,0.016671810299158096,0.05296441540122032,0.008275721222162247,-0.1607637107372284,0.6805346608161926,0.25,0.2
3780,0.05096741020679474,0.08291397988796234,0.010377194732427597,0.04649572819471359,0.011623932048678398,0.029122058302164078,0.002721164608374238,-0.17504337430000305,0.5933272242546082,0.25,0.2
3790,0.0911521464586258,0.12365391850471497,0.004495884291827679,0.003958791494369507,0.0009896978735923767,0.006432367488741875,0.003128295997157693,-0.936950147151947,0.517871618270874,0.25,0.2
3800,0.0723860114812851,0.11058986932039261,0.01140879187732935,0.04568304494023323,0.011420761235058308,0.04437722638249397,0.010140327736735344,-0.491506427526474,0.3914155066013336,0.25,0.2
3810,0.097356878221035,0.1407696157693863,0.008393551222980022,0.08283840864896774,0.020709602162241936,0.06487230211496353,0.005684791132807732,-0.8523843884468079,0.28473779559135437,0.25,0.2
3820,0.10394936800003052,0.13637816905975342,0.05180986598134041,0.030410394072532654,0.0076025985181331635,0.08137814700603485,0.04306606203317642,0.9789720773696899,0.9600839614868164,0.25,0.2
3830,0.10589256882667542,0.13690829277038574,0.04381025955080986,0.012654774822294712,0.003163693705573678,0.05948350206017494,0.018290264531970024,0.9954626560211182,0.9857268333435059,0.25,0.2
3840,0.03943610191345215,0.08379868417978287,0.028874056413769722,0.03103645145893097,0.007759112864732742,0.1905902475118637,0.10704425722360611,0.9536896347999573,0.9381954669952393,0.25,0.2
3850,0.10092908143997192,0.13895884156227112,0.04643236845731735,0.04065637290477753,0.010164093226194382,0.15276449918746948,0.03500731289386749,0.9657548666000366,0.8923419117927551,0.25,0.2
3860,0.07283353060483932,0.09555086493492126,0.05926557257771492,0.03317397087812424,0.00829349271953106,0.07254993170499802,0.011256030760705471,0.9829300045967102,0.9155275225639343,0.25,0.2
3870,0.06247685104608536,0.08978455513715744,0.04897638410329819,0.01569163054227829,0.0039229076355695724,0.043635573238134384,0.009608599357306957,0.9960875511169434,0.9725614190101624,0.25,0.2
3880,0.0293215773999691,0.05217599868774414,0.049911681562662125,0.017509443685412407,0.004377360921353102,0.12514597177505493,0.007993374951183796,0.9920673370361328,0.9402202367782593,0.25,0.2
3890,0.14671309292316437,0.17545445263385773,0.02462267503142357,0.017761988565325737,0.004440497141331434,0.028877880424261093,0.00787561759352684,0.9723570942878723,0.9509838223457336,0.25,0.2
3900,0.0650712102651596,0.08806463330984116,0.08933348953723907,0.11624257266521454,0.029060643166303635,0.09620411694049835,0.06881670653820038,0.7268959879875183,0.6615980863571167,0.25,0.2
3910,0.12284979224205017,0.15516795217990875,0.05127544328570366,0.0346820130944252,0.0086705032736063,0.04391036182641983,0.018770873546600342,0.967578649520874,0.8629380464553833,0.25,0.2
3920,0.10268179327249527,0.14228112995624542,0.05227463319897652,0.05828160420060158,0.014570401050150394,0.280709445476532,0.040385350584983826,0.9821518063545227,0.9235495924949646,0.25,0.2
3930,0.081201933324337,0.10783448815345764,0.05156661942601204,0.020877720788121223,0.005219430197030306,0.2968456447124481,0.007361020892858505,0.9857260584831238,0.9281015992164612,0.25,0.2
3940,0.06758501380681992,0.11351221054792404,0.039796389639377594,0.03722941875457764,0.00930735468864441,0.15342621505260468,0.021831180900335312,0.9517256021499634,0.8664616346359253,0.25,0.2
3950,0.03648748621344566,0.057213619351387024,0.06879337877035141,0.02730127051472664,0.00682531762868166,0.12711016833782196,0.022566940635442734,0.98179030418396,0.9881470203399658,0.25,0.2
3960,0.04690486937761307,0.07083261758089066,0.08457077294588089,0.022576607763767242,0.005644151940941811,0.09687785059213638,0.020050784572958946,0.9934183359146118,0.9316245913505554,0.25,0.2
3970,0.10799054801464081,0.1449451446533203,0.027569066733121872,0.08096691966056824,0.02024172991514206,0.09737753123044968,0.02516433224081993,0.9149287939071655,0.9545517563819885,0.25,0.2
3980,0.10321146994829178,0.13417239487171173,0.0008168185595422983,0.0008014871273189783,0.00020037178182974458,0.0047846827656030655,0.004129374865442514,0.5472843050956726,0.6427549719810486,0.25,0.2
3990,0.08132630586624146,0.10991524904966354,0.03461122512817383,0.04276605322957039,0.010691513307392597,0.06599567830562592,0.020891288295388222,-0.844813883304596,0.9455564618110657,0.25,0.2
4000,0.09249113500118256,0.12579455971717834,0.02610444277524948,0.0365237258374691,0.009130931459367275,0.03872257098555565,0.014999779872596264,-0.846710741519928,0.8210738301277161,0.25,0.2
4010,0.11345827579498291,0.1516912430524826,0.012234283611178398,0.05556151270866394,0.013890378177165985,0.03260289505124092,0.01550616417080164,-0.17098091542720795,0.5697531700134277,0.25,0.2
4020,0.08987485617399216,0.13000057637691498,0.009490132331848145,0.020725321024656296,0.005181330256164074,0.026517493650317192,0.011127575300633907,0.7737905979156494,0.8571967482566833,0.25,0.2
4030,0.0516485720872879,0.09204307943582535,0.011206218041479588,0.012364180758595467,0.0030910451896488667,0.03161686286330223,0.02730623446404934,0.692168116569519,0.9009790420532227,0.25,0.2
4040,0.047365643084049225,0.08653968572616577,0.03930987790226936,0.050697848200798035,0.012674462050199509,0.06175572797656059,0.055473536252975464,0.981149435043335,0.9454344511032104,0.25,0.2
4050,0.10775983333587646,0.13587136566638947,0.04773863032460213,0.01837887614965439,0.004594719037413597,0.057973168790340424,0.017983675003051758,0.9809991121292114,0.9497157335281372,0.25,0.2
4060,0.1317964494228363,0.18078160285949707,0.03649046644568443,0.017209885641932487,0.004302471410483122,0.16024141013622284,0.05591651797294617,0.9723436236381531,0.9539715051651001,0.25,0.2
4070,0.11657090485095978,0.1484498828649521,0.0253661647439003,0.017274266108870506,0.004318566527217627,0.09442416578531265,0.017321554943919182,0.9524043202400208,0.8253832459449768,0.25,0.2
4080,0.045268237590789795,0.08537209779024124,0.011012997478246689,0.04908742755651474,0.012271856889128685,0.15701018273830414,0.02410007454454899,0.9545676708221436,0.9408288598060608,0.25,0.2
4090,0.0887259840965271,0.12785199284553528,0.0006278590299189091,0.004851949401199818,0.0012129873502999544,0.004915837198495865,0.008557042106986046,0.09048774838447571,0.0008210400119423866,0.25,0.2
4100,0.02942989580333233,0.0532676987349987,0.0017716777510941029,0.002386420499533415,0.0005966051248833537,0.006994203198701143,0.0052229599095880985,0.39459630846977234,0.14937125146389008,0.25,0.2
4110,0.12073125690221786,0.1759805977344513,0.0006969486712478101,0.0009475686238147318,0.00023689215595368296,0.006176627241075039,0.0038342177867889404,0.7557991743087769,0.6612914800643921,0.25,0.2
4120,0.11470826715230942,0.16369809210300446,0.004149451851844788,0.013685794547200203,0.0034214486368000507,0.009147727862000465,0.01449035294353962,-0.37024542689323425,0.6717571020126343,0.25,0.2
4130,0.14069630205631256,0.19303521513938904,0.0017486453289166093,0.00331554701551795,0.0008288867538794875,0.01993190124630928,0.0029015562031418085,-0.49491965770721436,0.17966514825820923,0.25,0.2
4140,0.05797330290079117,0.09267748147249222,0.0011848683934658766,0.000576922670006752,0.000144230667501688,0.005243332125246525,0.006213084328919649,-0.5711708664894104,-0.5073676705360413,0.25,0.2
4150,0.14429205656051636,0.18774524331092834,0.05150295048952103,0.30838218331336975,0.07709554582834244,0.2298290878534317,0.01820972003042698,-0.9477414488792419,0.9527103900909424,0.25,0.2
4160,0.039278656244277954,0.07531898468732834,0.00023856830375734717,0.0007008060347288847,0.00017520150868222117,0.00470932899042964,0.00462647620588541,0.17953599989414215,-0.06126806512475014,0.25,0.2
4170,0.11610683053731918,0.15141090750694275,0.0026084587443619967,0.007495377212762833,0.0018738443031907082,0.004322696477174759,0.0026181484572589397,0.7923169136047363,0.6509244441986084,0.25,0.2
4180,0.09278327226638794,0.13706734776496887,0.0015107073122635484,0.004421143792569637,0.0011052859481424093,0.0063470508903265,0.0030270905699580908,0.4772437512874603,0.10409382730722427,0.25,0.2
4190,0.15209469199180603,0.1874498873949051,0.001123146153986454,0.002032365184277296,0.000508091296069324,0.003592587076127529,0.0049268631264567375,-0.4599161446094513,-0.09791459143161774,0.25,0.2
4200,0.11534383147954941,0.14940935373306274,0.004220187664031982,0.016277186572551727,0.004069296643137932,0.008547334000468254,0.0026230597868561745,0.7883508205413818,0.7197380661964417,0.25,0.2
4210,0.11707644164562225,0.16594693064689636,0.0013636817457154393,0.004651242401450872,0.001162810600362718,0.007137726992368698,0.005897883791476488,-0.8182341456413269,-0.4538038969039917,0.25,0.2
4220,0.08237923681735992,0.11252503097057343,0.0019055601442232728,0.0038188351318240166,0.0009547087829560041,0.008582969196140766,0.005298861302435398,-0.9559674859046936,-0.8625974059104919,0.25,0.2
4230,0.11586110293865204,0.15216997265815735,0.0031625251285731792,0.0043058632872998714,0.0010764658218249679,0.010543801821768284,0.00746759120374918,-0.9775502681732178,-0.9034187197685242,0.25,0.2
4240,0.14992372691631317,0.18834035098552704,0.0006167649407871068,0.0024133268743753433,0.0006033317185938358,0.006566906347870827,0.0038725927006453276,-0.9115111827850342,-0.9308168888092041,0.25,0.2
4250,0.09707430750131607,0.12565189599990845,0.004510833416134119,0.009918649680912495,0.0024796624202281237,0.00548589276149869,0.003912756219506264,-0.5101975798606873,-0.5540700554847717,0.25,0.2
4260,0.0928240567445755,0.12501730024814606,0.0029151595663279295,0.004798433743417263,0.0011996084358543158,0.013144487515091896,0.003773599863052368,-0.3206782639026642,-0.2994317412376404,0.25,0.2
4270,0.07436239719390869,0.11808328330516815,0.0007849750691093504,0.0009002976585179567,0.00022507441462948918,0.007937440648674965,0.007658489979803562,-0.887420654296875,-0.6879046559333801,0.25,0.2
4280,0.10336872935295105,0.1411261260509491,0.0005383632960729301,0.0025831919629126787,0.0006457979907281697,0.0071983495727181435,0.008629762567579746,-0.8607482314109802,-0.6749652028083801,0.25,0.2
4290,0.11275562644004822,0.16417373716831207,0.0008383202366530895,0.0013305230531841516,0.0003326307632960379,0.010047000832855701,0.008780780248343945,-0.9992842674255371,-0.9288457632064819,0.25,0.2
4300,0.1300109326839447,0.186136856675148,0.0019857340957969427,0.006983205676078796,0.001745801419019699,0.006261596921831369,0.0114683723077178,-0.9747661352157593,-0.7885211706161499,0.25,0.2
4310,0.10613100230693817,0.15993502736091614,0.06376122683286667,0.032564181834459305,0.008141045458614826,0.14140859246253967,0.0832274779677391,0.9801192283630371,0.9294309616088867,0.25,0.2
4320,0.06381099671125412,0.10363329201936722,0.05397658422589302,0.04108773171901703,0.010271932929754257,0.2677375078201294,0.023878660053014755,0.8936583399772644,0.7511330842971802,0.25,0.2
4330,0.06238215044140816,0.1045527458190918,0.046434249728918076,0.06623002886772156,0.01655750721693039,0.12693001329898834,0.12207319587469101,0.9726431965827942,0.9563753604888916,0.25,0.2
4340,0.07859055697917938,0.11505682021379471,0.014020198956131935,0.022945763543248177,0.005736440885812044,0.17170539498329163,0.014776889234781265,0.960813581943512,0.9569202661514282,0.25,0.2
4350,0.05018005520105362,0.07373621314764023,0.025848718360066414,0.007389910519123077,0.0018474776297807693,0.027142515406012535,0.0061270492151379585,0.9915046095848083,0.9699576497077942,0.25,0.2
4360,0.17898866534233093,0.2080068588256836,0.03309442847967148,0.01250108890235424,0.00312527222558856,0.07794216275215149,0.027736948803067207,0.9905506372451782,0.885479211807251,0.25,0.2
4370,0.04404573515057564,0.06989233940839767,0.001359146204777062,0.0012050265213474631,0.0003012566303368658,0.006915685720741749,0.005584011785686016,-0.9034901857376099,-0.8738254308700562,0.25,0.2
4380,0.12247736752033234,0.16798700392246246,0.03613833338022232,0.17853346467018127,0.04463336616754532,0.09790266305208206,0.1529545783996582,0.9657964110374451,0.7978852987289429,0.25,0.2
4390,0.09232926368713379,0.1256129890680313,0.03140348941087723,0.17867867648601532,0.04466966912150383,0.11028152704238892,0.0834481418132782,0.988964855670929,0.8822574615478516,0.25,0.2
4400,0.10131976008415222,0.14293278753757477,0.040534984320402145,0.15832948684692383,0.03958237171173096,0.1282266080379486,0.08900492638349533,0.9932622909545898,0.9436216950416565,0.25,0.2
4410,0.15991684794425964,0.2133149355649948,0.02165745571255684,0.1764785647392273,0.044119641184806824,0.15981438755989075,0.04141644388437271,0.9865086078643799,0.9255574345588684,0.25,0.2
4420,0.07879884541034698,0.11623714119195938,0.10424476116895676,0.1805182248353958,0.04512955620884895,0.1363627314567566,0.10497181862592697,0.9670022130012512,0.7825299501419067,0.25,0.2
4430,0.07211069017648697,0.10700613260269165,0.016972225159406662,0.3465438187122345,0.08663595467805862,0.11861366033554077,0.11081641912460327,0.8996915221214294,-0.3844553232192993,0.25,0.2
4440,0.05613090097904205,0.08706547319889069,0.04881744831800461,0.2597433030605316,0.0649358257651329,0.13781999051570892,0.0370657816529274,0.9880756735801697,0.9871110320091248,0.25,0.2
4450,0.08846206218004227,0.12342315912246704,0.0371701642870903,0.14750570058822632,0.03687642514705658,0.06775876879692078,0.10064316540956497,0.9688546657562256,0.8630483150482178,0.25,0.2
4460,0.11863675713539124,0.16166189312934875,0.0011737445602193475,0.6356309056282043,0.1589077264070511,0.2228555828332901,0.11221341043710709,0.9944866299629211,-0.49392154812812805,0.25,0.2
4470,0.07740191370248795,0.11700291186571121,0.11179289221763611,0.383737176656723,0.09593429416418076,0.5195461511611938,0.04883194342255592,0.9755078554153442,0.926270604133606,0.25,0.2
4480,0.07302302122116089,0.10352504998445511,0.04644940048456192,0.20234926044940948,0.05058731511235237,0.1608719378709793,0.06325285881757736,0.9494059681892395,0.56442791223526,0.25,0.2
4490,0.029736503958702087,0.06395862996578217,0.031140867620706558,0.12746818363666534,0.031867045909166336,0.4236021637916565,0.009651456959545612,0.9774669408798218,0.5662441253662109,0.25,0.2
4500,0.06535989046096802,0.10860995948314667,0.024298762902617455,0.12361925840377808,0.03090481460094452,0.4309996962547302,0.009461539797484875,0.9955409169197083,0.9476696252822876,0.25,0.2
4510,0.042026177048683167,0.09163372218608856,0.019542254507541656,0.08281238377094269,0.020703095942735672,0.3059993386268616,0.005318778101354837,0.9908183217048645,0.8107072114944458,0.25,0.2
4520,0.12369426339864731,0.1624143123626709,0.04249807074666023,0.17098687589168549,0.04274671897292137,0.07642047107219696,0.15294866263866425,0.9515161514282227,0.4770372807979584,0.25,0.2
4530,0.09034831821918488,0.11902997642755508,0.01688256487250328,0.1606631726026535,0.040165793150663376,0.05209449306130409,0.08615126460790634,0.9986629486083984,0.9769784212112427,0.25,0.2
4540,0.09571350365877151,0.1250857561826706,0.020592788234353065,0.1333315074443817,0.03333287686109543,0.1687507927417755,0.030669350177049637,0.9710598587989807,0.8190429210662842,0.25,0.2
4550,0.0668201670050621,0.08961964398622513,0.054264530539512634,0.10905416309833527,0.027263540774583817,0.1288323700428009,0.0548945851624012,0.9793659448623657,0.8071488738059998,0.25,0.2
4560,0.14000959694385529,0.17665131390094757,0.034666843712329865,0.09405054897069931,0.023512637242674828,0.07571098953485489,0.06737218797206879,0.9745659828186035,0.8564455509185791,0.25,0.2
4570,0.07867365330457687,0.11436465382575989,0.05277733504772186,0.14633888006210327,0.03658472001552582,0.07931845635175705,0.11712203919887543,0.9830992221832275,0.8643261194229126,0.25,0.2
4580,0.05320792645215988,0.08713117241859436,0.11623524129390717,0.2216355949640274,0.05540889874100685,0.25697949528694153,0.10401991754770279,0.983261227607727,0.6338507533073425,0.25,0.2
4590,0.10167909413576126,0.1344548612833023,0.033813733607530594,0.15391448140144348,0.03847862035036087,0.0554204136133194,0.0574471652507782,0.9879871606826782,0.97226482629776,0.25,0.2
4600,0.17665371298789978,0.2057550996541977,0.033721499145030975,0.1084868311882019,0.027121707797050476,0.11259613931179047,0.06754282861948013,0.9668691754341125,0.6736693978309631,0.25,0.2
4610,0.07844759523868561,0.11204764246940613,0.03348001465201378,0.11195451021194458,0.027988627552986145,0.12604326009750366,0.06720726937055588,0.9974364638328552,0.9755349159240723,0.25,0.2
4620,0.08194580674171448,0.1092776283621788,0.04299767315387726,0.05094610154628754,0.012736525386571884,0.14481525123119354,0.11200067400932312,0.9978899359703064,0.6136851906776428,0.25,0.2
4630,0.0974942073225975,0.1279853880405426,0.03934520483016968,0.47687017917633057,0.11921754479408264,0.5697218179702759,0.06905992329120636,0.9853368401527405,-0.34478509426116943,0.25,0.2
4640,0.03183488920331001,0.05675867944955826,0.06837805360555649,0.2084164023399353,0.052104100584983826,0.18955764174461365,0.06522546708583832,-0.9470137357711792,0.9498269557952881,0.25,0.2
4650,0.10211028158664703,0.13209882378578186,0.10263686627149582,0.18275955319404602,0.045689888298511505,0.16165538132190704,0.03549758344888687,-0.8920921087265015,0.8685237169265747,0.25,0.2
4660,0.10143876075744629,0.12848497927188873,0.060733117163181305,0.3026755750179291,0.07566889375448227,0.2743203639984131,0.03530015051364899,-0.8873281478881836,0.9487774968147278,0.25,0.2
4670,0.07263916730880737,0.09002457559108734,0.01294095627963543,0.0713319182395935,0.017832979559898376,0.030380582436919212,0.015111240558326244,0.03149641305208206,0.9074428677558899,0.25,0.2
4680,0.0765439048409462,0.10279279947280884,0.04873919114470482,0.09175685048103333,0.02293921262025833,0.07999418675899506,0.02497401088476181,-0.9534019827842712,0.917474627494812,0.25,0.2
4690,0.07106335461139679,0.09613744914531708,0.026812657713890076,0.13595232367515564,0.03398808091878891,0.036142654716968536,0.02881953865289688,-0.9645882844924927,0.8958335518836975,0.25,0.2
4700,0.051996469497680664,0.08173726499080658,0.03326178714632988,0.07239820808172226,0.018099552020430565,0.019464174285531044,0.007145191542804241,0,0.5478062629699707,0.25,0.2
4710,0.06124218553304672,0.08343766629695892,0.0015401135897263885,0.001410004566423595,0.00035250114160589874,0.007191132754087448,0.002606200985610485,0,-0.8990933299064636,0.25,0.2
4720,0.08415532857179642,0.10941632837057114,0.0008456219802610576,0.0001695924875093624,4.23981218773406e-05,0.008942167274653912,0.00392688624560833,0,-0.7148629426956177,0.25,0.2
4730,0.13542096316814423,0.15514732897281647,0.061274632811546326,0.1841004639863968,0.0460251159965992,0.09355951100587845,0.019440140575170517,0,0.7460139989852905,0.25,0.2
4740,0.08450621366500854,0.1050657406449318,0.002026569563895464,0.0005024934071116149,0.00012562335177790374,0.004178460221737623,0.0002458353410474956,0,-0.9285920858383179,0.25,0.2
4750,0.04307383671402931,0.06056607887148857,0.02166127786040306,0.10095157474279404,0.02523789368569851,0.0473284088075161,0.01617567241191864,0,0.935364842414856,0.25,0.2
4760,0.057118888944387436,0.07628729939460754,0.00030182645423337817,0.003340655006468296,0.000835163751617074,0.0027985682245343924,0.00019916781457141042,0,0.8483958840370178,0.25,0.2
4770,0.05805818364024162,0.07838921248912811,0.0004553130711428821,0.002217691857367754,0.0005544229643419385,0.0033966682385653257,7.542465755250305e-05,0,0.3075424134731293,0.25,0.2
4780,0.09812677651643753,0.1256992071866989,0.00042899633990600705,0.002057216130197048,0.000514304032549262,0.004399996250867844,0.00032768744858913124,0,-0.5323063135147095,0.25,0.2
4790,0.03890829533338547,0.06514488905668259,0.0005527696921490133,0.00522236293181777,0.0013055907329544425,0.004573888145387173,5.026432700105943e-05,0,-0.4516488015651703,0.25,0.2
4800,0.11372606456279755,0.1417711079120636,0.0007426753873005509,0.00039493507938459516,9.873376984614879e-05,0.003254853654652834,0.00021700491197407246,0,-0.438096821308136,0.25,0.2
4810,0.07746558636426926,0.12018773704767227,0.08131485432386398,0.22802774608135223,0.05700693652033806,0.18257077038288116,0.02985059842467308,0,0.8296195268630981,0.25,0.2
4820,0.07477481663227081,0.10819091647863388,0.020908666774630547,0.06704675406217575,0.016761688515543938,0.049784645438194275,0.007601783610880375,0,0.932493269443512,0.25,0.2
4830,0.13013428449630737,0.1728965938091278,0.04566560685634613,0.0947786197066307,0.023694654926657677,0.08107464760541916,0.014637485146522522,0,0.6975218057632446,0.25,0.2
4840,0.17820943892002106,0.21197378635406494,0.0696893036365509,0.03074287623167038,0.007685719057917595,0.09640004485845566,0.04381237179040909,0.9908589124679565,0.9550126791000366,0.25,0.2
4850,0.08298137038946152,0.11869938671588898,0.05519436299800873,0.018574781715869904,0.004643695428967476,0.196255162358284,0.02139606513082981,0.9945534467697144,0.9855985641479492,0.25,0.2
4860,0.06095622852444649,0.08785172551870346,0.0006781110423617065,0.0029304928611963987,0.0007326232152990997,0.004867648705840111,0.006207961123436689,-0.7226965427398682,-0.773195207118988,0.25,0.2
4870,0.1123303771018982,0.13742497563362122,0.07623669505119324,0.05872141197323799,0.014680352993309498,0.12310835719108582,0.03580842912197113,0.9742289185523987,0.9644783735275269,0.25,0.2
4880,0.08273492753505707,0.1064322218298912,0.07920560985803604,0.022299205884337425,0.005574801471084356,0.08115687966346741,0.00957748107612133,0.9846554398536682,0.9662484526634216,0.25,0.2
4890,0.04150021821260452,0.07027916610240936,0.034023962914943695,0.02295282669365406,0.005738206673413515,0.06460049003362656,0.026526575908064842,0.9850376844406128,0.9860297441482544,0.25,0.2
4900,0.10370106250047684,0.13328975439071655,0.05721408128738403,0.06404589116573334,0.016011472791433334,0.07578670233488083,0.07154396921396255,0.9759672284126282,0.9633634686470032,0.25,0.2
4910,0.07608968019485474,0.09957887977361679,0.035408806055784225,0.07779967784881592,0.01944991946220398,0.07742494344711304,0.025826701894402504,0.9914277195930481,0.8818800449371338,0.25,0.2
4920,0.1361680030822754,0.1684836447238922,0.05155596509575844,0.023298021405935287,0.005824505351483822,0.16200095415115356,0.01611752063035965,0.9946669340133667,0.9274285435676575,0.25,0.2
4930,0.07455018907785416,0.1063324585556984,0.059027157723903656,0.11065878719091415,0.02766469679772854,0.2783793807029724,0.0022559508215636015,0.9929561614990234,0.8738560676574707,0.25,0.2
4940,0.09596104174852371,0.12440143525600433,0.04235288128256798,0.08555436879396439,0.021388592198491096,0.07498693466186523,0.10501933842897415,0.9308315515518188,0.9041727185249329,0.25,0.2
4950,0.08642871677875519,0.11110925674438477,0.015078489668667316,0.028765376657247543,0.007191344164311886,0.03240717202425003,0.01167814340442419,0.9689481258392334,0.949833869934082,0.25,0.2
4960,0.09415586292743683,0.1297074407339096,0.028305187821388245,0.03234967589378357,0.008087418973445892,0.11578868329524994,0.07195062935352325,0.9782115817070007,0.8723472952842712,0.25,0.2
4970,0.07699993252754211,0.10523636639118195,0.06100451201200485,0.05056694895029068,0.01264173723757267,0.10947582125663757,0.023381298407912254,0.9608773589134216,0.9725487232208252,0.25,0.2
4980,0.10656909644603729,0.1576601266860962,0.08462228626012802,0.04571983963251114,0.011429959908127785,0.33806881308555603,0.016062652692198753,0.9626160860061646,0.916043758392334,0.25,0.2
4990,0.13237911462783813,0.20064833760261536,0.033888138830661774,0.07457949221134186,0.018644873052835464,0.12001462280750275,0.10614519566297531,0.9623862504959106,0.9161377549171448,0.25,0.2
5000,0.11911997199058533,0.1780824512243271,0.029333733022212982,0.09101394563913345,0.022753486409783363,0.07599107176065445,0.08236483484506607,0.8686864972114563,0.9274722933769226,0.25,0.2
5010,0.10142853111028671,0.1429881900548935,0.03604902699589729,0.14667701721191406,0.036669254302978516,0.15221457183361053,0.10939107835292816,0.9782264232635498,0.9309108257293701,0.25,0.2
5020,0.10227079689502716,0.1638534665107727,0.05869646370410919,0.38247355818748474,0.09561838954687119,0.1390441656112671,0.44082167744636536,0.985206127166748,0.9313640594482422,0.25,0.2
5030,0.08931975066661835,0.13505114614963531,0.003786004614084959,0.8274924159049988,0.2068731039762497,0.11467210203409195,0.3410891890525818,0.9798774719238281,-0.5951836109161377,0.25,0.2
5040,0.11271964758634567,0.17408990859985352,0.04541267827153206,0.45159369707107544,0.11289842426776886,0.3213171064853668,0.14796829223632812,0.9051932692527771,0.7049173712730408,0.25,0.2
5050,0.09889509528875351,0.1571160852909088,0.03237290307879448,0.3353898227214813,0.08384745568037033,0.31272292137145996,0.11853791028261185,0.993281364440918,0.939875066280365,0.25,0.2
5060,0.08351331204175949,0.13609978556632996,0.008166685700416565,0.7575891017913818,0.18939727544784546,0.205972820520401,0.24314990639686584,0.9887445569038391,-0.5757045745849609,0.25,0.2
5070,0.15238606929779053,0.2093021422624588,0.07472290098667145,0.2746390998363495,0.06865977495908737,0.1796741634607315,0.14320510625839233,0.9984977841377258,0.8915470242500305,0.25,0.2
5080,0.07553758472204208,0.15028399229049683,0.009102660231292248,0.5903865694999695,0.14759664237499237,0.1902097761631012,0.23615790903568268,0.977847695350647,0.28825148940086365,0.25,0.2
5090,0.057431355118751526,0.11052805185317993,0.07819705456495285,0.23225152492523193,0.05806288123130798,0.506804347038269,0.09434237331151962,0.9807153940200806,-0.4732447564601898,0.25,0.2
5100,0.11648835986852646,0.1753307282924652,0.09633269906044006,0.4563697576522827,0.11409243941307068,0.3891788423061371,0.15073667466640472,0.9900015592575073,0.6130720376968384,0.25,0.2
5110,0.12489880621433258,0.17013758420944214,0.011537639424204826,0.723322331905365,0.18083058297634125,0.29200229048728943,0.21071244776248932,0.9934972524642944,-0.11799059063196182,0.25,0.2
5120,0.12952584028244019,0.18134231865406036,0.05319930985569954,0.36674556136131287,0.09168639034032822,0.2746883034706116,0.13274656236171722,0.9454241991043091,0.8702142238616943,0.25,0.2
5130,0.06166745722293854,0.10891535133123398,0.038057953119277954,0.377130389213562,0.0942825973033905,0.1213744729757309,0.1934509426355362,0.9743938446044922,0.7633784413337708,0.25,0.2
5140,0.1305536925792694,0.17680567502975464,0.05101807415485382,0.28070467710494995,0.07017616927623749,0.3977917730808258,0.08911051601171494,0.9996212720870972,0.7917302250862122,0.25,0.2
5150,0.08656823635101318,0.13261665403842926,0.05983654782176018,0.246548593044281,0.06163714826107025,0.20150117576122284,0.187285915017128,0.9984946250915527,0.9238885641098022,0.25,0.2
5160,0.03844495117664337,0.08309493213891983,0.04824792966246605,0.1919853836297989,0.04799634590744972,0.16925185918807983,0.19614826142787933,0.9961034655570984,0.8469939827919006,0.25,0.2
5170,0.1311923861503601,0.1957322210073471,0.04689314588904381,0.6265844702720642,0.15664611756801605,0.22128672897815704,0.31229743361473083,0.9088073968887329,0.8170444965362549,0.25,0.2
5180,0.04781414195895195,0.09883874654769897,0.042064134031534195,0.04373808577656746,0.010934521444141865,0.2599346339702606,0.021906308829784393,0.8859380483627319,0.8610860705375671,0.25,0.2
5190,0.09590644389390945,0.14421884715557098,0.05200744792819023,0.042065586894750595,0.010516396723687649,0.1413140594959259,0.09260845929384232,0.9448374509811401,0.8504835963249207,0.25,0.2
5200,0.09389947354793549,0.13913430273532867,0.011546218767762184,0.046509500592947006,0.011627375148236752,0.03912030905485153,0.039764292538166046,0.847409725189209,0.8677676320075989,0.25,0.2
5210,0.12135359644889832,0.1668815016746521,0.038936808705329895,0.04357825219631195,0.010894563049077988,0.09608174860477448,0.019232477992773056,0.9496109485626221,0.9447553753852844,0.25,0.2
5220,0.1256721317768097,0.19381380081176758,0.03401976451277733,0.1061960756778717,0.026549018919467926,0.34647759795188904,0.050288714468479156,0.9301916360855103,0.8306812047958374,0.25,0.2
5230,0.09372307360172272,0.12220872938632965,0.02151041477918625,0.04200717434287071,0.010501793585717678,0.04908914491534233,0.016199925914406776,0.9791708588600159,0.9400813579559326,0.25,0.2
5240,0.06723792105913162,0.11324763298034668,0.07962819188833237,0.24855680763721466,0.062139201909303665,0.22086092829704285,0.11535915732383728,0.8829185962677002,0.24461691081523895,0.25,0.2
5250,0.07870135456323624,0.12215051800012589,0.0232729222625494,0.057810861617326736,0.014452715404331684,0.04967797175049782,0.029779614880681038,0.9985600709915161,0.9598315954208374,0.25,0.2
5260,0.10314245522022247,0.14323806762695312,0.0294096190482378,0.11287139356136322,0.028217848390340805,0.08572377264499664,0.01658766344189644,0.9917169213294983,0.7231187224388123,0.25,0.2
5270,0.11417976021766663,0.1614271104335785,0.01964496821165085,0.05080286040902138,0.012700715102255344,0.032166704535484314,0.02693064883351326,1.0022822618484497,0.9469583034515381,0.25,0.2
5280,0.1562684178352356,0.2040245234966278,0.022671202197670937,0.1588626205921173,0.03971565514802933,0.1186397448182106,0.02299133688211441,0.9959606528282166,0.634594738483429,0.25,0.2
5290,0.18003395199775696,0.22838275134563446,0.04935286194086075,0.0362003855407238,0.00905009638518095,0.1304321140050888,0.031901247799396515,0.9892362356185913,0.8308150768280029,0.25,0.2
5300,0.09383141994476318,0.14945556223392487,0.04124177619814873,0.05355449765920639,0.013388624414801598,0.3137364387512207,0.011218646541237831,0.9864386320114136,0.8740391135215759,0.25,0.2
5310,0.061834730207920074,0.09411084651947021,0.05945194140076637,0.05821409821510315,0.014553524553775787,0.24086694419384003,0.007312430068850517,0.9962573051452637,0.6981585621833801,0.25,0.2
5320,0.07733892649412155,0.11617892235517502,0.026532310992479324,0.12602420151233673,0.03150605037808418,0.08843686431646347,0.042253050953149796,0.9982194900512695,0.8583062291145325,0.25,0.2
5330,0.06526081264019012,0.09874774515628815,0.058839742094278336,0.08534356951713562,0.021335892379283905,0.11390314251184464,0.009569709189236164,0.9943051934242249,0.679784893989563,0.25,0.2
5340,0.08028189837932587,0.12394426763057709,0.024062149226665497,0.027892176061868668,0.006973044015467167,0.03199338540434837,0.027938295155763626,1.0012761354446411,0.9737603068351746,0.25,0.2
5350,0.07676765322685242,0.11442627757787704,0.037187427282333374,0.020143240690231323,0.005035810172557831,0.07397553324699402,0.005703178234398365,0.9965545535087585,0.94551682472229,0.25,0.2
5360,0.09486815333366394,0.12669000029563904,0.013481682166457176,0.014897322282195091,0.003724330570548773,0.03547423332929611,0.009079894982278347,1.0002517700195312,0.9585304856300354,0.25,0.2
5370,0.057487037032842636,0.09053684026002884,0.030836185440421104,0.039161816239356995,0.009790454059839249,0.06499296426773071,0.030446559190750122,0.9993081092834473,0.8284780979156494,0.25,0.2
5380,0.13150040805339813,0.16626228392124176,0.030216189101338387,0.04009096696972847,0.010022741742432117,0.054324448108673096,0.027910184115171432,0.9994106292724609,0.9189266562461853,0.25,0.2
5390,0.04670783132314682,0.07016834616661072,0.050189174711704254,0.023384464904665947,0.005846116226166487,0.07079679518938065,0.006983829662203789,1.0040603876113892,0.9483751654624939,0.25,0.2
5400,0.11088786274194717,0.15408872067928314,0.011866039596498013,0.04093484580516815,0.010233711451292038,0.07775123417377472,0.01312684640288353,0.9964619874954224,0.9431701898574829,0.25,0.2
5410,0.11273352056741714,0.16177809238433838,0.04032205417752266,0.1407768428325653,0.03519421070814133,0.09737851470708847,0.06321664899587631,0.9884310364723206,0.8306446075439453,0.25,0.2
5420,0.0964692085981369,0.1538817137479782,0.03188691660761833,0.03849473595619202,0.009623683989048004,0.06101325526833534,0.09949316829442978,0.9961937069892883,0.9682372212409973,0.25,0.2
5430,0.0773492380976677,0.1273501217365265,0.022379862144589424,0.02376445382833481,0.005941113457083702,0.04519911855459213,0.010338881984353065,1.0017672777175903,0.9787968993186951,0.25,0.2
5440,0.055034928023815155,0.0907028540968895,0.014256415888667107,0.03254767507314682,0.008136918768286705,0.024434546008706093,0.015039474703371525,1.0008189678192139,0.9703574776649475,0.25,0.2
5450,0.051296643912792206,0.0925247073173523,0.025032473728060722,0.11897788941860199,0.029744472354650497,0.1014261469244957,0.06357758492231369,0.9857059717178345,0.8028929829597473,0.25,0.2
5460,0.0585562139749527,0.11138651520013809,0.04256530851125717,0.04167751595377922,0.010419378988444805,0.276399701833725,0.007329460233449936,1.0016251802444458,0.9777345061302185,0.25,0.2
5470,0.16086962819099426,0.21411485970020294,0.022373365238308907,0.03360239788889885,0.008400599472224712,0.06164778023958206,0.00692796939983964,1.0006217956542969,0.9599506258964539,0.25,0.2
5480,0.06603454053401947,0.12588496506214142,0.03981049358844757,0.2860935926437378,0.07152339816093445,0.06171088293194771,0.251781702041626,0.9906333684921265,-0.3421059548854828,0.25,0.2
5490,0.09880515187978745,0.17208142578601837,0.02410842850804329,0.11678405851125717,0.029196014627814293,0.3487444818019867,0.008839467540383339,0.9982123970985413,0.7932004332542419,0.25,0.2
5500,0.1483563333749771,0.1959725320339203,0.0032584674190729856,0.01472192257642746,0.003680480644106865,0.005204157438129187,0.009263759478926659,-0.8703003525733948,0.5208502411842346,0.25,0.2
5510,0.05285678803920746,0.09058620035648346,0.0014416415942832828,0.0011807814007624984,0.0002951953501906246,0.008062846027314663,0.006459996569901705,-0.9715320467948914,-0.9467735886573792,0.25,0.2
5520,0.08159096539020538,0.12389471381902695,0.0033416564110666513,0.005757238250225782,0.0014393095625564456,0.00418865866959095,0.003301234683021903,-0.9031289219856262,-0.7137960195541382,0.25,0.2
5530,0.11045943200588226,0.14034129679203033,0.00034913927083835006,0.0001778543519321829,4.446358798304573e-05,0.003041072515770793,0.00043911728425882757,0.948682427406311,0.9589456915855408,0.25,0.2
5540,0.10036870837211609,0.12690363824367523,0.004408515058457851,0.008405765518546104,0.002101441379636526,0.012578009627759457,0.0005254460847936571,0.8320499062538147,-0.2124367654323578,0.25,0.2
5550,0.10825274139642715,0.1408640444278717,0.00029584343428723514,7.423552597174421e-05,1.8558881492936052e-05,0.004744016565382481,0.0014059121022000909,0.9194450974464417,0.9299119114875793,0.25,0.2
5560,0.05910882353782654,0.08511019498109818,0.0002990192733705044,0.0005459199892356992,0.0001364799973089248,0.00419538514688611,0.0012468334753066301,0.8316163420677185,0.8620063066482544,0.25,0.2
5570,0.07463126629590988,0.10462982952594757,0.0006548892124556005,0.00023867265554144979,5.9668163885362446e-05,0.008364939130842686,0.004549525212496519,-0.9394787549972534,-0.9425852298736572,0.25,0.2
5580,0.038735613226890564,0.06265945732593536,0.0006967491935938597,0.001073912251740694,0.0002684780629351735,0.007117816712707281,0.005408360157161951,-0.9852088093757629,-0.8658068180084229,0.25,0.2
5590,0.10627786815166473,0.1492445170879364,0.0006726236315444112,0.00041667206096462905,0.00010416801524115726,0.006466529332101345,0.003306719707325101,-0.9616591930389404,-0.8755130171775818,0.25,0.2
5600,0.0678810179233551,0.09821862727403641,0.0003778272366616875,0.00040273222839459777,0.00010068305709864944,0.006565664429217577,0.003834961913526058,-0.919915497303009,-0.8215034008026123,0.25,0.2
5610,0.03764237090945244,0.05911044031381607,0.0004987912834621966,0.0006487161736004055,0.00016217904340010136,0.007128492929041386,0.004570430144667625,-0.5095851421356201,-0.44376328587532043,0.25,0.2
5620,0.06290169805288315,0.10394012182950974,0.0015454876702278852,0.001943139941431582,0.0004857849853578955,0.04858710616827011,0.005711119156330824,0.6366954445838928,0.639268159866333,0.25,0.2
5630,0.05853595584630966,0.09743855148553848,0.0013430750695988536,0.0007426001830026507,0.00018565004575066268,0.005710369907319546,0.007653472479432821,-0.6939055919647217,-0.7644467353820801,0.25,0.2
5640,0.08804058283567429,0.17980694770812988,0.0031676192302256823,0.017369821667671204,0.004342455416917801,0.026533421128988266,0.0188058502972126,0.8284297585487366,0.7959335446357727,0.25,0.2
5650,0.07447192072868347,0.10413000732660294,0.00663099205121398,0.002223322633653879,0.0005558306584134698,0.01070143561810255,0.0017033318290486932,0.9182553291320801,0.7313055396080017,0.25,0.2
5660,0.04933956637978554,0.08135975897312164,0.02088012732565403,0.008227968588471413,0.002056992147117853,0.03846430778503418,0.0003048716753255576,0.9940767884254456,0.9316355586051941,0.25,0.2
5670,0.10932765901088715,0.1413193643093109,0.015404065139591694,0.02986724115908146,0.007466810289770365,0.046121250838041306,0.0035747927613556385,0.9795212149620056,0.9449716210365295,0.25,0.2
5680,0.0756005346775055,0.10779730975627899,0.01471948716789484,0.009467914700508118,0.0023669786751270294,0.022476637735962868,0.0024043049197643995,0.9385002851486206,0.9406935572624207,0.25,0.2
5690,0.046477071940898895,0.0684996172785759,0.013499943539500237,0.0981263816356659,0.024531595408916473,0.042271412909030914,0.09909908473491669,0.48054784536361694,0.8951535224914551,0.25,0.2
5700,0.08078823238611221,0.10337130725383759,0.060438625514507294,0.10364209115505219,0.025910522788763046,0.1137680858373642,0.03449848294258118,0.9579768776893616,0.7805591821670532,0.25,0.2
5710,0.10488341003656387,0.12235622107982635,0.019231552258133888,0.010066441260278225,0.0025166103150695562,0.028482133522629738,0.010985909029841423,0.9928663372993469,0.9722113013267517,0.25,0.2
5720,0.0702754408121109,0.1004844382405281,0.03268934413790703,0.21446330845355988,0.05361582711338997,0.13048823177814484,0.03583228588104248,0.9116548895835876,0.7593106627464294,0.25,0.2
5730,0.11131034791469574,0.13277818262577057,0.01904461532831192,0.03790700435638428,0.00947675108909607,0.1216573566198349,0.040188807994127274,0.7848010659217834,0.20504501461982727,0.25,0.2
5740,0.08955240994691849,0.11521081626415253,0.03694818913936615,0.01928369142115116,0.00482092285528779,0.06829863786697388,0.012474680319428444,0.9742587208747864,0.9433874487876892,0.25,0.2
5750,0.0765254870057106,0.09860017895698547,0.03152329474687576,0.11355689913034439,0.028389224782586098,0.1355760544538498,0.009774777106940746,0.9498969912528992,0.07743425667285919,0.25,0.2
5760,0.05911761522293091,0.08414752036333084,0.01692495308816433,0.0251457616686821,0.006286440417170525,0.07143902778625488,0.008272781036794186,0.9115754961967468,0.7820069193840027,0.25,0.2
5770,0.1013932004570961,0.15173090994358063,0.028272852301597595,0.019075561314821243,0.004768890328705311,0.09759782999753952,0.008012210950255394,0.9466485381126404,0.9157333970069885,0.25,0.2
5780,0.10430379956960678,0.16026145219802856,0.00020436986233107746,0.08985631167888641,0.022464077919721603,0.12303468585014343,0.009481474757194519,0.9888523817062378,-0.7612184286117554,0.25,0.2
5790,0.13621684908866882,0.17962245643138885,0.048395294696092606,0.0368366464972496,0.0092091616243124,0.10388050973415375,0.019315559417009354,0.9854554533958435,0.9123352766036987,0.25,0.2
5800,0.09803719818592072,0.13346469402313232,0.0028578282799571753,0.05471080541610718,0.013677701354026794,0.044986795634031296,0.014260990545153618,0.9244109392166138,0.1292852908372879,0.25,0.2
5810,0.09758244454860687,0.13959048688411713,0.0180670153349638,0.08152420818805695,0.020381052047014236,0.1832907348871231,0.010136067867279053,0.9229825139045715,0.9519132971763611,0.25,0.2
5820,0.09337000548839569,0.14136144518852234,0.04733482748270035,0.06413815915584564,0.01603453978896141,0.1566353142261505,0.030978068709373474,0.9839305877685547,0.8833959102630615,0.25,0.2
5830,0.1683446168899536,0.21749041974544525,0.028288664296269417,0.023457370698451996,0.005864342674612999,0.06445930898189545,0.0026627781335264444,0.9804010987281799,0.7241984009742737,0.25,0.2
5840,0.067210353910923,0.11734220385551453,0.03962009772658348,0.1079665794968605,0.026991644874215126,0.22259771823883057,0.09402408450841904,0.9826109409332275,0.8769474029541016,0.25,0.2
5850,0.08473340421915054,0.12656739354133606,0.08105821907520294,0.06265018880367279,0.015662547200918198,0.16021442413330078,0.017734868451952934,0.9042421579360962,0.939832329750061,0.25,0.2
5860,0.09545402973890305,0.14047008752822876,0.0318978913128376,0.120444655418396,0.030111163854599,0.14409244060516357,0.004882254637777805,-0.8994801640510559,0.8951255083084106,0.25,0.2
5870,0.08522657305002213,0.12744037806987762,0.04334072023630142,0.05004661902785301,0.012511654756963253,0.09726255387067795,0.005645399913191795,-0.6554023027420044,0.9523852467536926,0.25,0.2
5880,0.11125107109546661,0.16284093260765076,0.0009741887333802879,0.0014438384678214788,0.0003609596169553697,0.00399564066901803,0.00036078804987482727,0.9795261025428772,0.7800527811050415,0.25,0.2
5890,0.14602263271808624,0.20856782793998718,0.0008435592753812671,0.0004693617229349911,0.00011734043073374778,0.008465669117867947,0.0009114294080063701,0.989629864692688,0.8413007855415344,0.25,0.2
5900,0.1124827191233635,0.15934757888317108,0.0008525082375854254,0.0007147451397031546,0.00017868628492578864,0.016124902293086052,0.0012276622001081705,0.986797034740448,0.7226822376251221,0.25,0.2
5910,0.10910841077566147,0.15256547927856445,0.0007886521052569151,4.668180554290302e-05,1.1670451385725755e-05,0.0011757693719118834,0.0017951671034097672,0.9398463368415833,0.7332712411880493,0.25,0.2
5920,0.07323198020458221,0.13776648044586182,0.0007797422003932297,0.00012920387962367386,3.2300969905918464e-05,0.0025641187094151974,0.0016052020946517587,0.9875473380088806,0.8395742177963257,0.25,0.2
5930,0.07846889644861221,0.11253377795219421,0.0006544548668898642,0.0002139679272659123,5.3491981816478074e-05,0.007716014049947262,0.00025958535843528807,0.9724017381668091,0.8400877118110657,0.25,0.2
5940,0.09999781101942062,0.14713117480278015,0.00578278535977006,0.01648523285984993,0.0041213082149624825,0.0038898629136383533,0.022100524976849556,-0.773618221282959,0.5981009006500244,0.25,0.2
5950,0.10356834530830383,0.13427522778511047,0.005270504858344793,0.01963135227560997,0.0049078380689024925,0.0054197898134589195,0.017891013994812965,-0.6710926294326782,0.5888457298278809,0.25,0.2
5960,0.06781977415084839,0.10392554849386215,0.003379995236173272,0.017163120210170746,0.0042907800525426865,0.00570567836984992,0.01717667281627655,-0.8326675891876221,0.5245113372802734,0.25,0.2
5970,0.09503067284822464,0.13210396468639374,0.006904014386236668,0.013302731327712536,0.003325682831928134,0.009667417965829372,0.019280916079878807,-0.8739935755729675,0.33695682883262634,0.25,0.2
5980,0.08738680928945541,0.13517144322395325,0.008334594778716564,0.020983515307307243,0.005245878826826811,0.005750902462750673,0.02017303742468357,-0.9274309277534485,0.43180400133132935,0.25,0.2
5990,0.11471620202064514,0.16512705385684967,0.0024603386409580708,0.01927473396062851,0.004818683490157127,0.01744828186929226,0.012296656146645546,-0.8666968941688538,0.5474550127983093,0.25,0.2
6000,0.11313673853874207,0.15552487969398499,0.01755332387983799,0.04097992181777954,0.010244980454444885,0.03676046431064606,0.008171864785254002,0.6681092381477356,0.6505821943283081,0.25,0.2
6010,0.10395204275846481,0.1592647135257721,0.008231092244386673,0.016858896240592003,0.004214724060148001,0.04039255529642105,0.004903806373476982,0.5322141647338867,0.7678704261779785,0.25,0.2
6020,0.058788880705833435,0.0884745866060257,0.008144309744238853,0.050899337977170944,0.012724834494292736,0.03790009766817093,0.010280843824148178,-0.40339329838752747,0.5067147612571716,0.25,0.2
6030,0.07248785346746445,0.12252740561962128,0.012941042892634869,0.00900653563439846,0.002251633908599615,0.04544837027788162,0.007112328894436359,0.003153125988319516,0.052791059017181396,0.25,0.2
6040,0.11816483736038208,0.1559986025094986,0.0019506860990077257,0.01717490144073963,0.004293725360184908,0.031007643789052963,0.005390810314565897,0.6011519432067871,0.5021898150444031,0.25,0.2
6050,0.11523635685443878,0.14773675799369812,0.0022858604788780212,0.010122090578079224,0.002530522644519806,0.013273374177515507,0.004896330181509256,0.7726945877075195,0.42941513657569885,0.25,0.2
6060,0.07285342365503311,0.10190894454717636,0.005424712784588337,0.014552567154169083,0.0036381417885422707,0.02714502066373825,0.0041582160629332066,0.9236149191856384,0.3608245253562927,0.25,0.2
6070,0.11486516892910004,0.15557092428207397,0.003241877071559429,0.027990330010652542,0.0069975825026631355,0.012560604140162468,0.010590928606688976,0.18913601338863373,0.43415218591690063,0.25,0.2
6080,0.0853264182806015,0.12001489847898483,0.004927107132971287,0.016185348853468895,0.004046337213367224,0.025513488799333572,0.00974915362894535,-0.339404821395874,0.4431142508983612,0.25,0.2
6090,0.06952565908432007,0.10698395222425461,0.010043014772236347,0.01406277995556593,0.0035156949888914824,0.013144203461706638,0.004802917130291462,0.9244345426559448,-0.10550004988908768,0.25,0.2
6100,0.07083504647016525,0.10255935043096542,0.00943250022828579,0.021792953833937645,0.005448238458484411,0.017675064504146576,0.00824230071157217,0.25104981660842896,0.6485138535499573,0.25,0.2
6110,0.04964221641421318,0.07685195654630661,0.0023589120246469975,0.017465094104409218,0.0043662735261023045,0.01690039411187172,0.01268645841628313,-0.609232485294342,0.5551913380622864,0.25,0.2
6120,0.05695124715566635,0.08615455776453018,0.0195451807230711,0.010617006570100784,0.002654251642525196,0.04814130440354347,0.008175658993422985,-0.23268026113510132,0.32364264130592346,0.25,0.2
6130,0.0927756056189537,0.12648288905620575,0.015145890414714813,0.05025636404752731,0.012564091011881828,0.03679124265909195,0.0111694959923625,0.5437117218971252,0.10011649131774902,0.25,0.2
6140,0.10061705857515335,0.139564648270607,0.0016588539583608508,0.025056729093194008,0.006264182273298502,0.00922960601747036,0.004562084563076496,0.9561669826507568,-0.8396568894386292,0.25,0.2
6150,0.08341600745916367,0.11224792152643204,0.0037923045456409454,0.015265418216586113,0.0038163545541465282,0.006222112104296684,0.011907628737390041,-0.7392659187316895,0.46536558866500854,0.25,0.2
6160,0.13140545785427094,0.17406223714351654,0.006105473265051842,0.021793384104967117,0.005448346026241779,0.022107286378741264,0.012600724585354328,0.40217623114585876,-0.030127616599202156,0.25,0.2
6170,0.07566384971141815,0.11167928576469421,0.013181505724787712,0.01624359004199505,0.004060897510498762,0.05146803706884384,0.004094222094863653,0.9371942281723022,0.8816551566123962,0.25,0.2
6180,0.12546797096729279,0.17504271864891052,0.004241004586219788,0.03428403288125992,0.00857100822031498,0.009583376348018646,0.009123850613832474,0.5908296704292297,0.5526196360588074,0.25,0.2
6190,0.10579054057598114,0.15465131402015686,0.00804137997329235,0.016038039699196815,0.004009509924799204,0.03413771837949753,0.011655906215310097,-0.49144595861434937,0.35289663076400757,0.25,0.2
6200,0.07213600724935532,0.09982271492481232,0.005002410616725683,0.02590431086719036,0.00647607771679759,0.01932021975517273,0.02029997669160366,-0.9893838167190552,0.7115715742111206,0.25,0.2
6210,0.09977257251739502,0.12234440445899963,0.006333457306027412,0.021877892315387726,0.0054694730788469315,0.01025354489684105,0.013616243377327919,-0.7382618188858032,0.30019646883010864,0.25,0.2
6220,0.13629817962646484,0.1682794988155365,0.004865037743002176,0.01957310363650322,0.004893275909125805,0.037600353360176086,0.008489365689456463,0.9362563490867615,0.5968726277351379,0.25,0.2
6230,0.034479498863220215,0.0549766980111599,0.033427827060222626,0.0344439260661602,0.00861098151654005,0.13372795283794403,0.03223992511630058,0.9939485192298889,0.9768153429031372,0.25,0.2
6240,0.04869531840085983,0.07255689799785614,0.01986471563577652,0.006644869223237038,0.0016612173058092594,0.0361226461827755,0.008906128816306591,0.9869487881660461,0.9687550067901611,0.25,0.2
6250,0.12889058887958527,0.15830455720424652,0.039045389741659164,0.0180661678314209,0.004516541957855225,0.0647827684879303,0.048106737434864044,0.9565645456314087,0.9293766021728516,0.25,0.2
6260,0.13648083806037903,0.1651581972837448,0.04765376076102257,0.01848139613866806,0.004620349034667015,0.11267147958278656,0.0069597577676177025,0.982635498046875,0.8637966513633728,0.25,0.2
6270,0.09465792030096054,0.1325647383928299,0.009816649369895458,0.029228778555989265,0.007307194638997316,0.06962261348962784,0.03819757699966431,0.9798210263252258,0.9229443073272705,0.25,0.2
6280,0.0942249596118927,0.13326120376586914,0.02257567085325718,0.04725981131196022,0.011814952827990055,0.29460492730140686,0.010073116980493069,0.9839544296264648,0.9496358633041382,0.25,0.2
6290,0.11648927628993988,0.16453158855438232,0.055196117609739304,0.11642726510763168,0.02910681627690792,0.1331680715084076,0.0672379732131958,0.9776764512062073,0.807235598564148,0.25,0.2
6300,0.059838175773620605,0.09499626606702805,0.07108768075704575,0.12111540138721466,0.030278850346803665,0.03371052071452141,0.07998990267515182,0.9982768297195435,0.9804362058639526,0.25,0.2
6310,0.058474935591220856,0.0900563970208168,0.019928818568587303,0.08798428624868393,0.021996071562170982,0.04884577915072441,0.038978010416030884,0.9961938858032227,0.9314078092575073,0.25,0.2
6320,0.1546846479177475,0.1947442591190338,0.032492026686668396,0.08841501176357269,0.022103752940893173,0.06491366773843765,0.04448029026389122,0.9956080317497253,0.8981110453605652,0.25,0.2
6330,0.10345854610204697,0.1470479518175125,0.017713243141770363,0.1716311126947403,0.042907778173685074,0.059046827256679535,0.05618733912706375,0.996170699596405,0.5788558125495911,0.25,0.2
6340,0.17098966240882874,0.2006174772977829,0.024850811809301376,0.0536012165248394,0.01340030413120985,0.06522049754858017,0.021085595712065697,0.995411217212677,0.6906821131706238,0.25,0.2
6350,0.06495967507362366,0.09542607516050339,0.035423751920461655,0.009446387179195881,0.0023615967947989702,0.10869374871253967,0.0009732970502227545,0.9973217844963074,0.9186506271362305,0.25,0.2
6360,0.11291158199310303,0.14181342720985413,0.05226733162999153,0.09205343574285507,0.023013358935713768,0.1100204735994339,0.047375135123729706,1.0000367164611816,0.9751612544059753,0.25,0.2
6370,0.12315041571855545,0.15200993418693542,0.03884192928671837,0.0958469808101654,0.02396174520254135,0.08158078044652939,0.06936274468898773,0.9962620735168457,0.7801274061203003,0.25,0.2
6380,0.0662122443318367,0.10824917256832123,0.05858728289604187,0.16966062784194946,0.042415156960487366,0.11899957060813904,0.0763336643576622,0.9909074306488037,0.9212881922721863,0.25,0.2
6390,0.06336073577404022,0.09146924316883087,0.055874746292829514,0.0041611073538661,0.001040276838466525,0.10057730972766876,0.003933326341211796,0.9970044493675232,0.9676350951194763,0.25,0.2
6400,0.10736288130283356,0.14368432760238647,0.014842288568615913,0.06040323153138161,0.015100807882845402,0.04871375858783722,0.01580524444580078,0.9895995855331421,0.9801024198532104,0.25,0.2
6410,0.061218783259391785,0.09375884383916855,0.04931063577532768,0.1556076556444168,0.0389019139111042,0.1377742737531662,0.033978089690208435,0.9851269721984863,-0.12260911613702774,0.25,0.2
6420,0.06576034426689148,0.10782931745052338,0.030982913449406624,0.1661343276500702,0.04153358191251755,0.08514127135276794,0.06540200114250183,0.9973918795585632,-0.1399998664855957,0.25,0.2
6430,0.08660897612571716,0.1551574468612671,0.02250847965478897,0.23540236055850983,0.05885059013962746,0.5817173719406128,0.007192407734692097,0.9972984194755554,-0.24329157173633575,0.25,0.2
6440,0.07683254033327103,0.11450285464525223,0.0025248609017580748,0.3495451509952545,0.08738628774881363,0.16756197810173035,0.024559982120990753,0.9950215220451355,-0.7110062837600708,0.25,0.2
6450,0.07777158915996552,0.12500225007534027,0.05411654710769653,0.07184931635856628,0.01796232908964157,0.0951400026679039,0.044911351054906845,0.9995607733726501,0.7594862580299377,0.25,0.2
6460,0.08179870247840881,0.13942496478557587,0.06949304044246674,0.013012606650590897,0.003253151662647724,0.755355179309845,0.015993306413292885,0.9945812821388245,0.926990270614624,0.25,0.2
6470,0.059162724763154984,0.10655585676431656,0.05375645309686661,0.12866365909576416,0.03216591477394104,0.04859890416264534,0.12705612182617188,0.9338209629058838,0.26677483320236206,0.25,0.2
6480,0.07835548371076584,0.11715798825025558,0.021751711145043373,0.23613490164279938,0.059033725410699844,0.32248184084892273,0.010926928371191025,0.9979037046432495,-0.13766314089298248,0.25,0.2
6490,0.06322543323040009,0.10884840041399002,0.03793638199567795,0.10127199441194534,0.025317998602986336,0.07444852590560913,0.06361123919487,1.0000630617141724,0.8874318599700928,0.25,0.2
6500,0.04552649334073067,0.14235632121562958,0.007440962828695774,0.3008502423763275,0.07521256059408188,0.6477188467979431,0.007521834224462509,0.9983174800872803,-0.23713098466396332,0.25,0.2
6510,0.06656011939048767,0.11736708134412766,0.02053099125623703,0.1339554488658905,0.033488862216472626,0.0702265128493309,0.0705556720495224,0.9653268456459045,0.5092760920524597,0.25,0.2
6520,0.07103396207094193,0.13791358470916748,0.016707368195056915,0.29358625411987305,0.07339656352996826,0.09866635501384735,0.05998758226633072,0.9665614366531372,-0.22840745747089386,0.25,0.2
6530,0.06617537140846252,0.1158401146531105,0.011893680319190025,0.23241925239562988,0.05810481309890747,0.09645407646894455,0.0392865426838398,0.9978737235069275,0.3144684433937073,0.25,0.2
6540,0.08572990447282791,0.13680249452590942,0.0397615060210228,0.24451923370361328,0.06112980842590332,0.1653653085231781,0.03191651403903961,0.9872757196426392,-0.21480658650398254,0.25,0.2
6550,0.09182135760784149,0.15247008204460144,0.028041299432516098,0.15441325306892395,0.03860331326723099,0.1361810266971588,0.04529864713549614,0.9943037629127502,0.7475168704986572,0.25,0.2
6560,0.04077669233083725,0.11481668055057526,0.017863905057311058,0.11396965384483337,0.028492413461208344,0.3090343475341797,0.010993311181664467,0.9761189222335815,0.2772971987724304,0.25,0.2
6570,0.128074049949646,0.18549126386642456,0.02772054262459278,0.08168826997280121,0.020422067493200302,0.09346708655357361,0.0076261465437710285,0.9952014684677124,0.83858323097229,0.25,0.2
6580,0.09874439239501953,0.16071709990501404,0.02727351151406765,0.1383996605873108,0.0345999151468277,0.10174033045768738,0.09983494877815247,0.9389412999153137,0.7901989817619324,0.25,0.2
6590,0.09778089821338654,0.14534702897071838,0.040930766612291336,0.034654032438993454,0.008663508109748363,0.1304941177368164,0.0019495828310027719,0.9918749928474426,0.9352886080741882,0.25,0.2
6600,0.0879104807972908,0.1463785618543625,0.024613436311483383,0.09146131575107574,0.022865328937768936,0.18600349128246307,0.017426934093236923,0.9911239147186279,0.7178300619125366,0.25,0.2
