ride_ts,video_path,ride_dir
20240216103439,/lus/lfs1aip2/projects/u6ex/fbots/frodobots_raw/frodobots_data/output_rides_1/ride_18506_20240216103439/recordings/27d5c935904adcb96b7f1ba770ad9bd2_ride_18506__uid_s_1001__uid_e_video.m3u8,/lus/lfs1aip2/projects/u6ex/fbots/frodobots_raw/frodobots_data/output_rides_1/ride_18506_20240216103439
20240219110914,/lus/lfs1aip2/projects/u6ex/fbots/frodobots_raw/frodobots_data/output_rides_1/ride_18611_20240219110914/recordings/7a28e5b4df4a60d011bc1e93efc1e1c2_ride_18611__uid_s_1001__uid_e_video.m3u8,/lus/lfs1aip2/projects/u6ex/fbots/frodobots_raw/frodobots_data/output_rides_1/ride_18611_20240219110914
20240219112319,/lus/lfs1aip2/projects/u6ex/fbots/frodobots_raw/frodobots_data/output_rides_1/ride_18613_20240219112319/recordings/adb3b85454416bed98cd459e2a49dfec_ride_18613__uid_s_1001__uid_e_video.m3u8,/lus/lfs1aip2/projects/u6ex/fbots/frodobots_raw/frodobots_data/output_rides_1/ride_18613_20240219112319
20240220110429,/lus/lfs1aip2/projects/u6ex/fbots/frodobots_raw/frodobots_data/output_rides_1/ride_18713_20240220110429/recordings/17daa4d05245c0ee3c3c36b4fe176b1c_ride_18713__uid_s_1001__uid_e_video.m3u8,/lus/lfs1aip2/projects/u6ex/fbots/frodobots_raw/frodobots_data/output_rides_1/ride_18713_20240220110429
20240221103244,/lus/lfs1aip2/projects/u6ex/fbots/frodobots_raw/frodobots_data/output_rides_1/ride_18811_20240221103244/recordings/573c45989544a73fda476e9ef45cc63c_ride_18811__uid_s_1001__uid_e_video.m3u8,/lus/lfs1aip2/projects/u6ex/fbots/frodobots_raw/frodobots_data/output_rides_1/ride_18811_20240221103244
20240221104718,/lus/lfs1aip2/projects/u6ex/fbots/frodobots_raw/frodobots_data/output_rides_1/ride_18813_20240221104718/recordings/0ebaf3dbe849401df63c8c8f39cbc17a_ride_18813__uid_s_1001__uid_e_video.m3u8,/lus/lfs1aip2/projects/u6ex/fbots/frodobots_raw/frodobots_data/output_rides_1/ride_18813_20240221104718
20240221112028,/lus/lfs1aip2/projects/u6ex/fbots/frodobots_raw/frodobots_data/output_rides_1/ride_18819_20240221112028/recordings/c55fcd002a47998bf3c29c89659d4d75_ride_18819__uid_s_1001__uid_e_video.m3u8,/lus/lfs1aip2/projects/u6ex/fbots/frodobots_raw/frodobots_data/output_rides_1/ride_18819_20240221112028
20240221112909,/lus/lfs1aip2/projects/u6ex/fbots/frodobots_raw/frodobots_data/output_rides_1/ride_18820_20240221112909/recordings/65762eb24941ab7e1c4166af9f2693c6_ride_18820__uid_s_1001__uid_e_video.m3u8,/lus/lfs1aip2/projects/u6ex/fbots/frodobots_raw/frodobots_data/output_rides_1/ride_18820_20240221112909
20240221113551,/lus/lfs1aip2/projects/u6ex/fbots/frodobots_raw/frodobots_data/output_rides_1/ride_18822_20240221113551/recordings/046178d3ea4e22b0c33384869f5ef1cb_ride_18822__uid_s_1001__uid_e_video.m3u8,/lus/lfs1aip2/projects/u6ex/fbots/frodobots_raw/frodobots_data/output_rides_1/ride_18822_20240221113551
20240221114225,/lus/lfs1aip2/projects/u6ex/fbots/frodobots_raw/frodobots_data/output_rides_1/ride_18823_20240221114225/recordings/748aa1cae04e7edc8a795db1f439b00e_ride_18823__uid_s_1001__uid_e_video.m3u8,/lus/lfs1aip2/projects/u6ex/fbots/frodobots_raw/frodobots_data/output_rides_1/ride_18823_20240221114225
20240228121850,/lus/lfs1aip2/projects/u6ex/fbots/frodobots_raw/frodobots_data/output_rides_1/ride_19487_20240228121850/recordings/36969ae2f04f42b6e4d1b8a4fa10423a_ride_19487__uid_s_1001__uid_e_video.m3u8,/lus/lfs1aip2/projects/u6ex/fbots/frodobots_raw/frodobots_data/output_rides_1/ride_19487_20240228121850
20240304110740,/lus/lfs1aip2/projects/u6ex/fbots/frodobots_raw/frodobots_data/output_rides_2/ride_19916_20240304110740/recordings/68600e6ee64359ec51a0febe4088b622_ride_19916__uid_s_1001__uid_e_video.m3u8,/lus/lfs1aip2/projects/u6ex/fbots/frodobots_raw/frodobots_data/output_rides_2/ride_19916_20240304110740
20240304114705,/lus/lfs1aip2/projects/u6ex/fbots/frodobots_raw/frodobots_data/output_rides_2/ride_19925_20240304114705/recordings/72a016cbee47eadfe41bf3b92bb63110_ride_19925__uid_s_1001__uid_e_video.m3u8,/lus/lfs1aip2/projects/u6ex/fbots/frodobots_raw/frodobots_data/output_rides_2/ride_19925_20240304114705
20240305115136,/lus/lfs1aip2/projects/u6ex/fbots/frodobots_raw/frodobots_data/output_rides_2/ride_20063_20240305115136/recordings/e3ce4912ea4446ddbc5f6082eb66e35d_ride_20063__uid_s_1001__uid_e_video.m3u8,/lus/lfs1aip2/projects/u6ex/fbots/frodobots_raw/frodobots_data/output_rides_2/ride_20063_20240305115136
20240306090558,/lus/lfs1aip2/projects/u6ex/fbots/frodobots_raw/frodobots_data/output_rides_2/ride_20161_20240306090558/recordings/6579e93c65476ae2292708927e3eaa8d_ride_20161__uid_s_1001__uid_e_video.m3u8,/lus/lfs1aip2/projects/u6ex/fbots/frodobots_raw/frodobots_data/output_rides_2/ride_20161_20240306090558
20240306095439,/lus/lfs1aip2/projects/u6ex/fbots/frodobots_raw/frodobots_data/output_rides_2/ride_20166_20240306095439/recordings/f0a12ce4884d35b5159fd78af22ccdb5_ride_20166__uid_s_1001__uid_e_video.m3u8,/lus/lfs1aip2/projects/u6ex/fbots/frodobots_raw/frodobots_data/output_rides_2/ride_20166_20240306095439
20240306110938,/lus/lfs1aip2/projects/u6ex/fbots/frodobots_raw/frodobots_data/output_rides_2/ride_20180_20240306110938/recordings/2acb1f767b4b9dabfc9f2e9a545fcbda_ride_20180__uid_s_1001__uid_e_video.m3u8,/lus/lfs1aip2/projects/u6ex/fbots/frodobots_raw/frodobots_data/output_rides_2/ride_20180_20240306110938
20240306113021,/lus/lfs1aip2/projects/u6ex/fbots/frodobots_raw/frodobots_data/output_rides_2/ride_20181_20240306113021/recordings/0d4cb4dea9459152f7791b916b770825_ride_20181__uid_s_1001__uid_e_video.m3u8,/lus/lfs1aip2/projects/u6ex/fbots/frodobots_raw/frodobots_data/output_rides_2/ride_20181_20240306113021
20240307083559,/lus/lfs1aip2/projects/u6ex/fbots/frodobots_raw/frodobots_data/output_rides_2/ride_20332_20240307083559/recordings/51d81be15d47feb3dfb063a161b44672_ride_20332__uid_s_1001__uid_e_video.m3u8,/lus/lfs1aip2/projects/u6ex/fbots/frodobots_raw/frodobots_data/output_rides_2/ride_20332_20240307083559
20240307083945,/lus/lfs1aip2/projects/u6ex/fbots/frodobots_raw/frodobots_data/output_rides_2/ride_20333_20240307083945/recordings/18d250c4604d6d521c742ea9b2c90cbf_ride_20333__uid_s_1001__uid_e_video.m3u8,/lus/lfs1aip2/projects/u6ex/fbots/frodobots_raw/frodobots_data/output_rides_2/ride_20333_20240307083945
20240307094547,/lus/lfs1aip2/projects/u6ex/fbots/frodobots_raw/frodobots_data/output_rides_2/ride_20343_20240307094547/recordings/21aa3b764c4416a43cfda392a2c71475_ride_20343__uid_s_1001__uid_e_video.m3u8,/lus/lfs1aip2/projects/u6ex/fbots/frodobots_raw/frodobots_data/output_rides_2/ride_20343_20240307094547
20240307112236,/lus/lfs1aip2/projects/u6ex/fbots/frodobots_raw/frodobots_data/output_rides_2/ride_20353_20240307112236/recordings/149b0fbc6f47a634111fc7b26226689a_ride_20353__uid_s_1001__uid_e_video.m3u8,/lus/lfs1aip2/projects/u6ex/fbots/frodobots_raw/frodobots_data/output_rides_2/ride_20353_20240307112236
20240307112454,/lus/lfs1aip2/projects/u6ex/fbots/frodobots_raw/frodobots_data/output_rides_2/ride_20354_20240307112454/recordings/6827985bac484628f46bcd8fcc3bc82d_ride_20354__uid_s_1001__uid_e_video.m3u8,/lus/lfs1aip2/projects/u6ex/fbots/frodobots_raw/frodobots_data/output_rides_2/ride_20354_20240307112454
20240307113752,/lus/lfs1aip2/projects/u6ex/fbots/frodobots_raw/frodobots_data/output_rides_2/ride_20357_20240307113752/recordings/1ad7a8109d413099fc38658da1a69c4e_ride_20357__uid_s_1001__uid_e_video.m3u8,/lus/lfs1aip2/projects/u6ex/fbots/frodobots_raw/frodobots_data/output_rides_2/ride_20357_20240307113752
20240308102745,/lus/lfs1aip2/projects/u6ex/fbots/frodobots_raw/frodobots_data/output_rides_2/ride_20468_20240308102745/recordings/2874b589c848b41507243195792eaf46_ride_20468__uid_s_1001__uid_e_video.m3u8,/lus/lfs1aip2/projects/u6ex/fbots/frodobots_raw/frodobots_data/output_rides_2/ride_20468_20240308102745
20240311110323,/lus/lfs1aip2/projects/u6ex/fbots/frodobots_raw/frodobots_data/output_rides_3/ride_20779_20240311110323/recordings/6b3d35b98342224991978c9214d79348_ride_20779__uid_s_1001__uid_e_video.m3u8,/lus/lfs1aip2/projects/u6ex/fbots/frodobots_raw/frodobots_data/output_rides_3/ride_20779_20240311110323
20240311111506,/lus/lfs1aip2/projects/u6ex/fbots/frodobots_raw/frodobots_data/output_rides_3/ride_20781_20240311111506/recordings/4ff37f3533475a35037c4e821d7ab684_ride_20781__uid_s_1001__uid_e_video.m3u8,/lus/lfs1aip2/projects/u6ex/fbots/frodobots_raw/frodobots_data/output_rides_3/ride_20781_20240311111506
20240311114528,/lus/lfs1aip2/projects/u6ex/fbots/frodobots_raw/frodobots_data/output_rides_3/ride_20784_20240311114528/recordings/f8a7976c7e45e148d8cbb08be1bd9910_ride_20784__uid_s_1001__uid_e_video.m3u8,/lus/lfs1aip2/projects/u6ex/fbots/frodobots_raw/frodobots_data/output_rides_3/ride_20784_20240311114528
20240311171032,/lus/lfs1aip2/projects/u6ex/fbots/frodobots_raw/frodobots_data/output_rides_3/ride_20837_20240311171032/recordings/cdb831a1ae478a4f06ed42842ca7ef84_ride_20837__uid_s_1001__uid_e_video.m3u8,/lus/lfs1aip2/projects/u6ex/fbots/frodobots_raw/frodobots_data/output_rides_3/ride_20837_20240311171032
20240311171323,/lus/lfs1aip2/projects/u6ex/fbots/frodobots_raw/frodobots_data/output_rides_3/ride_20839_20240311171323/recordings/4f4add99934e837d4ee66c82f0723db5_ride_20839__uid_s_1001__uid_e_video.m3u8,/lus/lfs1aip2/projects/u6ex/fbots/frodobots_raw/frodobots_data/output_rides_3/ride_20839_20240311171323
20240311172704,/lus/lfs1aip2/projects/u6ex/fbots/frodobots_raw/frodobots_data/output_rides_3/ride_20843_20240311172704/recordings/ae5fc1dc424bfa788fd2008db75ec99c_ride_20843__uid_s_1001__uid_e_video.m3u8,/lus/lfs1aip2/projects/u6ex/fbots/frodobots_raw/frodobots_data/output_rides_3/ride_20843_20240311172704
20240311173008,/lus/lfs1aip2/projects/u6ex/fbots/frodobots_raw/frodobots_data/output_rides_3/ride_20844_20240311173008/recordings/72d3a9075647f5f4f77d299f7eda49b8_ride_20844__uid_s_1001__uid_e_video.m3u8,/lus/lfs1aip2/projects/u6ex/fbots/frodobots_raw/frodobots_data/output_rides_3/ride_20844_20240311173008
20240311184244,/lus/lfs1aip2/projects/u6ex/fbots/frodobots_raw/frodobots_data/output_rides_3/ride_20860_20240311184244/recordings/04785c03984b7d9b9881c5b23e37e951_ride_20860__uid_s_1001__uid_e_video.m3u8,/lus/lfs1aip2/projects/u6ex/fbots/frodobots_raw/frodobots_data/output_rides_3/ride_20860_20240311184244
20240312161325,/lus/lfs1aip2/projects/u6ex/fbots/frodobots_raw/frodobots_data/output_rides_3/ride_21059_20240312161325/recordings/ed0efd7d4544bdbeb08e4ea40309c9f8_ride_21059__uid_s_1001__uid_e_video.m3u8,/lus/lfs1aip2/projects/u6ex/fbots/frodobots_raw/frodobots_data/output_rides_3/ride_21059_20240312161325
20240313112412,/lus/lfs1aip2/projects/u6ex/fbots/frodobots_raw/frodobots_data/output_rides_3/ride_21244_20240313112412/recordings/125e6900ef48694799b31c8a3c7f9009_ride_21244__uid_s_1001__uid_e_video.m3u8,/lus/lfs1aip2/projects/u6ex/fbots/frodobots_raw/frodobots_data/output_rides_3/ride_21244_20240313112412
20240313114112,/lus/lfs1aip2/projects/u6ex/fbots/frodobots_raw/frodobots_data/output_rides_3/ride_21247_20240313114112/recordings/45f3be62e14dcb60944690b4db8632c3_ride_21247__uid_s_1001__uid_e_video.m3u8,/lus/lfs1aip2/projects/u6ex/fbots/frodobots_raw/frodobots_data/output_rides_3/ride_21247_20240313114112
20240313133101,/lus/lfs1aip2/projects/u6ex/fbots/frodobots_raw/frodobots_data/output_rides_3/ride_21263_20240313133101/recordings/10e645a84044382450feae80edd41f8e_ride_21263__uid_s_1001__uid_e_video.m3u8,/lus/lfs1aip2/projects/u6ex/fbots/frodobots_raw/frodobots_data/output_rides_3/ride_21263_20240313133101
20240313172446,/lus/lfs1aip2/projects/u6ex/fbots/frodobots_raw/frodobots_data/output_rides_3/ride_21288_20240313172446/recordings/c1a970ed644c8549c63c54bf2bcef34e_ride_21288__uid_s_1001__uid_e_video.m3u8,/lus/lfs1aip2/projects/u6ex/fbots/frodobots_raw/frodobots_data/output_rides_3/ride_21288_20240313172446
20240314100819,/lus/lfs1aip2/projects/u6ex/fbots/frodobots_raw/frodobots_data/output_rides_3/ride_21488_20240314100819/recordings/7322a822414b4313029dc39d9b51bf28_ride_21488__uid_s_1001__uid_e_video.m3u8,/lus/lfs1aip2/projects/u6ex/fbots/frodobots_raw/frodobots_data/output_rides_3/ride_21488_20240314100819
20240314111804,/lus/lfs1aip2/projects/u6ex/fbots/frodobots_raw/frodobots_data/output_rides_3/ride_21500_20240314111804/recordings/d604becd6c4b76fb63215ab01cdb3249_ride_21500__uid_s_1001__uid_e_video.m3u8,/lus/lfs1aip2/projects/u6ex/fbots/frodobots_raw/frodobots_data/output_rides_3/ride_21500_20240314111804
20240314113507,/lus/lfs1aip2/projects/u6ex/fbots/frodobots_raw/frodobots_data/output_rides_3/ride_21502_20240314113507/recordings/cef640a42c49e25440e0df903752b7ca_ride_21502__uid_s_1001__uid_e_video.m3u8,/lus/lfs1aip2/projects/u6ex/fbots/frodobots_raw/frodobots_data/output_rides_3/ride_21502_20240314113507
20240314113829,/lus/lfs1aip2/projects/u6ex/fbots/frodobots_raw/frodobots_data/output_rides_3/ride_21503_20240314113829/recordings/878ffffd3c4f03eec45550afea81b3f9_ride_21503__uid_s_1001__uid_e_video.m3u8,/lus/lfs1aip2/projects/u6ex/fbots/frodobots_raw/frodobots_data/output_rides_3/ride_21503_20240314113829
20240314114148,/lus/lfs1aip2/projects/u6ex/fbots/frodobots_raw/frodobots_data/output_rides_3/ride_21504_20240314114148/recordings/0b571048714e9111dae4918457e3eb42_ride_21504__uid_s_1001__uid_e_video.m3u8,/lus/lfs1aip2/projects/u6ex/fbots/frodobots_raw/frodobots_data/output_rides_3/ride_21504_20240314114148
20240314114656,/lus/lfs1aip2/projects/u6ex/fbots/frodobots_raw/frodobots_data/output_rides_3/ride_21507_20240314114656/recordings/a79118f79d427faa8275b89d41d9161f_ride_21507__uid_s_1001__uid_e_video.m3u8,/lus/lfs1aip2/projects/u6ex/fbots/frodobots_raw/frodobots_data/output_rides_3/ride_21507_20240314114656
20240314121821,/lus/lfs1aip2/projects/u6ex/fbots/frodobots_raw/frodobots_data/output_rides_3/ride_21518_20240314121821/recordings/3d1c23748343910f1ab749b8e09ddd04_ride_21518__uid_s_1001__uid_e_video.m3u8,/lus/lfs1aip2/projects/u6ex/fbots/frodobots_raw/frodobots_data/output_rides_3/ride_21518_20240314121821
20240314122006,/lus/lfs1aip2/projects/u6ex/fbots/frodobots_raw/frodobots_data/output_rides_3/ride_21519_20240314122006/recordings/d6f7670d364dd99bcf31fc855c451d6d_ride_21519__uid_s_1001__uid_e_video.m3u8,/lus/lfs1aip2/projects/u6ex/fbots/frodobots_raw/frodobots_data/output_rides_3/ride_21519_20240314122006
20240314122113,/lus/lfs1aip2/projects/u6ex/fbots/frodobots_raw/frodobots_data/output_rides_3/ride_21520_20240314122113/recordings/3674e4986a4d7a2488cf34aa7b3da520_ride_21520__uid_s_1001__uid_e_video.m3u8,/lus/lfs1aip2/projects/u6ex/fbots/frodobots_raw/frodobots_data/output_rides_3/ride_21520_20240314122113
20240314122242,/lus/lfs1aip2/projects/u6ex/fbots/frodobots_raw/frodobots_data/output_rides_3/ride_21521_20240314122242/recordings/394dd5c16049acd8d32c75bbe540b10d_ride_21521__uid_s_1001__uid_e_video.m3u8,/lus/lfs1aip2/projects/u6ex/fbots/frodobots_raw/frodobots_data/output_rides_3/ride_21521_20240314122242
20240314122556,/lus/lfs1aip2/projects/u6ex/fbots/frodobots_raw/frodobots_data/output_rides_3/ride_21522_20240314122556/recordings/600ea0e81a46829d35cff38f29859839_ride_21522__uid_s_1001__uid_e_video.m3u8,/lus/lfs1aip2/projects/u6ex/fbots/frodobots_raw/frodobots_data/output_rides_3/ride_21522_20240314122556
20240314122834,/lus/lfs1aip2/projects/u6ex/fbots/frodobots_raw/frodobots_data/output_rides_3/ride_21523_20240314122834/recordings/485633da374a490cc36cd283deb8724b_ride_21523__uid_s_1001__uid_e_video.m3u8,/lus/lfs1aip2/projects/u6ex/fbots/frodobots_raw/frodobots_data/output_rides_3/ride_21523_20240314122834
20240314123017,/lus/lfs1aip2/projects/u6ex/fbots/frodobots_raw/frodobots_data/output_rides_3/ride_21524_20240314123017/recordings/2b1c41af65460d8c9a686aa0bc871fa8_ride_21524__uid_s_1001__uid_e_video.m3u8,/lus/lfs1aip2/projects/u6ex/fbots/frodobots_raw/frodobots_data/output_rides_3/ride_21524_20240314123017
20240314123500,/lus/lfs1aip2/projects/u6ex/fbots/frodobots_raw/frodobots_data/output_rides_3/ride_21526_20240314123500/recordings/90b1906f194809a0e67be3b358b0fba6_ride_21526__uid_s_1001__uid_e_video.m3u8,/lus/lfs1aip2/projects/u6ex/fbots/frodobots_raw/frodobots_data/output_rides_3/ride_21526_20240314123500
20240314123701,/lus/lfs1aip2/projects/u6ex/fbots/frodobots_raw/frodobots_data/output_rides_3/ride_21527_20240314123701/recordings/fd0d5d99054a50efa74b6ea3246bf2f2_ride_21527__uid_s_1001__uid_e_video.m3u8,/lus/lfs1aip2/projects/u6ex/fbots/frodobots_raw/frodobots_data/output_rides_3/ride_21527_20240314123701
20240314123929,/lus/lfs1aip2/projects/u6ex/fbots/frodobots_raw/frodobots_data/output_rides_3/ride_21528_20240314123929/recordings/5818de86ce405b621dd317a882269ccb_ride_21528__uid_s_1001__uid_e_video.m3u8,/lus/lfs1aip2/projects/u6ex/fbots/frodobots_raw/frodobots_data/output_rides_3/ride_21528_20240314123929
20240315081419,/lus/lfs1aip2/projects/u6ex/fbots/frodobots_raw/frodobots_data/output_rides_3/ride_21724_20240315081419/recordings/018ddb2b89483e05a7bcc2a90b36c3d1_ride_21724__uid_s_1001__uid_e_video.m3u8,/lus/lfs1aip2/projects/u6ex/fbots/frodobots_raw/frodobots_data/output_rides_3/ride_21724_20240315081419
20240318095119,/lus/lfs1aip2/projects/u6ex/fbots/frodobots_raw/frodobots_data/output_rides_4/ride_22152_20240318095119/recordings/9029db753b47e33293cfcc925281a603_ride_22152__uid_s_1001__uid_e_video.m3u8,/lus/lfs1aip2/projects/u6ex/fbots/frodobots_raw/frodobots_data/output_rides_4/ride_22152_20240318095119
20240318095646,/lus/lfs1aip2/projects/u6ex/fbots/frodobots_raw/frodobots_data/output_rides_4/ride_22153_20240318095646/recordings/581c60e450489858b604a99c6f2378f0_ride_22153__uid_s_1001__uid_e_video.m3u8,/lus/lfs1aip2/projects/u6ex/fbots/frodobots_raw/frodobots_data/output_rides_4/ride_22153_20240318095646
20240318100919,/lus/lfs1aip2/projects/u6ex/fbots/frodobots_raw/frodobots_data/output_rides_4/ride_22157_20240318100919/recordings/e4750851844cb6f11a68789e86cddd4a_ride_22157__uid_s_1001__uid_e_video.m3u8,/lus/lfs1aip2/projects/u6ex/fbots/frodobots_raw/frodobots_data/output_rides_4/ride_22157_20240318100919
20240318101830,/lus/lfs1aip2/projects/u6ex/fbots/frodobots_raw/frodobots_data/output_rides_4/ride_22159_20240318101830/recordings/adb43483a5413b5a0e856499ecbd6f84_ride_22159__uid_s_1001__uid_e_video.m3u8,/lus/lfs1aip2/projects/u6ex/fbots/frodobots_raw/frodobots_data/output_rides_4/ride_22159_20240318101830
20240318103631,/lus/lfs1aip2/projects/u6ex/fbots/frodobots_raw/frodobots_data/output_rides_4/ride_22161_20240318103631/recordings/4414a0afd546f380cc46e8beb4e6c607_ride_22161__uid_s_1001__uid_e_video.m3u8,/lus/lfs1aip2/projects/u6ex/fbots/frodobots_raw/frodobots_data/output_rides_4/ride_22161_20240318103631
20240318104055,/lus/lfs1aip2/projects/u6ex/fbots/frodobots_raw/frodobots_data/output_rides_4/ride_22162_20240318104055/recordings/7a33b43f3b4fb3d6d42aef90ce9e44b5_ride_22162__uid_s_1001__uid_e_video.m3u8,/lus/lfs1aip2/projects/u6ex/fbots/frodobots_raw/frodobots_data/output_rides_4/ride_22162_20240318104055
20240319063154,/lus/lfs1aip2/projects/u6ex/fbots/frodobots_raw/frodobots_data/output_rides_4/ride_22379_20240319063154/recordings/e19618fa4347a92ca0e561938f8f0cd6_ride_22379__uid_s_1001__uid_e_video.m3u8,/lus/lfs1aip2/projects/u6ex/fbots/frodobots_raw/frodobots_data/output_rides_4/ride_22379_20240319063154
20240319063920,/lus/lfs1aip2/projects/u6ex/fbots/frodobots_raw/frodobots_data/output_rides_4/ride_22381_20240319063920/recordings/9c4b1ac72e4c6303100c2aa5a8562cc8_ride_22381__uid_s_1001__uid_e_video.m3u8,/lus/lfs1aip2/projects/u6ex/fbots/frodobots_raw/frodobots_data/output_rides_4/ride_22381_20240319063920
20240319070321,/lus/lfs1aip2/projects/u6ex/fbots/frodobots_raw/frodobots_data/output_rides_4/ride_22386_20240319070321/recordings/47db2a9b4d42a2794e1881b722a3f4de_ride_22386__uid_s_1001__uid_e_video.m3u8,/lus/lfs1aip2/projects/u6ex/fbots/frodobots_raw/frodobots_data/output_rides_4/ride_22386_20240319070321
20240319072635,/lus/lfs1aip2/projects/u6ex/fbots/frodobots_raw/frodobots_data/output_rides_4/ride_22390_20240319072635/recordings/ad1c8daf0840f1e2253279921f63b5d7_ride_22390__uid_s_1001__uid_e_video.m3u8,/lus/lfs1aip2/projects/u6ex/fbots/frodobots_raw/frodobots_data/output_rides_4/ride_22390_20240319072635
20240319075203,/lus/lfs1aip2/projects/u6ex/fbots/frodobots_raw/frodobots_data/output_rides_4/ride_22396_20240319075203/recordings/4c41c1dc8a4d8d3e2e2cac87b12f5603_ride_22396__uid_s_1001__uid_e_video.m3u8,/lus/lfs1aip2/projects/u6ex/fbots/frodobots_raw/frodobots_data/output_rides_4/ride_22396_20240319075203
20240319081151,/lus/lfs1aip2/projects/u6ex/fbots/frodobots_raw/frodobots_data/output_rides_4/ride_22402_20240319081151/recordings/6226ddee564f49e1e1aff5a26444bc78_ride_22402__uid_s_1001__uid_e_video.m3u8,/lus/lfs1aip2/projects/u6ex/fbots/frodobots_raw/frodobots_data/output_rides_4/ride_22402_20240319081151
20240319081655,/lus/lfs1aip2/projects/u6ex/fbots/frodobots_raw/frodobots_data/output_rides_4/ride_22404_20240319081655/recordings/e3e5f9c1134e11779bc7e4a0eebcc24c_ride_22404__uid_s_1001__uid_e_video.m3u8,/lus/lfs1aip2/projects/u6ex/fbots/frodobots_raw/frodobots_data/output_rides_4/ride_22404_20240319081655
20240319083510,/lus/lfs1aip2/projects/u6ex/fbots/frodobots_raw/frodobots_data/output_rides_4/ride_22406_20240319083510/recordings/92658a4bd8441711612cec94473bdc07_ride_22406__uid_s_1001__uid_e_video.m3u8,/lus/lfs1aip2/projects/u6ex/fbots/frodobots_raw/frodobots_data/output_rides_4/ride_22406_20240319083510
20240319085632,/lus/lfs1aip2/projects/u6ex/fbots/frodobots_raw/frodobots_data/output_rides_4/ride_22409_20240319085632/recordings/d7b9b688084004ca54c084af810f845c_ride_22409__uid_s_1001__uid_e_video.m3u8,/lus/lfs1aip2/projects/u6ex/fbots/frodobots_raw/frodobots_data/output_rides_4/ride_22409_20240319085632
20240319091506,/lus/lfs1aip2/projects/u6ex/fbots/frodobots_raw/frodobots_data/output_rides_4/ride_22411_20240319091506/recordings/0b985f0c4442581295eaaeb9eafd0576_ride_22411__uid_s_1001__uid_e_video.m3u8,/lus/lfs1aip2/projects/u6ex/fbots/frodobots_raw/frodobots_data/output_rides_4/ride_22411_20240319091506
20240319094054,/lus/lfs1aip2/projects/u6ex/fbots/frodobots_raw/frodobots_data/output_rides_4/ride_22415_20240319094054/recordings/60379d592c448b794ce1828c8703cc60_ride_22415__uid_s_1001__uid_e_video.m3u8,/lus/lfs1aip2/projects/u6ex/fbots/frodobots_raw/frodobots_data/output_rides_4/ride_22415_20240319094054
20240319095539,/lus/lfs1aip2/projects/u6ex/fbots/frodobots_raw/frodobots_data/output_rides_4/ride_22418_20240319095539/recordings/ba6f6ab17448da4547bc7bb5cb585186_ride_22418__uid_s_1001__uid_e_video.m3u8,/lus/lfs1aip2/projects/u6ex/fbots/frodobots_raw/frodobots_data/output_rides_4/ride_22418_20240319095539
20240319102750,/lus/lfs1aip2/projects/u6ex/fbots/frodobots_raw/frodobots_data/output_rides_4/ride_22423_20240319102750/recordings/cb87ac1b4e445b2b6adae6b34e2bc0d3_ride_22423__uid_s_1001__uid_e_video.m3u8,/lus/lfs1aip2/projects/u6ex/fbots/frodobots_raw/frodobots_data/output_rides_4/ride_22423_20240319102750
20240319103924,/lus/lfs1aip2/projects/u6ex/fbots/frodobots_raw/frodobots_data/output_rides_4/ride_22427_20240319103924/recordings/e8a20d83ad40d31d599fa9a2cdae00bc_ride_22427__uid_s_1001__uid_e_video.m3u8,/lus/lfs1aip2/projects/u6ex/fbots/frodobots_raw/frodobots_data/output_rides_4/ride_22427_20240319103924
20240319104752,/lus/lfs1aip2/projects/u6ex/fbots/frodobots_raw/frodobots_data/output_rides_4/ride_22428_20240319104752/recordings/fe18b1a66c4349adfe3052bb1f0189f2_ride_22428__uid_s_1001__uid_e_video.m3u8,/lus/lfs1aip2/projects/u6ex/fbots/frodobots_raw/frodobots_data/output_rides_4/ride_22428_20240319104752
20240319104821,/lus/lfs1aip2/projects/u6ex/fbots/frodobots_raw/frodobots_data/output_rides_4/ride_22429_20240319104821/recordings/5738e1ad624d02455aeac79253d6ff8f_ride_22429__uid_s_1001__uid_e_video.m3u8,/lus/lfs1aip2/projects/u6ex/fbots/frodobots_raw/frodobots_data/output_rides_4/ride_22429_20240319104821
20240319111015,/lus/lfs1aip2/projects/u6ex/fbots/frodobots_raw/frodobots_data/output_rides_4/ride_22434_20240319111015/recordings/081f9cf8d648117d247e0da6433e2d94_ride_22434__uid_s_1001__uid_e_video.m3u8,/lus/lfs1aip2/projects/u6ex/fbots/frodobots_raw/frodobots_data/output_rides_4/ride_22434_20240319111015
20240319111144,/lus/lfs1aip2/projects/u6ex/fbots/frodobots_raw/frodobots_data/output_rides_4/ride_22435_20240319111144/recordings/4f3733749a4a4bcfcea457aefc5b62d7_ride_22435__uid_s_1001__uid_e_video.m3u8,/lus/lfs1aip2/projects/u6ex/fbots/frodobots_raw/frodobots_data/output_rides_4/ride_22435_20240319111144
20240319115712,/lus/lfs1aip2/projects/u6ex/fbots/frodobots_raw/frodobots_data/output_rides_4/ride_22442_20240319115712/recordings/5f652a5fd34a73a7537a1d84c6882241_ride_22442__uid_s_1001__uid_e_video.m3u8,/lus/lfs1aip2/projects/u6ex/fbots/frodobots_raw/frodobots_data/output_rides_4/ride_22442_20240319115712
20240319122635,/lus/lfs1aip2/projects/u6ex/fbots/frodobots_raw/frodobots_data/output_rides_4/ride_22445_20240319122635/recordings/ea9401bc6b4a1b452192f78989051759_ride_22445__uid_s_1001__uid_e_video.m3u8,/lus/lfs1aip2/projects/u6ex/fbots/frodobots_raw/frodobots_data/output_rides_4/ride_22445_20240319122635
20240319123020,/lus/lfs1aip2/projects/u6ex/fbots/frodobots_raw/frodobots_data/output_rides_4/ride_22446_20240319123020/recordings/9c7813c0d74a1bfe8cb6f28e480680a5_ride_22446__uid_s_1001__uid_e_video.m3u8,/lus/lfs1aip2/projects/u6ex/fbots/frodobots_raw/frodobots_data/output_rides_4/ride_22446_20240319123020
20240319124141,/lus/lfs1aip2/projects/u6ex/fbots/frodobots_raw/frodobots_data/output_rides_4/ride_22448_20240319124141/recordings/83f6024bc24089b5c5f56fb3713b175c_ride_22448__uid_s_1001__uid_e_video.m3u8,/lus/lfs1aip2/projects/u6ex/fbots/frodobots_raw/frodobots_data/output_rides_4/ride_22448_20240319124141
20240319130316,/lus/lfs1aip2/projects/u6ex/fbots/frodobots_raw/frodobots_data/output_rides_4/ride_22450_20240319130316/recordings/9853b1630a4e4bb67ca7b0b86479b1fc_ride_22450__uid_s_1001__uid_e_video.m3u8,/lus/lfs1aip2/projects/u6ex/fbots/frodobots_raw/frodobots_data/output_rides_4/ride_22450_20240319130316
20240319132540,/lus/lfs1aip2/projects/u6ex/fbots/frodobots_raw/frodobots_data/output_rides_4/ride_22452_20240319132540/recordings/e8f2320c494d702b790f9b8805188b74_ride_22452__uid_s_1001__uid_e_video.m3u8,/lus/lfs1aip2/projects/u6ex/fbots/frodobots_raw/frodobots_data/output_rides_4/ride_22452_20240319132540
20240319133015,/lus/lfs1aip2/projects/u6ex/fbots/frodobots_raw/frodobots_data/output_rides_4/ride_22453_20240319133015/recordings/7869d387f34d8fd0e32f6aa328cfd04a_ride_22453__uid_s_1001__uid_e_video.m3u8,/lus/lfs1aip2/projects/u6ex/fbots/frodobots_raw/frodobots_data/output_rides_4/ride_22453_20240319133015
20240320064721,/lus/lfs1aip2/projects/u6ex/fbots/frodobots_raw/frodobots_data/output_rides_4/ride_22642_20240320064721/recordings/ad8e857fa4448bb1ff37d1891de11001_ride_22642__uid_s_1001__uid_e_video.m3u8,/lus/lfs1aip2/projects/u6ex/fbots/frodobots_raw/frodobots_data/output_rides_4/ride_22642_20240320064721
20240320065005,/lus/lfs1aip2/projects/u6ex/fbots/frodobots_raw/frodobots_data/output_rides_4/ride_22643_20240320065005/recordings/6f7b5b9e0b4c32fd489e7b8019b1916c_ride_22643__uid_s_1001__uid_e_video.m3u8,/lus/lfs1aip2/projects/u6ex/fbots/frodobots_raw/frodobots_data/output_rides_4/ride_22643_20240320065005
20240320084120,/lus/lfs1aip2/projects/u6ex/fbots/frodobots_raw/frodobots_data/output_rides_4/ride_22669_20240320084120/recordings/c219cac8364e57ca9924948e1533f4d3_ride_22669__uid_s_1001__uid_e_video.m3u8,/lus/lfs1aip2/projects/u6ex/fbots/frodobots_raw/frodobots_data/output_rides_4/ride_22669_20240320084120
20240320090811,/lus/lfs1aip2/projects/u6ex/fbots/frodobots_raw/frodobots_data/output_rides_4/ride_22679_20240320090811/recordings/1369ae9a804d93d46c46318856fdeed3_ride_22679__uid_s_1001__uid_e_video.m3u8,/lus/lfs1aip2/projects/u6ex/fbots/frodobots_raw/frodobots_data/output_rides_4/ride_22679_20240320090811
20240320100347,/lus/lfs1aip2/projects/u6ex/fbots/frodobots_raw/frodobots_data/output_rides_4/ride_22691_20240320100347/recordings/8db41e96e84d8eeae4a5499109bd0886_ride_22691__uid_s_1001__uid_e_video.m3u8,/lus/lfs1aip2/projects/u6ex/fbots/frodobots_raw/frodobots_data/output_rides_4/ride_22691_20240320100347
20240320103430,/lus/lfs1aip2/projects/u6ex/fbots/frodobots_raw/frodobots_data/output_rides_4/ride_22696_20240320103430/recordings/73e5cb136642365a454c0a81e32e284d_ride_22696__uid_s_1001__uid_e_video.m3u8,/lus/lfs1aip2/projects/u6ex/fbots/frodobots_raw/frodobots_data/output_rides_4/ride_22696_20240320103430
20240320103628,/lus/lfs1aip2/projects/u6ex/fbots/frodobots_raw/frodobots_data/output_rides_4/ride_22697_20240320103628/recordings/05197db0804df28f94130a89923b5387_ride_22697__uid_s_1001__uid_e_video.m3u8,/lus/lfs1aip2/projects/u6ex/fbots/frodobots_raw/frodobots_data/output_rides_4/ride_22697_20240320103628
20240320105215,/lus/lfs1aip2/projects/u6ex/fbots/frodobots_raw/frodobots_data/output_rides_4/ride_22699_20240320105215/recordings/d7cb17499a466cc9fbeed9b95e8549c3_ride_22699__uid_s_1001__uid_e_video.m3u8,/lus/lfs1aip2/projects/u6ex/fbots/frodobots_raw/frodobots_data/output_rides_4/ride_22699_20240320105215
20240320105743,/lus/lfs1aip2/projects/u6ex/fbots/frodobots_raw/frodobots_data/output_rides_4/ride_22701_20240320105743/recordings/0f34c732b54b77bdb90e6db9ac7eea97_ride_22701__uid_s_1001__uid_e_video.m3u8,/lus/lfs1aip2/projects/u6ex/fbots/frodobots_raw/frodobots_data/output_rides_4/ride_22701_20240320105743
20240320120406,/lus/lfs1aip2/projects/u6ex/fbots/frodobots_raw/frodobots_data/output_rides_4/ride_22713_20240320120406/recordings/4ee358554648202af81e68a13a6aa106_ride_22713__uid_s_1001__uid_e_video.m3u8,/lus/lfs1aip2/projects/u6ex/fbots/frodobots_raw/frodobots_data/output_rides_4/ride_22713_20240320120406
20240320122510,/lus/lfs1aip2/projects/u6ex/fbots/frodobots_raw/frodobots_data/output_rides_4/ride_22716_20240320122510/recordings/4aa08904e4410849ae4e86a45a7df443_ride_22716__uid_s_1001__uid_e_video.m3u8,/lus/lfs1aip2/projects/u6ex/fbots/frodobots_raw/frodobots_data/output_rides_4/ride_22716_20240320122510
20240320124157,/lus/lfs1aip2/projects/u6ex/fbots/frodobots_raw/frodobots_data/output_rides_4/ride_22721_20240320124157/recordings/a902a8310e4d914f8bb622a585c60dc6_ride_22721__uid_s_1001__uid_e_video.m3u8,/lus/lfs1aip2/projects/u6ex/fbots/frodobots_raw/frodobots_data/output_rides_4/ride_22721_20240320124157
20240320130544,/lus/lfs1aip2/projects/u6ex/fbots/frodobots_raw/frodobots_data/output_rides_4/ride_22723_20240320130544/recordings/3d6770bfba451ea15efff9908b529d1a_ride_22723__uid_s_1001__uid_e_video.m3u8,/lus/lfs1aip2/projects/u6ex/fbots/frodobots_raw/frodobots_data/output_rides_4/ride_22723_20240320130544
20240320132958,/lus/lfs1aip2/projects/u6ex/fbots/frodobots_raw/frodobots_data/output_rides_4/ride_22727_20240320132958/recordings/9485c9c5f443f5c67d1613acfd13bd47_ride_22727__uid_s_1001__uid_e_video.m3u8,/lus/lfs1aip2/projects/u6ex/fbots/frodobots_raw/frodobots_data/output_rides_4/ride_22727_20240320132958
20240320134302,/lus/lfs1aip2/projects/u6ex/fbots/frodobots_raw/frodobots_data/output_rides_4/ride_22728_20240320134302/recordings/630c1cdfec4ab86e91908d867cd30aa0_ride_22728__uid_s_1001__uid_e_video.m3u8,/lus/lfs1aip2/projects/u6ex/fbots/frodobots_raw/frodobots_data/output_rides_4/ride_22728_20240320134302
20240320140219,/lus/lfs1aip2/projects/u6ex/fbots/frodobots_raw/frodobots_data/output_rides_4/ride_22729_20240320140219/recordings/eba310c1ae4f19fd5cbc7bbcaf84f473_ride_22729__uid_s_1001__uid_e_video.m3u8,/lus/lfs1aip2/projects/u6ex/fbots/frodobots_raw/frodobots_data/output_rides_4/ride_22729_20240320140219
20240320142705,/lus/lfs1aip2/projects/u6ex/fbots/frodobots_raw/frodobots_data/output_rides_4/ride_22732_20240320142705/recordings/9642a0bf9e4d690cc08da99caec6794c_ride_22732__uid_s_1001__uid_e_video.m3u8,/lus/lfs1aip2/projects/u6ex/fbots/frodobots_raw/frodobots_data/output_rides_4/ride_22732_20240320142705
20240320150448,/lus/lfs1aip2/projects/u6ex/fbots/frodobots_raw/frodobots_data/output_rides_4/ride_22740_20240320150448/recordings/9c1ce1c911486989fa93b5bdd2d460ea_ride_22740__uid_s_1001__uid_e_video.m3u8,/lus/lfs1aip2/projects/u6ex/fbots/frodobots_raw/frodobots_data/output_rides_4/ride_22740_20240320150448
20240320154214,/lus/lfs1aip2/projects/u6ex/fbots/frodobots_raw/frodobots_data/output_rides_4/ride_22748_20240320154214/recordings/3807a1ca764dbb655560b29bbdaf0e63_ride_22748__uid_s_1001__uid_e_video.m3u8,/lus/lfs1aip2/projects/u6ex/fbots/frodobots_raw/frodobots_data/output_rides_4/ride_22748_20240320154214
20240320164115,/lus/lfs1aip2/projects/u6ex/fbots/frodobots_raw/frodobots_data/output_rides_5/ride_22757_20240320164115/recordings/3d52afc006409365b9b6eb960cc69ac7_ride_22757__uid_s_1001__uid_e_video.m3u8,/lus/lfs1aip2/projects/u6ex/fbots/frodobots_raw/frodobots_data/output_rides_5/ride_22757_20240320164115
20240320171607,/lus/lfs1aip2/projects/u6ex/fbots/frodobots_raw/frodobots_data/output_rides_5/ride_22763_20240320171607/recordings/4e710b6c384e812a33a76991cc1569f5_ride_22763__uid_s_1001__uid_e_video.m3u8,/lus/lfs1aip2/projects/u6ex/fbots/frodobots_raw/frodobots_data/output_rides_5/ride_22763_20240320171607
20240320173636,/lus/lfs1aip2/projects/u6ex/fbots/frodobots_raw/frodobots_data/output_rides_5/ride_22768_20240320173636/recordings/aa9429db9b4ec6a1a4649f93bf060be2_ride_22768__uid_s_1001__uid_e_video.m3u8,/lus/lfs1aip2/projects/u6ex/fbots/frodobots_raw/frodobots_data/output_rides_5/ride_22768_20240320173636
20240320174004,/lus/lfs1aip2/projects/u6ex/fbots/frodobots_raw/frodobots_data/output_rides_5/ride_22772_20240320174004/recordings/28e2fe2ab7455acbbffa0693220da64e_ride_22772__uid_s_1001__uid_e_video.m3u8,/lus/lfs1aip2/projects/u6ex/fbots/frodobots_raw/frodobots_data/output_rides_5/ride_22772_20240320174004
20240321102234,/lus/lfs1aip2/projects/u6ex/fbots/frodobots_raw/frodobots_data/output_rides_5/ride_23017_20240321102234/recordings/a4d1a699204dffef119e0eac3da21520_ride_23017__uid_s_1001__uid_e_video.m3u8,/lus/lfs1aip2/projects/u6ex/fbots/frodobots_raw/frodobots_data/output_rides_5/ride_23017_20240321102234
20240321102433,/lus/lfs1aip2/projects/u6ex/fbots/frodobots_raw/frodobots_data/output_rides_5/ride_23019_20240321102433/recordings/8fdefb65ac470b5294a859bdccfbd1c1_ride_23019__uid_s_1001__uid_e_video.m3u8,/lus/lfs1aip2/projects/u6ex/fbots/frodobots_raw/frodobots_data/output_rides_5/ride_23019_20240321102433
20240321103013,/lus/lfs1aip2/projects/u6ex/fbots/frodobots_raw/frodobots_data/output_rides_5/ride_23022_20240321103013/recordings/e69d7d862d42a87411d85298a66df1a6_ride_23022__uid_s_1001__uid_e_video.m3u8,/lus/lfs1aip2/projects/u6ex/fbots/frodobots_raw/frodobots_data/output_rides_5/ride_23022_20240321103013
20240321113325,/lus/lfs1aip2/projects/u6ex/fbots/frodobots_raw/frodobots_data/output_rides_5/ride_23039_20240321113325/recordings/68e4f7446845d9bf14e615bec8036c22_ride_23039__uid_s_1001__uid_e_video.m3u8,/lus/lfs1aip2/projects/u6ex/fbots/frodobots_raw/frodobots_data/output_rides_5/ride_23039_20240321113325
20240321113852,/lus/lfs1aip2/projects/u6ex/fbots/frodobots_raw/frodobots_data/output_rides_5/ride_23040_20240321113852/recordings/2668cfd58540b8275e529bbfe7b22a7d_ride_23040__uid_s_1001__uid_e_video.m3u8,/lus/lfs1aip2/projects/u6ex/fbots/frodobots_raw/frodobots_data/output_rides_5/ride_23040_20240321113852
20240321121531,/lus/lfs1aip2/projects/u6ex/fbots/frodobots_raw/frodobots_data/output_rides_5/ride_23049_20240321121531/recordings/249b4c342c4b19a935b7008e6e057986_ride_23049__uid_s_1001__uid_e_video.m3u8,/lus/lfs1aip2/projects/u6ex/fbots/frodobots_raw/frodobots_data/output_rides_5/ride_23049_20240321121531
20240321123112,/lus/lfs1aip2/projects/u6ex/fbots/frodobots_raw/frodobots_data/output_rides_5/ride_23057_20240321123112/recordings/19294a0fa74303b24bda5ba767ed6487_ride_23057__uid_s_1001__uid_e_video.m3u8,/lus/lfs1aip2/projects/u6ex/fbots/frodobots_raw/frodobots_data/output_rides_5/ride_23057_20240321123112
20240322051424,/lus/lfs1aip2/projects/u6ex/fbots/frodobots_raw/frodobots_data/output_rides_5/ride_23269_20240322051424/recordings/435e48bd984208beb72b5b82873bae52_ride_23269__uid_s_1001__uid_e_video.m3u8,/lus/lfs1aip2/projects/u6ex/fbots/frodobots_raw/frodobots_data/output_rides_5/ride_23269_20240322051424
20240322054850,/lus/lfs1aip2/projects/u6ex/fbots/frodobots_raw/frodobots_data/output_rides_5/ride_23278_20240322054850/recordings/ef8b65eab6444b2a51c1b480652c9055_ride_23278__uid_s_1001__uid_e_video.m3u8,/lus/lfs1aip2/projects/u6ex/fbots/frodobots_raw/frodobots_data/output_rides_5/ride_23278_20240322054850
20240322063624,/lus/lfs1aip2/projects/u6ex/fbots/frodobots_raw/frodobots_data/output_rides_5/ride_23288_20240322063624/recordings/6c6191a2964ab015e4103ba2bfc3ddc1_ride_23288__uid_s_1001__uid_e_video.m3u8,/lus/lfs1aip2/projects/u6ex/fbots/frodobots_raw/frodobots_data/output_rides_5/ride_23288_20240322063624
20240322073408,/lus/lfs1aip2/projects/u6ex/fbots/frodobots_raw/frodobots_data/output_rides_5/ride_23298_20240322073408/recordings/6c43582ec64b913e6583f7bc4b139db9_ride_23298__uid_s_1001__uid_e_video.m3u8,/lus/lfs1aip2/projects/u6ex/fbots/frodobots_raw/frodobots_data/output_rides_5/ride_23298_20240322073408
20240322080050,/lus/lfs1aip2/projects/u6ex/fbots/frodobots_raw/frodobots_data/output_rides_5/ride_23304_20240322080050/recordings/dfa10cc67e487b89d67cfab62df773cd_ride_23304__uid_s_1001__uid_e_video.m3u8,/lus/lfs1aip2/projects/u6ex/fbots/frodobots_raw/frodobots_data/output_rides_5/ride_23304_20240322080050
20240322080205,/lus/lfs1aip2/projects/u6ex/fbots/frodobots_raw/frodobots_data/output_rides_5/ride_23305_20240322080205/recordings/8177b8195f443be020b72f9ef39fef12_ride_23305__uid_s_1001__uid_e_video.m3u8,/lus/lfs1aip2/projects/u6ex/fbots/frodobots_raw/frodobots_data/output_rides_5/ride_23305_20240322080205
20240322081358,/lus/lfs1aip2/projects/u6ex/fbots/frodobots_raw/frodobots_data/output_rides_5/ride_23309_20240322081358/recordings/277f25057f4d673a99f356b46cea51b9_ride_23309__uid_s_1001__uid_e_video.m3u8,/lus/lfs1aip2/projects/u6ex/fbots/frodobots_raw/frodobots_data/output_rides_5/ride_23309_20240322081358
20240322084111,/lus/lfs1aip2/projects/u6ex/fbots/frodobots_raw/frodobots_data/output_rides_5/ride_23318_20240322084111/recordings/7a1860ce0d47ec19d5ebd99793c9f14b_ride_23318__uid_s_1001__uid_e_video.m3u8,/lus/lfs1aip2/projects/u6ex/fbots/frodobots_raw/frodobots_data/output_rides_5/ride_23318_20240322084111
20240322090318,/lus/lfs1aip2/projects/u6ex/fbots/frodobots_raw/frodobots_data/output_rides_5/ride_23323_20240322090318/recordings/4c1d182b724f1f7755b0de8bd2f3e785_ride_23323__uid_s_1001__uid_e_video.m3u8,/lus/lfs1aip2/projects/u6ex/fbots/frodobots_raw/frodobots_data/output_rides_5/ride_23323_20240322090318
20240322092209,/lus/lfs1aip2/projects/u6ex/fbots/frodobots_raw/frodobots_data/output_rides_5/ride_23329_20240322092209/recordings/d430200a7545a721fef793a38b579411_ride_23329__uid_s_1001__uid_e_video.m3u8,/lus/lfs1aip2/projects/u6ex/fbots/frodobots_raw/frodobots_data/output_rides_5/ride_23329_20240322092209
20240322092654,/lus/lfs1aip2/projects/u6ex/fbots/frodobots_raw/frodobots_data/output_rides_5/ride_23332_20240322092654/recordings/05170fc0b841d30e77548bbcc4495303_ride_23332__uid_s_1001__uid_e_video.m3u8,/lus/lfs1aip2/projects/u6ex/fbots/frodobots_raw/frodobots_data/output_rides_5/ride_23332_20240322092654
20240322093120,/lus/lfs1aip2/projects/u6ex/fbots/frodobots_raw/frodobots_data/output_rides_5/ride_23334_20240322093120/recordings/ec0cd45eb040bac2afa7c88e7c96b3be_ride_23334__uid_s_1001__uid_e_video.m3u8,/lus/lfs1aip2/projects/u6ex/fbots/frodobots_raw/frodobots_data/output_rides_5/ride_23334_20240322093120
20240322093712,/lus/lfs1aip2/projects/u6ex/fbots/frodobots_raw/frodobots_data/output_rides_5/ride_23339_20240322093712/recordings/6159dcec564771983512278bfc24465a_ride_23339__uid_s_1001__uid_e_video.m3u8,/lus/lfs1aip2/projects/u6ex/fbots/frodobots_raw/frodobots_data/output_rides_5/ride_23339_20240322093712
20240322094153,/lus/lfs1aip2/projects/u6ex/fbots/frodobots_raw/frodobots_data/output_rides_5/ride_23340_20240322094153/recordings/7911b332764a72de8eeecabc1af90074_ride_23340__uid_s_1001__uid_e_video.m3u8,/lus/lfs1aip2/projects/u6ex/fbots/frodobots_raw/frodobots_data/output_rides_5/ride_23340_20240322094153
20240322094630,/lus/lfs1aip2/projects/u6ex/fbots/frodobots_raw/frodobots_data/output_rides_5/ride_23342_20240322094630/recordings/1a9bd427864e53eb62a46f8d000392f7_ride_23342__uid_s_1001__uid_e_video.m3u8,/lus/lfs1aip2/projects/u6ex/fbots/frodobots_raw/frodobots_data/output_rides_5/ride_23342_20240322094630
20240322094839,/lus/lfs1aip2/projects/u6ex/fbots/frodobots_raw/frodobots_data/output_rides_5/ride_23343_20240322094839/recordings/00f38787c4415dc660723dbbd1ffb462_ride_23343__uid_s_1001__uid_e_video.m3u8,/lus/lfs1aip2/projects/u6ex/fbots/frodobots_raw/frodobots_data/output_rides_5/ride_23343_20240322094839
20240322094859,/lus/lfs1aip2/projects/u6ex/fbots/frodobots_raw/frodobots_data/output_rides_5/ride_23344_20240322094859/recordings/b4b75a7baa49169040db7d9b784109d4_ride_23344__uid_s_1001__uid_e_video.m3u8,/lus/lfs1aip2/projects/u6ex/fbots/frodobots_raw/frodobots_data/output_rides_5/ride_23344_20240322094859
20240322095052,/lus/lfs1aip2/projects/u6ex/fbots/frodobots_raw/frodobots_data/output_rides_5/ride_23345_20240322095052/recordings/85f7b4146e42be1a4040ad8759387800_ride_23345__uid_s_1001__uid_e_video.m3u8,/lus/lfs1aip2/projects/u6ex/fbots/frodobots_raw/frodobots_data/output_rides_5/ride_23345_20240322095052
20240322100659,/lus/lfs1aip2/projects/u6ex/fbots/frodobots_raw/frodobots_data/output_rides_5/ride_23352_20240322100659/recordings/1e6688ef9b451da37cb8c78b884603ff_ride_23352__uid_s_1001__uid_e_video.m3u8,/lus/lfs1aip2/projects/u6ex/fbots/frodobots_raw/frodobots_data/output_rides_5/ride_23352_20240322100659
20240322100855,/lus/lfs1aip2/projects/u6ex/fbots/frodobots_raw/frodobots_data/output_rides_5/ride_23354_20240322100855/recordings/ad9fc1f96d4272e5c68a8eb07568976c_ride_23354__uid_s_1001__uid_e_video.m3u8,/lus/lfs1aip2/projects/u6ex/fbots/frodobots_raw/frodobots_data/output_rides_5/ride_23354_20240322100855
20240322102211,/lus/lfs1aip2/projects/u6ex/fbots/frodobots_raw/frodobots_data/output_rides_5/ride_23358_20240322102211/recordings/24f42e5619401c257a9b6797cb03f82f_ride_23358__uid_s_1001__uid_e_video.m3u8,/lus/lfs1aip2/projects/u6ex/fbots/frodobots_raw/frodobots_data/output_rides_5/ride_23358_20240322102211
20240322102326,/lus/lfs1aip2/projects/u6ex/fbots/frodobots_raw/frodobots_data/output_rides_5/ride_23360_20240322102326/recordings/1cd0cb53ec4d3e7a1ecd228acd64e4a6_ride_23360__uid_s_1001__uid_e_video.m3u8,/lus/lfs1aip2/projects/u6ex/fbots/frodobots_raw/frodobots_data/output_rides_5/ride_23360_20240322102326
20240322104146,/lus/lfs1aip2/projects/u6ex/fbots/frodobots_raw/frodobots_data/output_rides_5/ride_23364_20240322104146/recordings/72ae73231a49487784de0883f96a10fe_ride_23364__uid_s_1001__uid_e_video.m3u8,/lus/lfs1aip2/projects/u6ex/fbots/frodobots_raw/frodobots_data/output_rides_5/ride_23364_20240322104146
20240322104504,/lus/lfs1aip2/projects/u6ex/fbots/frodobots_raw/frodobots_data/output_rides_5/ride_23366_20240322104504/recordings/fb42110d144870ec459c079ef7234820_ride_23366__uid_s_1001__uid_e_video.m3u8,/lus/lfs1aip2/projects/u6ex/fbots/frodobots_raw/frodobots_data/output_rides_5/ride_23366_20240322104504
20240322112652,/lus/lfs1aip2/projects/u6ex/fbots/frodobots_raw/frodobots_data/output_rides_5/ride_23376_20240322112652/recordings/1266c3557f44cdc4a52c3580826324e9_ride_23376__uid_s_1001__uid_e_video.m3u8,/lus/lfs1aip2/projects/u6ex/fbots/frodobots_raw/frodobots_data/output_rides_5/ride_23376_20240322112652
20240322112735,/lus/lfs1aip2/projects/u6ex/fbots/frodobots_raw/frodobots_data/output_rides_5/ride_23377_20240322112735/recordings/7c6b73475844c0888e0e108080eade83_ride_23377__uid_s_1001__uid_e_video.m3u8,/lus/lfs1aip2/projects/u6ex/fbots/frodobots_raw/frodobots_data/output_rides_5/ride_23377_20240322112735
20240322112947,/lus/lfs1aip2/projects/u6ex/fbots/frodobots_raw/frodobots_data/output_rides_5/ride_23378_20240322112947/recordings/17021756194f494c94fda09e0f4c9258_ride_23378__uid_s_1001__uid_e_video.m3u8,/lus/lfs1aip2/projects/u6ex/fbots/frodobots_raw/frodobots_data/output_rides_5/ride_23378_20240322112947
20240322113451,/lus/lfs1aip2/projects/u6ex/fbots/frodobots_raw/frodobots_data/output_rides_5/ride_23380_20240322113451/recordings/a2b2702e344a6532a91fa3a3b7364bf7_ride_23380__uid_s_1001__uid_e_video.m3u8,/lus/lfs1aip2/projects/u6ex/fbots/frodobots_raw/frodobots_data/output_rides_5/ride_23380_20240322113451
20240322113542,/lus/lfs1aip2/projects/u6ex/fbots/frodobots_raw/frodobots_data/output_rides_5/ride_23381_20240322113542/recordings/18032bbf354efca97a003abfb9a41a73_ride_23381__uid_s_1001__uid_e_video.m3u8,/lus/lfs1aip2/projects/u6ex/fbots/frodobots_raw/frodobots_data/output_rides_5/ride_23381_20240322113542
20240322121327,/lus/lfs1aip2/projects/u6ex/fbots/frodobots_raw/frodobots_data/output_rides_5/ride_23388_20240322121327/recordings/48f86f51a54172b99ecf93938f1aabdb_ride_23388__uid_s_1001__uid_e_video.m3u8,/lus/lfs1aip2/projects/u6ex/fbots/frodobots_raw/frodobots_data/output_rides_5/ride_23388_20240322121327
20240322121359,/lus/lfs1aip2/projects/u6ex/fbots/frodobots_raw/frodobots_data/output_rides_5/ride_23389_20240322121359/recordings/83dac7b8384904460a2f958c799fdb21_ride_23389__uid_s_1001__uid_e_video.m3u8,/lus/lfs1aip2/projects/u6ex/fbots/frodobots_raw/frodobots_data/output_rides_5/ride_23389_20240322121359
20240322121611,/lus/lfs1aip2/projects/u6ex/fbots/frodobots_raw/frodobots_data/output_rides_5/ride_23391_20240322121611/recordings/1778ddcbcc459595fe88269bc803f376_ride_23391__uid_s_1001__uid_e_video.m3u8,/lus/lfs1aip2/projects/u6ex/fbots/frodobots_raw/frodobots_data/output_rides_5/ride_23391_20240322121611
20240322121744,/lus/lfs1aip2/projects/u6ex/fbots/frodobots_raw/frodobots_data/output_rides_5/ride_23392_20240322121744/recordings/763873078541badea54c2e80a10b3465_ride_23392__uid_s_1001__uid_e_video.m3u8,/lus/lfs1aip2/projects/u6ex/fbots/frodobots_raw/frodobots_data/output_rides_5/ride_23392_20240322121744
20240322122806,/lus/lfs1aip2/projects/u6ex/fbots/frodobots_raw/frodobots_data/output_rides_5/ride_23396_20240322122806/recordings/4ec11849ad4e464f54a553a19ec4e03d_ride_23396__uid_s_1001__uid_e_video.m3u8,/lus/lfs1aip2/projects/u6ex/fbots/frodobots_raw/frodobots_data/output_rides_5/ride_23396_20240322122806
20240322124215,/lus/lfs1aip2/projects/u6ex/fbots/frodobots_raw/frodobots_data/output_rides_5/ride_23404_20240322124215/recordings/d9a7de67624d8f9504ed9cb5fc7122ad_ride_23404__uid_s_1001__uid_e_video.m3u8,/lus/lfs1aip2/projects/u6ex/fbots/frodobots_raw/frodobots_data/output_rides_5/ride_23404_20240322124215
20240322125751,/lus/lfs1aip2/projects/u6ex/fbots/frodobots_raw/frodobots_data/output_rides_5/ride_23411_20240322125751/recordings/50c7c1701e452de09f165bb197eb51f3_ride_23411__uid_s_1001__uid_e_video.m3u8,/lus/lfs1aip2/projects/u6ex/fbots/frodobots_raw/frodobots_data/output_rides_5/ride_23411_20240322125751
20240322132721,/lus/lfs1aip2/projects/u6ex/fbots/frodobots_raw/frodobots_data/output_rides_5/ride_23417_20240322132721/recordings/fcd9ff4d7e4defabf08c9d95aaad9070_ride_23417__uid_s_1001__uid_e_video.m3u8,/lus/lfs1aip2/projects/u6ex/fbots/frodobots_raw/frodobots_data/output_rides_5/ride_23417_20240322132721
20240322133035,/lus/lfs1aip2/projects/u6ex/fbots/frodobots_raw/frodobots_data/output_rides_5/ride_23419_20240322133035/recordings/e349f50690455b9bc37d0f9b8396d533_ride_23419__uid_s_1001__uid_e_video.m3u8,/lus/lfs1aip2/projects/u6ex/fbots/frodobots_raw/frodobots_data/output_rides_5/ride_23419_20240322133035
20240322134402,/lus/lfs1aip2/projects/u6ex/fbots/frodobots_raw/frodobots_data/output_rides_5/ride_23422_20240322134402/recordings/6beeb5dd1944e2bb3cf25083e04807a2_ride_23422__uid_s_1001__uid_e_video.m3u8,/lus/lfs1aip2/projects/u6ex/fbots/frodobots_raw/frodobots_data/output_rides_5/ride_23422_20240322134402
20240322135549,/lus/lfs1aip2/projects/u6ex/fbots/frodobots_raw/frodobots_data/output_rides_5/ride_23425_20240322135549/recordings/4966833f564716dad381e98164b576d4_ride_23425__uid_s_1001__uid_e_video.m3u8,/lus/lfs1aip2/projects/u6ex/fbots/frodobots_raw/frodobots_data/output_rides_5/ride_23425_20240322135549
20240322140445,/lus/lfs1aip2/projects/u6ex/fbots/frodobots_raw/frodobots_data/output_rides_5/ride_23426_20240322140445/recordings/87cfdf5f6244c23258c3bbb834c53937_ride_23426__uid_s_1001__uid_e_video.m3u8,/lus/lfs1aip2/projects/u6ex/fbots/frodobots_raw/frodobots_data/output_rides_5/ride_23426_20240322140445
20240322141413,/lus/lfs1aip2/projects/u6ex/fbots/frodobots_raw/frodobots_data/output_rides_5/ride_23429_20240322141413/recordings/e685f980ab49f3902ebad3819ec1d617_ride_23429__uid_s_1001__uid_e_video.m3u8,/lus/lfs1aip2/projects/u6ex/fbots/frodobots_raw/frodobots_data/output_rides_5/ride_23429_20240322141413
20240322142432,/lus/lfs1aip2/projects/u6ex/fbots/frodobots_raw/frodobots_data/output_rides_5/ride_23434_20240322142432/recordings/31523942b745d00606713f8f792fae41_ride_23434__uid_s_1001__uid_e_video.m3u8,/lus/lfs1aip2/projects/u6ex/fbots/frodobots_raw/frodobots_data/output_rides_5/ride_23434_20240322142432
20240322144045,/lus/lfs1aip2/projects/u6ex/fbots/frodobots_raw/frodobots_data/output_rides_5/ride_23439_20240322144045/recordings/2439310da742b674f23ffc81e893be1d_ride_23439__uid_s_1001__uid_e_video.m3u8,/lus/lfs1aip2/projects/u6ex/fbots/frodobots_raw/frodobots_data/output_rides_5/ride_23439_20240322144045
20240322144347,/lus/lfs1aip2/projects/u6ex/fbots/frodobots_raw/frodobots_data/output_rides_5/ride_23440_20240322144347/recordings/d043f5a7c84d90beb88ec6a6b644a268_ride_23440__uid_s_1001__uid_e_video.m3u8,/lus/lfs1aip2/projects/u6ex/fbots/frodobots_raw/frodobots_data/output_rides_5/ride_23440_20240322144347
20240322145934,/lus/lfs1aip2/projects/u6ex/fbots/frodobots_raw/frodobots_data/output_rides_5/ride_23444_20240322145934/recordings/37991bde20481f5758ed50b164374911_ride_23444__uid_s_1001__uid_e_video.m3u8,/lus/lfs1aip2/projects/u6ex/fbots/frodobots_raw/frodobots_data/output_rides_5/ride_23444_20240322145934
20240322150221,/lus/lfs1aip2/projects/u6ex/fbots/frodobots_raw/frodobots_data/output_rides_5/ride_23446_20240322150221/recordings/805f44eca943d9fb635594b493b68630_ride_23446__uid_s_1001__uid_e_video.m3u8,/lus/lfs1aip2/projects/u6ex/fbots/frodobots_raw/frodobots_data/output_rides_5/ride_23446_20240322150221
20240322151403,/lus/lfs1aip2/projects/u6ex/fbots/frodobots_raw/frodobots_data/output_rides_5/ride_23447_20240322151403/recordings/138e30487a440ead38e568a269a339cf_ride_23447__uid_s_1001__uid_e_video.m3u8,/lus/lfs1aip2/projects/u6ex/fbots/frodobots_raw/frodobots_data/output_rides_5/ride_23447_20240322151403
20240322151638,/lus/lfs1aip2/projects/u6ex/fbots/frodobots_raw/frodobots_data/output_rides_5/ride_23449_20240322151638/recordings/331157208b47e02c1ac00f946dfaf1d8_ride_23449__uid_s_1001__uid_e_video.m3u8,/lus/lfs1aip2/projects/u6ex/fbots/frodobots_raw/frodobots_data/output_rides_5/ride_23449_20240322151638
20240322152804,/lus/lfs1aip2/projects/u6ex/fbots/frodobots_raw/frodobots_data/output_rides_5/ride_23451_20240322152804/recordings/579c998fb94b8a73788eac9691a34325_ride_23451__uid_s_1001__uid_e_video.m3u8,/lus/lfs1aip2/projects/u6ex/fbots/frodobots_raw/frodobots_data/output_rides_5/ride_23451_20240322152804
20240322153935,/lus/lfs1aip2/projects/u6ex/fbots/frodobots_raw/frodobots_data/output_rides_5/ride_23456_20240322153935/recordings/d7450df34840944907719488c85ba96a_ride_23456__uid_s_1001__uid_e_video.m3u8,/lus/lfs1aip2/projects/u6ex/fbots/frodobots_raw/frodobots_data/output_rides_5/ride_23456_20240322153935
20240322155258,/lus/lfs1aip2/projects/u6ex/fbots/frodobots_raw/frodobots_data/output_rides_5/ride_23461_20240322155258/recordings/4663b04d724f55f37ccd85a82e43970a_ride_23461__uid_s_1001__uid_e_video.m3u8,/lus/lfs1aip2/projects/u6ex/fbots/frodobots_raw/frodobots_data/output_rides_5/ride_23461_20240322155258
20240322160405,/lus/lfs1aip2/projects/u6ex/fbots/frodobots_raw/frodobots_data/output_rides_5/ride_23468_20240322160405/recordings/4d87e315c64d44f5c2386aac57ec1876_ride_23468__uid_s_1001__uid_e_video.m3u8,/lus/lfs1aip2/projects/u6ex/fbots/frodobots_raw/frodobots_data/output_rides_5/ride_23468_20240322160405
20240322161750,/lus/lfs1aip2/projects/u6ex/fbots/frodobots_raw/frodobots_data/output_rides_5/ride_23470_20240322161750/recordings/869b6235274add4e4b5911a4a6d9432b_ride_23470__uid_s_1001__uid_e_video.m3u8,/lus/lfs1aip2/projects/u6ex/fbots/frodobots_raw/frodobots_data/output_rides_5/ride_23470_20240322161750
20240322162205,/lus/lfs1aip2/projects/u6ex/fbots/frodobots_raw/frodobots_data/output_rides_5/ride_23472_20240322162205/recordings/8609b8083b43972ef737e29f8e6f2b36_ride_23472__uid_s_1001__uid_e_video.m3u8,/lus/lfs1aip2/projects/u6ex/fbots/frodobots_raw/frodobots_data/output_rides_5/ride_23472_20240322162205
20240322163214,/lus/lfs1aip2/projects/u6ex/fbots/frodobots_raw/frodobots_data/output_rides_5/ride_23475_20240322163214/recordings/26f8893ac345df8807be20b703bae043_ride_23475__uid_s_1001__uid_e_video.m3u8,/lus/lfs1aip2/projects/u6ex/fbots/frodobots_raw/frodobots_data/output_rides_5/ride_23475_20240322163214
20240322163457,/lus/lfs1aip2/projects/u6ex/fbots/frodobots_raw/frodobots_data/output_rides_5/ride_23476_20240322163457/recordings/582d47a327400546b1ecba8648212266_ride_23476__uid_s_1001__uid_e_video.m3u8,/lus/lfs1aip2/projects/u6ex/fbots/frodobots_raw/frodobots_data/output_rides_5/ride_23476_20240322163457
20240322163900,/lus/lfs1aip2/projects/u6ex/fbots/frodobots_raw/frodobots_data/output_rides_5/ride_23477_20240322163900/recordings/ff62c5c50449a38cfb9de69ad32562dd_ride_23477__uid_s_1001__uid_e_video.m3u8,/lus/lfs1aip2/projects/u6ex/fbots/frodobots_raw/frodobots_data/output_rides_5/ride_23477_20240322163900
20240322164716,/lus/lfs1aip2/projects/u6ex/fbots/frodobots_raw/frodobots_data/output_rides_5/ride_23479_20240322164716/recordings/fd7df81eb84d6adea3bc39a4ecde9e86_ride_23479__uid_s_1001__uid_e_video.m3u8,/lus/lfs1aip2/projects/u6ex/fbots/frodobots_raw/frodobots_data/output_rides_5/ride_23479_20240322164716
20240322164902,/lus/lfs1aip2/projects/u6ex/fbots/frodobots_raw/frodobots_data/output_rides_5/ride_23480_20240322164902/recordings/7d4503ccd74943f8583e84a20ddb7e73_ride_23480__uid_s_1001__uid_e_video.m3u8,/lus/lfs1aip2/projects/u6ex/fbots/frodobots_raw/frodobots_data/output_rides_5/ride_23480_20240322164902
20240322165821,/lus/lfs1aip2/projects/u6ex/fbots/frodobots_raw/frodobots_data/output_rides_5/ride_23481_20240322165821/recordings/c806359897421dfb923c7ab7e469b192_ride_23481__uid_s_1001__uid_e_video.m3u8,/lus/lfs1aip2/projects/u6ex/fbots/frodobots_raw/frodobots_data/output_rides_5/ride_23481_20240322165821
20240322180147,/lus/lfs1aip2/projects/u6ex/fbots/frodobots_raw/frodobots_data/output_rides_5/ride_23496_20240322180147/recordings/6263f0e8de4e0cec603ca8a7c6dc4123_ride_23496__uid_s_1001__uid_e_video.m3u8,/lus/lfs1aip2/projects/u6ex/fbots/frodobots_raw/frodobots_data/output_rides_5/ride_23496_20240322180147
20240325061723,/lus/lfs1aip2/projects/u6ex/fbots/frodobots_raw/frodobots_data/output_rides_6/ride_24081_20240325061723/recordings/7d308096d942018c20e917b11ed11654_ride_24081__uid_s_1001__uid_e_video.m3u8,/lus/lfs1aip2/projects/u6ex/fbots/frodobots_raw/frodobots_data/output_rides_6/ride_24081_20240325061723
20240325061923,/lus/lfs1aip2/projects/u6ex/fbots/frodobots_raw/frodobots_data/output_rides_6/ride_24082_20240325061923/recordings/701a23b0a94d035a676d6baa29834de1_ride_24082__uid_s_1001__uid_e_video.m3u8,/lus/lfs1aip2/projects/u6ex/fbots/frodobots_raw/frodobots_data/output_rides_6/ride_24082_20240325061923
20240325133337,/lus/lfs1aip2/projects/u6ex/fbots/frodobots_raw/frodobots_data/output_rides_6/ride_24180_20240325133337/recordings/9a574691e24cde81bb0fbd95a9835759_ride_24180__uid_s_1001__uid_e_video.m3u8,/lus/lfs1aip2/projects/u6ex/fbots/frodobots_raw/frodobots_data/output_rides_6/ride_24180_20240325133337
20240325134753,/lus/lfs1aip2/projects/u6ex/fbots/frodobots_raw/frodobots_data/output_rides_6/ride_24183_20240325134753/recordings/6b7add91c0446e03a94f409f74e8bbb2_ride_24183__uid_s_1001__uid_e_video.m3u8,/lus/lfs1aip2/projects/u6ex/fbots/frodobots_raw/frodobots_data/output_rides_6/ride_24183_20240325134753
20240325144447,/lus/lfs1aip2/projects/u6ex/fbots/frodobots_raw/frodobots_data/output_rides_6/ride_24191_20240325144447/recordings/d37e5770d942cf2791d176b240e792c3_ride_24191__uid_s_1001__uid_e_video.m3u8,/lus/lfs1aip2/projects/u6ex/fbots/frodobots_raw/frodobots_data/output_rides_6/ride_24191_20240325144447
20240325145051,/lus/lfs1aip2/projects/u6ex/fbots/frodobots_raw/frodobots_data/output_rides_6/ride_24192_20240325145051/recordings/e5e0494f674314e6f78aa7b8fa2fc5d1_ride_24192__uid_s_1001__uid_e_video.m3u8,/lus/lfs1aip2/projects/u6ex/fbots/frodobots_raw/frodobots_data/output_rides_6/ride_24192_20240325145051
20240326090003,/lus/lfs1aip2/projects/u6ex/fbots/frodobots_raw/frodobots_data/output_rides_6/ride_24424_20240326090003/recordings/bc5008642b462cb95527c8b2f684e92e_ride_24424__uid_s_1001__uid_e_video.m3u8,/lus/lfs1aip2/projects/u6ex/fbots/frodobots_raw/frodobots_data/output_rides_6/ride_24424_20240326090003
20240326090332,/lus/lfs1aip2/projects/u6ex/fbots/frodobots_raw/frodobots_data/output_rides_6/ride_24426_20240326090332/recordings/62f084f86b486d1617444d8d4751166b_ride_24426__uid_s_1001__uid_e_video.m3u8,/lus/lfs1aip2/projects/u6ex/fbots/frodobots_raw/frodobots_data/output_rides_6/ride_24426_20240326090332
20240326091039,/lus/lfs1aip2/projects/u6ex/fbots/frodobots_raw/frodobots_data/output_rides_6/ride_24430_20240326091039/recordings/f9a1ae880f408a07249db9904d240940_ride_24430__uid_s_1001__uid_e_video.m3u8,/lus/lfs1aip2/projects/u6ex/fbots/frodobots_raw/frodobots_data/output_rides_6/ride_24430_20240326091039
20240326092117,/lus/lfs1aip2/projects/u6ex/fbots/frodobots_raw/frodobots_data/output_rides_6/ride_24434_20240326092117/recordings/c39716acb9433f9cdafa6fa93f386910_ride_24434__uid_s_1001__uid_e_video.m3u8,/lus/lfs1aip2/projects/u6ex/fbots/frodobots_raw/frodobots_data/output_rides_6/ride_24434_20240326092117
20240326102450,/lus/lfs1aip2/projects/u6ex/fbots/frodobots_raw/frodobots_data/output_rides_6/ride_24456_20240326102450/recordings/ee0c9263614ffbd4ae8ae48a6eed558d_ride_24456__uid_s_1001__uid_e_video.m3u8,/lus/lfs1aip2/projects/u6ex/fbots/frodobots_raw/frodobots_data/output_rides_6/ride_24456_20240326102450
20240326102702,/lus/lfs1aip2/projects/u6ex/fbots/frodobots_raw/frodobots_data/output_rides_6/ride_24457_20240326102702/recordings/e74b94bb5f4ab6c9a1ab05963d41884c_ride_24457__uid_s_1001__uid_e_video.m3u8,/lus/lfs1aip2/projects/u6ex/fbots/frodobots_raw/frodobots_data/output_rides_6/ride_24457_20240326102702
20240326103335,/lus/lfs1aip2/projects/u6ex/fbots/frodobots_raw/frodobots_data/output_rides_6/ride_24459_20240326103335/recordings/8a03395fd54f667d2269d69f29a8eb25_ride_24459__uid_s_1001__uid_e_video.m3u8,/lus/lfs1aip2/projects/u6ex/fbots/frodobots_raw/frodobots_data/output_rides_6/ride_24459_20240326103335
20240326104519,/lus/lfs1aip2/projects/u6ex/fbots/frodobots_raw/frodobots_data/output_rides_6/ride_24464_20240326104519/recordings/3fe2150d2846562a9f230a9a6c8b2b50_ride_24464__uid_s_1001__uid_e_video.m3u8,/lus/lfs1aip2/projects/u6ex/fbots/frodobots_raw/frodobots_data/output_rides_6/ride_24464_20240326104519
20240326105604,/lus/lfs1aip2/projects/u6ex/fbots/frodobots_raw/frodobots_data/output_rides_6/ride_24465_20240326105604/recordings/2ec2892d3b479d1fe21717bf6f31a563_ride_24465__uid_s_1001__uid_e_video.m3u8,/lus/lfs1aip2/projects/u6ex/fbots/frodobots_raw/frodobots_data/output_rides_6/ride_24465_20240326105604
20240326105952,/lus/lfs1aip2/projects/u6ex/fbots/frodobots_raw/frodobots_data/output_rides_6/ride_24467_20240326105952/recordings/b01e2437f44ea85c950eafa08581024e_ride_24467__uid_s_1001__uid_e_video.m3u8,/lus/lfs1aip2/projects/u6ex/fbots/frodobots_raw/frodobots_data/output_rides_6/ride_24467_20240326105952
20240326111004,/lus/lfs1aip2/projects/u6ex/fbots/frodobots_raw/frodobots_data/output_rides_6/ride_24469_20240326111004/recordings/5a75444f4445842d8add12a5d2fac44c_ride_24469__uid_s_1001__uid_e_video.m3u8,/lus/lfs1aip2/projects/u6ex/fbots/frodobots_raw/frodobots_data/output_rides_6/ride_24469_20240326111004
20240326113224,/lus/lfs1aip2/projects/u6ex/fbots/frodobots_raw/frodobots_data/output_rides_6/ride_24475_20240326113224/recordings/2b87a920ca4a642cb57cb5b53c53c5bd_ride_24475__uid_s_1001__uid_e_video.m3u8,/lus/lfs1aip2/projects/u6ex/fbots/frodobots_raw/frodobots_data/output_rides_6/ride_24475_20240326113224
20240326115007,/lus/lfs1aip2/projects/u6ex/fbots/frodobots_raw/frodobots_data/output_rides_6/ride_24478_20240326115007/recordings/c52b821fd1446fc55707b9b0974f60a9_ride_24478__uid_s_1001__uid_e_video.m3u8,/lus/lfs1aip2/projects/u6ex/fbots/frodobots_raw/frodobots_data/output_rides_6/ride_24478_20240326115007
20240326120549,/lus/lfs1aip2/projects/u6ex/fbots/frodobots_raw/frodobots_data/output_rides_6/ride_24481_20240326120549/recordings/4cc1e942b14e36fce6823ea3a37701e3_ride_24481__uid_s_1001__uid_e_video.m3u8,/lus/lfs1aip2/projects/u6ex/fbots/frodobots_raw/frodobots_data/output_rides_6/ride_24481_20240326120549
20240326122511,/lus/lfs1aip2/projects/u6ex/fbots/frodobots_raw/frodobots_data/output_rides_6/ride_24485_20240326122511/recordings/1df7f65d524ac768016fd681b3059c64_ride_24485__uid_s_1001__uid_e_video.m3u8,/lus/lfs1aip2/projects/u6ex/fbots/frodobots_raw/frodobots_data/output_rides_6/ride_24485_20240326122511
20240326124015,/lus/lfs1aip2/projects/u6ex/fbots/frodobots_raw/frodobots_data/output_rides_6/ride_24490_20240326124015/recordings/d72dc7293a4ab811d991918ad33e983a_ride_24490__uid_s_1001__uid_e_video.m3u8,/lus/lfs1aip2/projects/u6ex/fbots/frodobots_raw/frodobots_data/output_rides_6/ride_24490_20240326124015
20240326131841,/lus/lfs1aip2/projects/u6ex/fbots/frodobots_raw/frodobots_data/output_rides_6/ride_24494_20240326131841/recordings/bd73d6212e4fdf83d10317b2eb55d753_ride_24494__uid_s_1001__uid_e_video.m3u8,/lus/lfs1aip2/projects/u6ex/fbots/frodobots_raw/frodobots_data/output_rides_6/ride_24494_20240326131841
20240326132551,/lus/lfs1aip2/projects/u6ex/fbots/frodobots_raw/frodobots_data/output_rides_6/ride_24497_20240326132551/recordings/95cb1886064288ad085133a5f635dcf2_ride_24497__uid_s_1001__uid_e_video.m3u8,/lus/lfs1aip2/projects/u6ex/fbots/frodobots_raw/frodobots_data/output_rides_6/ride_24497_20240326132551
20240326133012,/lus/lfs1aip2/projects/u6ex/fbots/frodobots_raw/frodobots_data/output_rides_6/ride_24499_20240326133012/recordings/0be9cca4c240902c1256bb92c51ffcb3_ride_24499__uid_s_1001__uid_e_video.m3u8,/lus/lfs1aip2/projects/u6ex/fbots/frodobots_raw/frodobots_data/output_rides_6/ride_24499_20240326133012
20240326133844,/lus/lfs1aip2/projects/u6ex/fbots/frodobots_raw/frodobots_data/output_rides_6/ride_24502_20240326133844/recordings/7e336517db49eb4f7de6e8bdd241830f_ride_24502__uid_s_1001__uid_e_video.m3u8,/lus/lfs1aip2/projects/u6ex/fbots/frodobots_raw/frodobots_data/output_rides_6/ride_24502_20240326133844
20240326135110,/lus/lfs1aip2/projects/u6ex/fbots/frodobots_raw/frodobots_data/output_rides_6/ride_24504_20240326135110/recordings/4c28bfb6d94905fcc2ae4682fe164627_ride_24504__uid_s_1001__uid_e_video.m3u8,/lus/lfs1aip2/projects/u6ex/fbots/frodobots_raw/frodobots_data/output_rides_6/ride_24504_20240326135110
20240326142929,/lus/lfs1aip2/projects/u6ex/fbots/frodobots_raw/frodobots_data/output_rides_6/ride_24507_20240326142929/recordings/0392e0058c4cbcc81f9ff195d639a144_ride_24507__uid_s_1001__uid_e_video.m3u8,/lus/lfs1aip2/projects/u6ex/fbots/frodobots_raw/frodobots_data/output_rides_6/ride_24507_20240326142929
20240326143212,/lus/lfs1aip2/projects/u6ex/fbots/frodobots_raw/frodobots_data/output_rides_6/ride_24508_20240326143212/recordings/545e4cab3d42b37166f4f6a7d9508cac_ride_24508__uid_s_1001__uid_e_video.m3u8,/lus/lfs1aip2/projects/u6ex/fbots/frodobots_raw/frodobots_data/output_rides_6/ride_24508_20240326143212
20240326144447,/lus/lfs1aip2/projects/u6ex/fbots/frodobots_raw/frodobots_data/output_rides_6/ride_24511_20240326144447/recordings/a478e0a23d40336f2865738e3cfc8fc5_ride_24511__uid_s_1001__uid_e_video.m3u8,/lus/lfs1aip2/projects/u6ex/fbots/frodobots_raw/frodobots_data/output_rides_6/ride_24511_20240326144447
20240326150242,/lus/lfs1aip2/projects/u6ex/fbots/frodobots_raw/frodobots_data/output_rides_6/ride_24513_20240326150242/recordings/b3b4312a3d444f37e6608a9be7ca2cc1_ride_24513__uid_s_1001__uid_e_video.m3u8,/lus/lfs1aip2/projects/u6ex/fbots/frodobots_raw/frodobots_data/output_rides_6/ride_24513_20240326150242
20240326150452,/lus/lfs1aip2/projects/u6ex/fbots/frodobots_raw/frodobots_data/output_rides_6/ride_24515_20240326150452/recordings/3ee45e66a046e3353a1945bd61b027ba_ride_24515__uid_s_1001__uid_e_video.m3u8,/lus/lfs1aip2/projects/u6ex/fbots/frodobots_raw/frodobots_data/output_rides_6/ride_24515_20240326150452
20240326154101,/lus/lfs1aip2/projects/u6ex/fbots/frodobots_raw/frodobots_data/output_rides_6/ride_24520_20240326154101/recordings/c0453d9a384dade63411c8b42587f29b_ride_24520__uid_s_1001__uid_e_video.m3u8,/lus/lfs1aip2/projects/u6ex/fbots/frodobots_raw/frodobots_data/output_rides_6/ride_24520_20240326154101
20240327105228,/lus/lfs1aip2/projects/u6ex/fbots/frodobots_raw/frodobots_data/output_rides_6/ride_24742_20240327105228/recordings/b7b541aff84b3065103b8dba28d2bec6_ride_24742__uid_s_1001__uid_e_video.m3u8,/lus/lfs1aip2/projects/u6ex/fbots/frodobots_raw/frodobots_data/output_rides_6/ride_24742_20240327105228
20240327105514,/lus/lfs1aip2/projects/u6ex/fbots/frodobots_raw/frodobots_data/output_rides_6/ride_24743_20240327105514/recordings/bdbc9ea81f41676375de9f90069ee5d5_ride_24743__uid_s_1001__uid_e_video.m3u8,/lus/lfs1aip2/projects/u6ex/fbots/frodobots_raw/frodobots_data/output_rides_6/ride_24743_20240327105514
20240327110219,/lus/lfs1aip2/projects/u6ex/fbots/frodobots_raw/frodobots_data/output_rides_6/ride_24744_20240327110219/recordings/c293a63e9c4b83b47936e5993cc58b20_ride_24744__uid_s_1001__uid_e_video.m3u8,/lus/lfs1aip2/projects/u6ex/fbots/frodobots_raw/frodobots_data/output_rides_6/ride_24744_20240327110219
20240327112732,/lus/lfs1aip2/projects/u6ex/fbots/frodobots_raw/frodobots_data/output_rides_6/ride_24752_20240327112732/recordings/bd46a2e1134b21fba6629ab349bf792a_ride_24752__uid_s_1001__uid_e_video.m3u8,/lus/lfs1aip2/projects/u6ex/fbots/frodobots_raw/frodobots_data/output_rides_6/ride_24752_20240327112732
20240328091301,/lus/lfs1aip2/projects/u6ex/fbots/frodobots_raw/frodobots_data/output_rides_7/ride_25060_20240328091301/recordings/c35be41629431397f8bf80871333a2cf_ride_25060__uid_s_1001__uid_e_video.m3u8,/lus/lfs1aip2/projects/u6ex/fbots/frodobots_raw/frodobots_data/output_rides_7/ride_25060_20240328091301
20240328091903,/lus/lfs1aip2/projects/u6ex/fbots/frodobots_raw/frodobots_data/output_rides_7/ride_25062_20240328091903/recordings/7dd740cabd49ca34cfd5688fd5ca8a79_ride_25062__uid_s_1001__uid_e_video.m3u8,/lus/lfs1aip2/projects/u6ex/fbots/frodobots_raw/frodobots_data/output_rides_7/ride_25062_20240328091903
20240405113053,/lus/lfs1aip2/projects/u6ex/fbots/frodobots_raw/frodobots_data/output_rides_10/ride_27881_20240405113053/recordings/80d84606fd450df1ce297c9c3dd1a7c5_ride_27881__uid_s_1001__uid_e_video.m3u8,/lus/lfs1aip2/projects/u6ex/fbots/frodobots_raw/frodobots_data/output_rides_10/ride_27881_20240405113053
20240405113417,/lus/lfs1aip2/projects/u6ex/fbots/frodobots_raw/frodobots_data/output_rides_10/ride_27883_20240405113417/recordings/9c40b3736f4acd972cf0fa8b616b4371_ride_27883__uid_s_1001__uid_e_video.m3u8,/lus/lfs1aip2/projects/u6ex/fbots/frodobots_raw/frodobots_data/output_rides_10/ride_27883_20240405113417
20240407104529,/lus/lfs1aip2/projects/u6ex/fbots/frodobots_raw/frodobots_data/output_rides_11/ride_28437_20240407104529/recordings/59d39ce34240b3a62a5fd89c64446fc0_ride_28437__uid_s_1001__uid_e_video.m3u8,/lus/lfs1aip2/projects/u6ex/fbots/frodobots_raw/frodobots_data/output_rides_11/ride_28437_20240407104529
20240407122625,/lus/lfs1aip2/projects/u6ex/fbots/frodobots_raw/frodobots_data/output_rides_11/ride_28466_20240407122625/recordings/d38581951449444fa27822865c93c99a_ride_28466__uid_s_1001__uid_e_video.m3u8,/lus/lfs1aip2/projects/u6ex/fbots/frodobots_raw/frodobots_data/output_rides_11/ride_28466_20240407122625
20240407131549,/lus/lfs1aip2/projects/u6ex/fbots/frodobots_raw/frodobots_data/output_rides_11/ride_28476_20240407131549/recordings/142b1279d24a6169979ce99d83a7826d_ride_28476__uid_s_1001__uid_e_video.m3u8,/lus/lfs1aip2/projects/u6ex/fbots/frodobots_raw/frodobots_data/output_rides_11/ride_28476_20240407131549
20240408151948,/lus/lfs1aip2/projects/u6ex/fbots/frodobots_raw/frodobots_data/output_rides_11/ride_28786_20240408151948/recordings/de59d4f46f4a407e524a8782e8e52a6f_ride_28786__uid_s_1001__uid_e_video.m3u8,/lus/lfs1aip2/projects/u6ex/fbots/frodobots_raw/frodobots_data/output_rides_11/ride_28786_20240408151948
20240408154112,/lus/lfs1aip2/projects/u6ex/fbots/frodobots_raw/frodobots_data/output_rides_11/ride_28792_20240408154112/recordings/7f4841578e4c1051c7d14eb9ee3b5ca3_ride_28792__uid_s_1001__uid_e_video.m3u8,/lus/lfs1aip2/projects/u6ex/fbots/frodobots_raw/frodobots_data/output_rides_11/ride_28792_20240408154112
20240409103459,/lus/lfs1aip2/projects/u6ex/fbots/frodobots_raw/frodobots_data/output_rides_11/ride_29116_20240409103459/recordings/b568f5e0b647afd793e543a42daba947_ride_29116__uid_s_1001__uid_e_video.m3u8,/lus/lfs1aip2/projects/u6ex/fbots/frodobots_raw/frodobots_data/output_rides_11/ride_29116_20240409103459
20240409115326,/lus/lfs1aip2/projects/u6ex/fbots/frodobots_raw/frodobots_data/output_rides_11/ride_29141_20240409115326/recordings/48cc10c38743addde04d1d92ca65475e_ride_29141__uid_s_1001__uid_e_video.m3u8,/lus/lfs1aip2/projects/u6ex/fbots/frodobots_raw/frodobots_data/output_rides_11/ride_29141_20240409115326
20240409115627,/lus/lfs1aip2/projects/u6ex/fbots/frodobots_raw/frodobots_data/output_rides_11/ride_29143_20240409115627/recordings/6d1e56d19947cf26fe8ebe965d8793ee_ride_29143__uid_s_1001__uid_e_video.m3u8,/lus/lfs1aip2/projects/u6ex/fbots/frodobots_raw/frodobots_data/output_rides_11/ride_29143_20240409115627
20240409120859,/lus/lfs1aip2/projects/u6ex/fbots/frodobots_raw/frodobots_data/output_rides_11/ride_29147_20240409120859/recordings/59fdda5e954c5dd910bcd5883c7f8781_ride_29147__uid_s_1001__uid_e_video.m3u8,/lus/lfs1aip2/projects/u6ex/fbots/frodobots_raw/frodobots_data/output_rides_11/ride_29147_20240409120859
20240410084811,/lus/lfs1aip2/projects/u6ex/fbots/frodobots_raw/frodobots_data/output_rides_12/ride_29398_20240410084811/recordings/027abde6e349b94ce52ecb8a1fa46a0a_ride_29398__uid_s_1001__uid_e_video.m3u8,/lus/lfs1aip2/projects/u6ex/fbots/frodobots_raw/frodobots_data/output_rides_12/ride_29398_20240410084811
20240410090720,/lus/lfs1aip2/projects/u6ex/fbots/frodobots_raw/frodobots_data/output_rides_12/ride_29405_20240410090720/recordings/7cf39672134c6d7ebb690ea697251558_ride_29405__uid_s_1001__uid_e_video.m3u8,/lus/lfs1aip2/projects/u6ex/fbots/frodobots_raw/frodobots_data/output_rides_12/ride_29405_20240410090720
20240410103000,/lus/lfs1aip2/projects/u6ex/fbots/frodobots_raw/frodobots_data/output_rides_12/ride_29429_20240410103000/recordings/c0fe8bc66544ef1ec70baf9f06662f53_ride_29429__uid_s_1001__uid_e_video.m3u8,/lus/lfs1aip2/projects/u6ex/fbots/frodobots_raw/frodobots_data/output_rides_12/ride_29429_20240410103000
20240410103646,/lus/lfs1aip2/projects/u6ex/fbots/frodobots_raw/frodobots_data/output_rides_12/ride_29431_20240410103646/recordings/2da5d7c3ae4e1514d41f289bfe4436f1_ride_29431__uid_s_1001__uid_e_video.m3u8,/lus/lfs1aip2/projects/u6ex/fbots/frodobots_raw/frodobots_data/output_rides_12/ride_29431_20240410103646
20240410104622,/lus/lfs1aip2/projects/u6ex/fbots/frodobots_raw/frodobots_data/output_rides_12/ride_29433_20240410104622/recordings/7f84e9f6a443cfca975c68a5d927a2de_ride_29433__uid_s_1001__uid_e_video.m3u8,/lus/lfs1aip2/projects/u6ex/fbots/frodobots_raw/frodobots_data/output_rides_12/ride_29433_20240410104622
20240410110629,/lus/lfs1aip2/projects/u6ex/fbots/frodobots_raw/frodobots_data/output_rides_12/ride_29439_20240410110629/recordings/b811e6460645c2a3bd954cbf572ddb17_ride_29439__uid_s_1001__uid_e_video.m3u8,/lus/lfs1aip2/projects/u6ex/fbots/frodobots_raw/frodobots_data/output_rides_12/ride_29439_20240410110629
20240410114046,/lus/lfs1aip2/projects/u6ex/fbots/frodobots_raw/frodobots_data/output_rides_12/ride_29445_20240410114046/recordings/a69e9a3f1545e921815ae782dc3d3441_ride_29445__uid_s_1001__uid_e_video.m3u8,/lus/lfs1aip2/projects/u6ex/fbots/frodobots_raw/frodobots_data/output_rides_12/ride_29445_20240410114046
20240410115032,/lus/lfs1aip2/projects/u6ex/fbots/frodobots_raw/frodobots_data/output_rides_12/ride_29447_20240410115032/recordings/17548a61d744de322c39788b6583ce30_ride_29447__uid_s_1001__uid_e_video.m3u8,/lus/lfs1aip2/projects/u6ex/fbots/frodobots_raw/frodobots_data/output_rides_12/ride_29447_20240410115032
20240410120640,/lus/lfs1aip2/projects/u6ex/fbots/frodobots_raw/frodobots_data/output_rides_12/ride_29449_20240410120640/recordings/58d9a7708149909fbbe83196d3fb7aff_ride_29449__uid_s_1001__uid_e_video.m3u8,/lus/lfs1aip2/projects/u6ex/fbots/frodobots_raw/frodobots_data/output_rides_12/ride_29449_20240410120640
20240411082137,/lus/lfs1aip2/projects/u6ex/fbots/frodobots_raw/frodobots_data/output_rides_12/ride_29765_20240411082137/recordings/e5cd55b9834808bb7815789b71858cf5_ride_29765__uid_s_1001__uid_e_video.m3u8,/lus/lfs1aip2/projects/u6ex/fbots/frodobots_raw/frodobots_data/output_rides_12/ride_29765_20240411082137
20240411083010,/lus/lfs1aip2/projects/u6ex/fbots/frodobots_raw/frodobots_data/output_rides_12/ride_29768_20240411083010/recordings/b7a0fbc9904b0e4e8fc702a384aaeb6b_ride_29768__uid_s_1001__uid_e_video.m3u8,/lus/lfs1aip2/projects/u6ex/fbots/frodobots_raw/frodobots_data/output_rides_12/ride_29768_20240411083010
20240411083925,/lus/lfs1aip2/projects/u6ex/fbots/frodobots_raw/frodobots_data/output_rides_12/ride_29770_20240411083925/recordings/793a780a454834c925baba9b9c97fbf2_ride_29770__uid_s_1001__uid_e_video.m3u8,/lus/lfs1aip2/projects/u6ex/fbots/frodobots_raw/frodobots_data/output_rides_12/ride_29770_20240411083925
20240411085810,/lus/lfs1aip2/projects/u6ex/fbots/frodobots_raw/frodobots_data/output_rides_12/ride_29777_20240411085810/recordings/09bc3a1afc4ac94839b90faf420e6da0_ride_29777__uid_s_1001__uid_e_video.m3u8,/lus/lfs1aip2/projects/u6ex/fbots/frodobots_raw/frodobots_data/output_rides_12/ride_29777_20240411085810
20240411092748,/lus/lfs1aip2/projects/u6ex/fbots/frodobots_raw/frodobots_data/output_rides_12/ride_29785_20240411092748/recordings/04991efdd94648476ea953a9aa9b8db5_ride_29785__uid_s_1001__uid_e_video.m3u8,/lus/lfs1aip2/projects/u6ex/fbots/frodobots_raw/frodobots_data/output_rides_12/ride_29785_20240411092748
20240411093337,/lus/lfs1aip2/projects/u6ex/fbots/frodobots_raw/frodobots_data/output_rides_12/ride_29787_20240411093337/recordings/9e196f1b0f4db80370a690a3af60ba41_ride_29787__uid_s_1001__uid_e_video.m3u8,/lus/lfs1aip2/projects/u6ex/fbots/frodobots_raw/frodobots_data/output_rides_12/ride_29787_20240411093337
20240411094101,/lus/lfs1aip2/projects/u6ex/fbots/frodobots_raw/frodobots_data/output_rides_12/ride_29791_20240411094101/recordings/c800067b634bfa45ec2221bcaf214ff6_ride_29791__uid_s_1001__uid_e_video.m3u8,/lus/lfs1aip2/projects/u6ex/fbots/frodobots_raw/frodobots_data/output_rides_12/ride_29791_20240411094101
20240411100350,/lus/lfs1aip2/projects/u6ex/fbots/frodobots_raw/frodobots_data/output_rides_12/ride_29798_20240411100350/recordings/954f6adf4c475569e8e7c7994885cbd1_ride_29798__uid_s_1001__uid_e_video.m3u8,/lus/lfs1aip2/projects/u6ex/fbots/frodobots_raw/frodobots_data/output_rides_12/ride_29798_20240411100350
20240411102209,/lus/lfs1aip2/projects/u6ex/fbots/frodobots_raw/frodobots_data/output_rides_12/ride_29800_20240411102209/recordings/fa633a6a744d7158a8eddab4d2ba4bfd_ride_29800__uid_s_1001__uid_e_video.m3u8,/lus/lfs1aip2/projects/u6ex/fbots/frodobots_raw/frodobots_data/output_rides_12/ride_29800_20240411102209
20240411104459,/lus/lfs1aip2/projects/u6ex/fbots/frodobots_raw/frodobots_data/output_rides_12/ride_29807_20240411104459/recordings/6ae349487b42411ba4f8758f6c7e5dcb_ride_29807__uid_s_1001__uid_e_video.m3u8,/lus/lfs1aip2/projects/u6ex/fbots/frodobots_raw/frodobots_data/output_rides_12/ride_29807_20240411104459
20240411105510,/lus/lfs1aip2/projects/u6ex/fbots/frodobots_raw/frodobots_data/output_rides_12/ride_29809_20240411105510/recordings/05479636a94a4a4a701edea2001da54e_ride_29809__uid_s_1001__uid_e_video.m3u8,/lus/lfs1aip2/projects/u6ex/fbots/frodobots_raw/frodobots_data/output_rides_12/ride_29809_20240411105510
20240411110102,/lus/lfs1aip2/projects/u6ex/fbots/frodobots_raw/frodobots_data/output_rides_12/ride_29810_20240411110102/recordings/abc1b0e72f4977bf3b61638fcbcebeef_ride_29810__uid_s_1001__uid_e_video.m3u8,/lus/lfs1aip2/projects/u6ex/fbots/frodobots_raw/frodobots_data/output_rides_12/ride_29810_20240411110102
20240411110607,/lus/lfs1aip2/projects/u6ex/fbots/frodobots_raw/frodobots_data/output_rides_12/ride_29811_20240411110607/recordings/2b1141c36e4ea0da6da2cf8f235d4e9e_ride_29811__uid_s_1001__uid_e_video.m3u8,/lus/lfs1aip2/projects/u6ex/fbots/frodobots_raw/frodobots_data/output_rides_12/ride_29811_20240411110607
20240411111101,/lus/lfs1aip2/projects/u6ex/fbots/frodobots_raw/frodobots_data/output_rides_12/ride_29812_20240411111101/recordings/496c5e2d4742983be5e605806c4cf7c1_ride_29812__uid_s_1001__uid_e_video.m3u8,/lus/lfs1aip2/projects/u6ex/fbots/frodobots_raw/frodobots_data/output_rides_12/ride_29812_20240411111101
20240411111728,/lus/lfs1aip2/projects/u6ex/fbots/frodobots_raw/frodobots_data/output_rides_12/ride_29813_20240411111728/recordings/9cacae3d214b561f3df4beb36bf0f91d_ride_29813__uid_s_1001__uid_e_video.m3u8,/lus/lfs1aip2/projects/u6ex/fbots/frodobots_raw/frodobots_data/output_rides_12/ride_29813_20240411111728
20240411112821,/lus/lfs1aip2/projects/u6ex/fbots/frodobots_raw/frodobots_data/output_rides_12/ride_29814_20240411112821/recordings/56527d4c0a4f3944b6a89eacb8b35062_ride_29814__uid_s_1001__uid_e_video.m3u8,/lus/lfs1aip2/projects/u6ex/fbots/frodobots_raw/frodobots_data/output_rides_12/ride_29814_20240411112821
20240411131716,/lus/lfs1aip2/projects/u6ex/fbots/frodobots_raw/frodobots_data/output_rides_12/ride_29826_20240411131716/recordings/24518d5fe24a279360b450b1d9d7bfc0_ride_29826__uid_s_1001__uid_e_video.m3u8,/lus/lfs1aip2/projects/u6ex/fbots/frodobots_raw/frodobots_data/output_rides_12/ride_29826_20240411131716
20240411132907,/lus/lfs1aip2/projects/u6ex/fbots/frodobots_raw/frodobots_data/output_rides_12/ride_29827_20240411132907/recordings/e173443457490e449520a79faa626b6a_ride_29827__uid_s_1001__uid_e_video.m3u8,/lus/lfs1aip2/projects/u6ex/fbots/frodobots_raw/frodobots_data/output_rides_12/ride_29827_20240411132907
20240411133723,/lus/lfs1aip2/projects/u6ex/fbots/frodobots_raw/frodobots_data/output_rides_12/ride_29828_20240411133723/recordings/e547c3228e4583df133bfeb66bdd941f_ride_29828__uid_s_1001__uid_e_video.m3u8,/lus/lfs1aip2/projects/u6ex/fbots/frodobots_raw/frodobots_data/output_rides_12/ride_29828_20240411133723
20240411134636,/lus/lfs1aip2/projects/u6ex/fbots/frodobots_raw/frodobots_data/output_rides_12/ride_29829_20240411134636/recordings/8331dff20545f6bf1b5778836d153741_ride_29829__uid_s_1001__uid_e_video.m3u8,/lus/lfs1aip2/projects/u6ex/fbots/frodobots_raw/frodobots_data/output_rides_12/ride_29829_20240411134636
20240411140913,/lus/lfs1aip2/projects/u6ex/fbots/frodobots_raw/frodobots_data/output_rides_12/ride_29831_20240411140913/recordings/e463873cfd49798ada4a36849457f44c_ride_29831__uid_s_1001__uid_e_video.m3u8,/lus/lfs1aip2/projects/u6ex/fbots/frodobots_raw/frodobots_data/output_rides_12/ride_29831_20240411140913
20240411141618,/lus/lfs1aip2/projects/u6ex/fbots/frodobots_raw/frodobots_data/output_rides_12/ride_29832_20240411141618/recordings/59f5272f5843c31896ddf8bfef12ac08_ride_29832__uid_s_1001__uid_e_video.m3u8,/lus/lfs1aip2/projects/u6ex/fbots/frodobots_raw/frodobots_data/output_rides_12/ride_29832_20240411141618
20240411144407,/lus/lfs1aip2/projects/u6ex/fbots/frodobots_raw/frodobots_data/output_rides_12/ride_29836_20240411144407/recordings/5a2162248d411953695b1082f4122d86_ride_29836__uid_s_1001__uid_e_video.m3u8,/lus/lfs1aip2/projects/u6ex/fbots/frodobots_raw/frodobots_data/output_rides_12/ride_29836_20240411144407
20240411145720,/lus/lfs1aip2/projects/u6ex/fbots/frodobots_raw/frodobots_data/output_rides_12/ride_29837_20240411145720/recordings/dc2e68c5d24cad64f0c26cb9c882519d_ride_29837__uid_s_1001__uid_e_video.m3u8,/lus/lfs1aip2/projects/u6ex/fbots/frodobots_raw/frodobots_data/output_rides_12/ride_29837_20240411145720
20240411150648,/lus/lfs1aip2/projects/u6ex/fbots/frodobots_raw/frodobots_data/output_rides_12/ride_29839_20240411150648/recordings/0d5cf006ea4021d0f43fffa0d51107aa_ride_29839__uid_s_1001__uid_e_video.m3u8,/lus/lfs1aip2/projects/u6ex/fbots/frodobots_raw/frodobots_data/output_rides_12/ride_29839_20240411150648
20240411151643,/lus/lfs1aip2/projects/u6ex/fbots/frodobots_raw/frodobots_data/output_rides_12/ride_29841_20240411151643/recordings/7939e849704e8b5824cd2fa564325857_ride_29841__uid_s_1001__uid_e_video.m3u8,/lus/lfs1aip2/projects/u6ex/fbots/frodobots_raw/frodobots_data/output_rides_12/ride_29841_20240411151643
20240411152358,/lus/lfs1aip2/projects/u6ex/fbots/frodobots_raw/frodobots_data/output_rides_12/ride_29844_20240411152358/recordings/45771b1e824a118e77914ba96ef82844_ride_29844__uid_s_1001__uid_e_video.m3u8,/lus/lfs1aip2/projects/u6ex/fbots/frodobots_raw/frodobots_data/output_rides_12/ride_29844_20240411152358
20240411153950,/lus/lfs1aip2/projects/u6ex/fbots/frodobots_raw/frodobots_data/output_rides_12/ride_29848_20240411153950/recordings/579f8129a04e89ad7e6b1a969e94517c_ride_29848__uid_s_1001__uid_e_video.m3u8,/lus/lfs1aip2/projects/u6ex/fbots/frodobots_raw/frodobots_data/output_rides_12/ride_29848_20240411153950
20240411154932,/lus/lfs1aip2/projects/u6ex/fbots/frodobots_raw/frodobots_data/output_rides_12/ride_29849_20240411154932/recordings/a0e5d420064157f4de9bfcbc8f0a5b08_ride_29849__uid_s_1001__uid_e_video.m3u8,/lus/lfs1aip2/projects/u6ex/fbots/frodobots_raw/frodobots_data/output_rides_12/ride_29849_20240411154932
20240411160659,/lus/lfs1aip2/projects/u6ex/fbots/frodobots_raw/frodobots_data/output_rides_12/ride_29858_20240411160659/recordings/ef709a379643cd3166c8c48a801edd02_ride_29858__uid_s_1001__uid_e_video.m3u8,/lus/lfs1aip2/projects/u6ex/fbots/frodobots_raw/frodobots_data/output_rides_12/ride_29858_20240411160659
20240411161804,/lus/lfs1aip2/projects/u6ex/fbots/frodobots_raw/frodobots_data/output_rides_12/ride_29859_20240411161804/recordings/554f691be146a318fa1bce88ab6ceccb_ride_29859__uid_s_1001__uid_e_video.m3u8,/lus/lfs1aip2/projects/u6ex/fbots/frodobots_raw/frodobots_data/output_rides_12/ride_29859_20240411161804
20240411162636,/lus/lfs1aip2/projects/u6ex/fbots/frodobots_raw/frodobots_data/output_rides_12/ride_29860_20240411162636/recordings/d5636454214aa7f1183a42927023935b_ride_29860__uid_s_1001__uid_e_video.m3u8,/lus/lfs1aip2/projects/u6ex/fbots/frodobots_raw/frodobots_data/output_rides_12/ride_29860_20240411162636
20240411164937,/lus/lfs1aip2/projects/u6ex/fbots/frodobots_raw/frodobots_data/output_rides_12/ride_29863_20240411164937/recordings/fbbe9da07447bfdb2e932ea4002ce9bd_ride_29863__uid_s_1001__uid_e_video.m3u8,/lus/lfs1aip2/projects/u6ex/fbots/frodobots_raw/frodobots_data/output_rides_12/ride_29863_20240411164937
20240411170119,/lus/lfs1aip2/projects/u6ex/fbots/frodobots_raw/frodobots_data/output_rides_12/ride_29864_20240411170119/recordings/11781049824be286ac8ca9a689fecd74_ride_29864__uid_s_1001__uid_e_video.m3u8,/lus/lfs1aip2/projects/u6ex/fbots/frodobots_raw/frodobots_data/output_rides_12/ride_29864_20240411170119
20240411170854,/lus/lfs1aip2/projects/u6ex/fbots/frodobots_raw/frodobots_data/output_rides_12/ride_29866_20240411170854/recordings/8fa0d53c4d41672e7d3b1985dbec250c_ride_29866__uid_s_1001__uid_e_video.m3u8,/lus/lfs1aip2/projects/u6ex/fbots/frodobots_raw/frodobots_data/output_rides_12/ride_29866_20240411170854
20240411171948,/lus/lfs1aip2/projects/u6ex/fbots/frodobots_raw/frodobots_data/output_rides_12/ride_29868_20240411171948/recordings/70e99627824847009a0b54b3ab7fe255_ride_29868__uid_s_1001__uid_e_video.m3u8,/lus/lfs1aip2/projects/u6ex/fbots/frodobots_raw/frodobots_data/output_rides_12/ride_29868_20240411171948
20240411172750,/lus/lfs1aip2/projects/u6ex/fbots/frodobots_raw/frodobots_data/output_rides_12/ride_29871_20240411172750/recordings/b3a39e933245e79d5f83c488a1468eba_ride_29871__uid_s_1001__uid_e_video.m3u8,/lus/lfs1aip2/projects/u6ex/fbots/frodobots_raw/frodobots_data/output_rides_12/ride_29871_20240411172750
20240411174040,/lus/lfs1aip2/projects/u6ex/fbots/frodobots_raw/frodobots_data/output_rides_12/ride_29876_20240411174040/recordings/502bb477784e73d4074dd0896eb2a1f0_ride_29876__uid_s_1001__uid_e_video.m3u8,/lus/lfs1aip2/projects/u6ex/fbots/frodobots_raw/frodobots_data/output_rides_12/ride_29876_20240411174040
20240411174458,/lus/lfs1aip2/projects/u6ex/fbots/frodobots_raw/frodobots_data/output_rides_12/ride_29878_20240411174458/recordings/601acfacae4c244ef0d2c9be662f5c70_ride_29878__uid_s_1001__uid_e_video.m3u8,/lus/lfs1aip2/projects/u6ex/fbots/frodobots_raw/frodobots_data/output_rides_12/ride_29878_20240411174458
20240411174838,/lus/lfs1aip2/projects/u6ex/fbots/frodobots_raw/frodobots_data/output_rides_12/ride_29881_20240411174838/recordings/25a30e0bd84e1896e80167bbb0bf72d0_ride_29881__uid_s_1001__uid_e_video.m3u8,/lus/lfs1aip2/projects/u6ex/fbots/frodobots_raw/frodobots_data/output_rides_12/ride_29881_20240411174838
20240411180141,/lus/lfs1aip2/projects/u6ex/fbots/frodobots_raw/frodobots_data/output_rides_12/ride_29884_20240411180141/recordings/5e51e1e38d4bec95cc40279c0094836c_ride_29884__uid_s_1001__uid_e_video.m3u8,/lus/lfs1aip2/projects/u6ex/fbots/frodobots_raw/frodobots_data/output_rides_12/ride_29884_20240411180141
20240412073903,/lus/lfs1aip2/projects/u6ex/fbots/frodobots_raw/frodobots_data/output_rides_12/ride_30107_20240412073903/recordings/747f7476544fd8f4b7aa2e91fa124cc0_ride_30107__uid_s_1001__uid_e_video.m3u8,/lus/lfs1aip2/projects/u6ex/fbots/frodobots_raw/frodobots_data/output_rides_12/ride_30107_20240412073903
20240412081529,/lus/lfs1aip2/projects/u6ex/fbots/frodobots_raw/frodobots_data/output_rides_12/ride_30129_20240412081529/recordings/00e25026c340ca6562e7a29293bad11d_ride_30129__uid_s_1001__uid_e_video.m3u8,/lus/lfs1aip2/projects/u6ex/fbots/frodobots_raw/frodobots_data/output_rides_12/ride_30129_20240412081529
20240412082308,/lus/lfs1aip2/projects/u6ex/fbots/frodobots_raw/frodobots_data/output_rides_12/ride_30132_20240412082308/recordings/bf579b978949e51f56a153a8b54001d1_ride_30132__uid_s_1001__uid_e_video.m3u8,/lus/lfs1aip2/projects/u6ex/fbots/frodobots_raw/frodobots_data/output_rides_12/ride_30132_20240412082308
20240412091708,/lus/lfs1aip2/projects/u6ex/fbots/frodobots_raw/frodobots_data/output_rides_12/ride_30149_20240412091708/recordings/1a1f7aa41a433be228f82fa65b1bb200_ride_30149__uid_s_1001__uid_e_video.m3u8,/lus/lfs1aip2/projects/u6ex/fbots/frodobots_raw/frodobots_data/output_rides_12/ride_30149_20240412091708
20240412092350,/lus/lfs1aip2/projects/u6ex/fbots/frodobots_raw/frodobots_data/output_rides_12/ride_30152_20240412092350/recordings/cd803ea25b467d1b4233feb953d4b476_ride_30152__uid_s_1001__uid_e_video.m3u8,/lus/lfs1aip2/projects/u6ex/fbots/frodobots_raw/frodobots_data/output_rides_12/ride_30152_20240412092350
20240412092617,/lus/lfs1aip2/projects/u6ex/fbots/frodobots_raw/frodobots_data/output_rides_12/ride_30153_20240412092617/recordings/12d321514b4186130b4306a329f17a10_ride_30153__uid_s_1001__uid_e_video.m3u8,/lus/lfs1aip2/projects/u6ex/fbots/frodobots_raw/frodobots_data/output_rides_12/ride_30153_20240412092617
20240416074705,/lus/lfs1aip2/projects/u6ex/fbots/frodobots_raw/frodobots_data/output_rides_14/ride_31358_20240416074705/recordings/2e08aa5abf42a8d30a921fa4db35a54d_ride_31358__uid_s_1001__uid_e_video.m3u8,/lus/lfs1aip2/projects/u6ex/fbots/frodobots_raw/frodobots_data/output_rides_14/ride_31358_20240416074705
20240416075220,/lus/lfs1aip2/projects/u6ex/fbots/frodobots_raw/frodobots_data/output_rides_14/ride_31359_20240416075220/recordings/2ed8e5eb254e892c802045bbbbef752c_ride_31359__uid_s_1001__uid_e_video.m3u8,/lus/lfs1aip2/projects/u6ex/fbots/frodobots_raw/frodobots_data/output_rides_14/ride_31359_20240416075220
20240416081731,/lus/lfs1aip2/projects/u6ex/fbots/frodobots_raw/frodobots_data/output_rides_14/ride_31370_20240416081731/recordings/1ea74d60c64863ee54e133b22075afba_ride_31370__uid_s_1001__uid_e_video.m3u8,/lus/lfs1aip2/projects/u6ex/fbots/frodobots_raw/frodobots_data/output_rides_14/ride_31370_20240416081731
20240416090812,/lus/lfs1aip2/projects/u6ex/fbots/frodobots_raw/frodobots_data/output_rides_14/ride_31377_20240416090812/recordings/6f82da1c73419b0a3d61bd9eca542b41_ride_31377__uid_s_1001__uid_e_video.m3u8,/lus/lfs1aip2/projects/u6ex/fbots/frodobots_raw/frodobots_data/output_rides_14/ride_31377_20240416090812
20240416095316,/lus/lfs1aip2/projects/u6ex/fbots/frodobots_raw/frodobots_data/output_rides_14/ride_31385_20240416095316/recordings/727580cb304f906e8319be9c29574cb0_ride_31385__uid_s_1001__uid_e_video.m3u8,/lus/lfs1aip2/projects/u6ex/fbots/frodobots_raw/frodobots_data/output_rides_14/ride_31385_20240416095316
20240416104537,/lus/lfs1aip2/projects/u6ex/fbots/frodobots_raw/frodobots_data/output_rides_14/ride_31395_20240416104537/recordings/2542701c8546141ff8a780a792e5540f_ride_31395__uid_s_1001__uid_e_video.m3u8,/lus/lfs1aip2/projects/u6ex/fbots/frodobots_raw/frodobots_data/output_rides_14/ride_31395_20240416104537
20240416105126,/lus/lfs1aip2/projects/u6ex/fbots/frodobots_raw/frodobots_data/output_rides_14/ride_31398_20240416105126/recordings/6f7c78b33149e63018db47b9a249a539_ride_31398__uid_s_1001__uid_e_video.m3u8,/lus/lfs1aip2/projects/u6ex/fbots/frodobots_raw/frodobots_data/output_rides_14/ride_31398_20240416105126
20240416110156,/lus/lfs1aip2/projects/u6ex/fbots/frodobots_raw/frodobots_data/output_rides_14/ride_31400_20240416110156/recordings/e09adc0fc74aff2535e44ca161129517_ride_31400__uid_s_1001__uid_e_video.m3u8,/lus/lfs1aip2/projects/u6ex/fbots/frodobots_raw/frodobots_data/output_rides_14/ride_31400_20240416110156
20240416112554,/lus/lfs1aip2/projects/u6ex/fbots/frodobots_raw/frodobots_data/output_rides_14/ride_31407_20240416112554/recordings/bbb5bb1ea740209892f630917208fab7_ride_31407__uid_s_1001__uid_e_video.m3u8,/lus/lfs1aip2/projects/u6ex/fbots/frodobots_raw/frodobots_data/output_rides_14/ride_31407_20240416112554
20240416114238,/lus/lfs1aip2/projects/u6ex/fbots/frodobots_raw/frodobots_data/output_rides_14/ride_31409_20240416114238/recordings/02ea9500b84357e30c4222ab0664d2c1_ride_31409__uid_s_1001__uid_e_video.m3u8,/lus/lfs1aip2/projects/u6ex/fbots/frodobots_raw/frodobots_data/output_rides_14/ride_31409_20240416114238
20240416115030,/lus/lfs1aip2/projects/u6ex/fbots/frodobots_raw/frodobots_data/output_rides_14/ride_31411_20240416115030/recordings/785b729c664362cdf924b98329254627_ride_31411__uid_s_1001__uid_e_video.m3u8,/lus/lfs1aip2/projects/u6ex/fbots/frodobots_raw/frodobots_data/output_rides_14/ride_31411_20240416115030
20240416120443,/lus/lfs1aip2/projects/u6ex/fbots/frodobots_raw/frodobots_data/output_rides_14/ride_31415_20240416120443/recordings/a2ce3e281b46b4ccce590dabf4941d34_ride_31415__uid_s_1001__uid_e_video.m3u8,/lus/lfs1aip2/projects/u6ex/fbots/frodobots_raw/frodobots_data/output_rides_14/ride_31415_20240416120443
20240417081702,/lus/lfs1aip2/projects/u6ex/fbots/frodobots_raw/frodobots_data/output_rides_14/ride_31807_20240417081702/recordings/45aaf23da944887f479e9396c5f9ad41_ride_31807__uid_s_1001__uid_e_video.m3u8,/lus/lfs1aip2/projects/u6ex/fbots/frodobots_raw/frodobots_data/output_rides_14/ride_31807_20240417081702
20240417083925,/lus/lfs1aip2/projects/u6ex/fbots/frodobots_raw/frodobots_data/output_rides_14/ride_31819_20240417083925/recordings/f5b404c4b448ce4c8e7444a161b19e37_ride_31819__uid_s_1001__uid_e_video.m3u8,/lus/lfs1aip2/projects/u6ex/fbots/frodobots_raw/frodobots_data/output_rides_14/ride_31819_20240417083925
20240417085134,/lus/lfs1aip2/projects/u6ex/fbots/frodobots_raw/frodobots_data/output_rides_14/ride_31824_20240417085134/recordings/b73ed452084367785415dfa6f13e203a_ride_31824__uid_s_1001__uid_e_video.m3u8,/lus/lfs1aip2/projects/u6ex/fbots/frodobots_raw/frodobots_data/output_rides_14/ride_31824_20240417085134
20240417090910,/lus/lfs1aip2/projects/u6ex/fbots/frodobots_raw/frodobots_data/output_rides_14/ride_31832_20240417090910/recordings/a345ef31e0493938b0e30e90ed9572b9_ride_31832__uid_s_1001__uid_e_video.m3u8,/lus/lfs1aip2/projects/u6ex/fbots/frodobots_raw/frodobots_data/output_rides_14/ride_31832_20240417090910
20240417092801,/lus/lfs1aip2/projects/u6ex/fbots/frodobots_raw/frodobots_data/output_rides_14/ride_31839_20240417092801/recordings/b1c4e1a8c44429307261b39c8a232cda_ride_31839__uid_s_1001__uid_e_video.m3u8,/lus/lfs1aip2/projects/u6ex/fbots/frodobots_raw/frodobots_data/output_rides_14/ride_31839_20240417092801
20240417093408,/lus/lfs1aip2/projects/u6ex/fbots/frodobots_raw/frodobots_data/output_rides_14/ride_31842_20240417093408/recordings/d5899d889443ea6ebf8611b72310283e_ride_31842__uid_s_1001__uid_e_video.m3u8,/lus/lfs1aip2/projects/u6ex/fbots/frodobots_raw/frodobots_data/output_rides_14/ride_31842_20240417093408
20240417094704,/lus/lfs1aip2/projects/u6ex/fbots/frodobots_raw/frodobots_data/output_rides_14/ride_31844_20240417094704/recordings/88a551296942193988cba4bda3a57208_ride_31844__uid_s_1001__uid_e_video.m3u8,/lus/lfs1aip2/projects/u6ex/fbots/frodobots_raw/frodobots_data/output_rides_14/ride_31844_20240417094704
20240417114030,/lus/lfs1aip2/projects/u6ex/fbots/frodobots_raw/frodobots_data/output_rides_14/ride_31865_20240417114030/recordings/26ba9d261c433101cfdc82b5f8c551b1_ride_31865__uid_s_1001__uid_e_video.m3u8,/lus/lfs1aip2/projects/u6ex/fbots/frodobots_raw/frodobots_data/output_rides_14/ride_31865_20240417114030
20240417114636,/lus/lfs1aip2/projects/u6ex/fbots/frodobots_raw/frodobots_data/output_rides_14/ride_31866_20240417114636/recordings/ef8114314d4713da2f52a7b8a70af4b3_ride_31866__uid_s_1001__uid_e_video.m3u8,/lus/lfs1aip2/projects/u6ex/fbots/frodobots_raw/frodobots_data/output_rides_14/ride_31866_20240417114636
20240417120904,/lus/lfs1aip2/projects/u6ex/fbots/frodobots_raw/frodobots_data/output_rides_14/ride_31879_20240417120904/recordings/58dbaf3c9349271c06f64cb322a62180_ride_31879__uid_s_1001__uid_e_video.m3u8,/lus/lfs1aip2/projects/u6ex/fbots/frodobots_raw/frodobots_data/output_rides_14/ride_31879_20240417120904
20240417121604,/lus/lfs1aip2/projects/u6ex/fbots/frodobots_raw/frodobots_data/output_rides_14/ride_31883_20240417121604/recordings/8dd6e2d3e5420ee2bd6d10b47758feb5_ride_31883__uid_s_1001__uid_e_video.m3u8,/lus/lfs1aip2/projects/u6ex/fbots/frodobots_raw/frodobots_data/output_rides_14/ride_31883_20240417121604
20240417122557,/lus/lfs1aip2/projects/u6ex/fbots/frodobots_raw/frodobots_data/output_rides_14/ride_31887_20240417122557/recordings/9047b154f64fe90fb16af6b8dd98939c_ride_31887__uid_s_1001__uid_e_video.m3u8,/lus/lfs1aip2/projects/u6ex/fbots/frodobots_raw/frodobots_data/output_rides_14/ride_31887_20240417122557
20240418074247,/lus/lfs1aip2/projects/u6ex/fbots/frodobots_raw/frodobots_data/output_rides_15/ride_32205_20240418074247/recordings/7f79d9a7d14c0a1c272d8ca3a5f4e745_ride_32205__uid_s_1001__uid_e_video.m3u8,/lus/lfs1aip2/projects/u6ex/fbots/frodobots_raw/frodobots_data/output_rides_15/ride_32205_20240418074247
20240418080327,/lus/lfs1aip2/projects/u6ex/fbots/frodobots_raw/frodobots_data/output_rides_15/ride_32217_20240418080327/recordings/ef889024894aff73743d96b17e296c3f_ride_32217__uid_s_1001__uid_e_video.m3u8,/lus/lfs1aip2/projects/u6ex/fbots/frodobots_raw/frodobots_data/output_rides_15/ride_32217_20240418080327
20240418091002,/lus/lfs1aip2/projects/u6ex/fbots/frodobots_raw/frodobots_data/output_rides_15/ride_32248_20240418091002/recordings/0ce9e7348a46c229a62505a009818938_ride_32248__uid_s_1001__uid_e_video.m3u8,/lus/lfs1aip2/projects/u6ex/fbots/frodobots_raw/frodobots_data/output_rides_15/ride_32248_20240418091002
20240418091717,/lus/lfs1aip2/projects/u6ex/fbots/frodobots_raw/frodobots_data/output_rides_15/ride_32250_20240418091717/recordings/177b349aec42d29827a3fe892fa62134_ride_32250__uid_s_1001__uid_e_video.m3u8,/lus/lfs1aip2/projects/u6ex/fbots/frodobots_raw/frodobots_data/output_rides_15/ride_32250_20240418091717
20240418100148,/lus/lfs1aip2/projects/u6ex/fbots/frodobots_raw/frodobots_data/output_rides_15/ride_32279_20240418100148/recordings/4ec543248c4b4d4527c706bd09a3fd96_ride_32279__uid_s_1001__uid_e_video.m3u8,/lus/lfs1aip2/projects/u6ex/fbots/frodobots_raw/frodobots_data/output_rides_15/ride_32279_20240418100148
20240418103858,/lus/lfs1aip2/projects/u6ex/fbots/frodobots_raw/frodobots_data/output_rides_15/ride_32296_20240418103858/recordings/01b7bbfc054936253b7350ac402dadd6_ride_32296__uid_s_1001__uid_e_video.m3u8,/lus/lfs1aip2/projects/u6ex/fbots/frodobots_raw/frodobots_data/output_rides_15/ride_32296_20240418103858
20240418105707,/lus/lfs1aip2/projects/u6ex/fbots/frodobots_raw/frodobots_data/output_rides_15/ride_32305_20240418105707/recordings/ee84b99f1242f54533448c8884839840_ride_32305__uid_s_1001__uid_e_video.m3u8,/lus/lfs1aip2/projects/u6ex/fbots/frodobots_raw/frodobots_data/output_rides_15/ride_32305_20240418105707
20240418110426,/lus/lfs1aip2/projects/u6ex/fbots/frodobots_raw/frodobots_data/output_rides_15/ride_32311_20240418110426/recordings/ae52e36ebd44dcaecd093c8fdc45c30a_ride_32311__uid_s_1001__uid_e_video.m3u8,/lus/lfs1aip2/projects/u6ex/fbots/frodobots_raw/frodobots_data/output_rides_15/ride_32311_20240418110426
20240418112326,/lus/lfs1aip2/projects/u6ex/fbots/frodobots_raw/frodobots_data/output_rides_15/ride_32320_20240418112326/recordings/8cb1775ddc45da7ea08e6e9643967b36_ride_32320__uid_s_1001__uid_e_video.m3u8,/lus/lfs1aip2/projects/u6ex/fbots/frodobots_raw/frodobots_data/output_rides_15/ride_32320_20240418112326
20240418114050,/lus/lfs1aip2/projects/u6ex/fbots/frodobots_raw/frodobots_data/output_rides_15/ride_32326_20240418114050/recordings/03e90b7d5940fe0e15bdd1956cd5c747_ride_32326__uid_s_1001__uid_e_video.m3u8,/lus/lfs1aip2/projects/u6ex/fbots/frodobots_raw/frodobots_data/output_rides_15/ride_32326_20240418114050
20240418115115,/lus/lfs1aip2/projects/u6ex/fbots/frodobots_raw/frodobots_data/output_rides_15/ride_32330_20240418115115/recordings/bc6ab6a47145506152091eb266b49beb_ride_32330__uid_s_1001__uid_e_video.m3u8,/lus/lfs1aip2/projects/u6ex/fbots/frodobots_raw/frodobots_data/output_rides_15/ride_32330_20240418115115
20240418115354,/lus/lfs1aip2/projects/u6ex/fbots/frodobots_raw/frodobots_data/output_rides_15/ride_32333_20240418115354/recordings/0b0ca437744efdcf223ee68ca021e27d_ride_32333__uid_s_1001__uid_e_video.m3u8,/lus/lfs1aip2/projects/u6ex/fbots/frodobots_raw/frodobots_data/output_rides_15/ride_32333_20240418115354
20240419074216,/lus/lfs1aip2/projects/u6ex/fbots/frodobots_raw/frodobots_data/output_rides_15/ride_32737_20240419074216/recordings/dd04894b794b3cc9c0d8be9988eb4aa6_ride_32737__uid_s_1001__uid_e_video.m3u8,/lus/lfs1aip2/projects/u6ex/fbots/frodobots_raw/frodobots_data/output_rides_15/ride_32737_20240419074216
20240419085357,/lus/lfs1aip2/projects/u6ex/fbots/frodobots_raw/frodobots_data/output_rides_15/ride_32769_20240419085357/recordings/d0ae95453247e239cab26cacf26bfe8d_ride_32769__uid_s_1001__uid_e_video.m3u8,/lus/lfs1aip2/projects/u6ex/fbots/frodobots_raw/frodobots_data/output_rides_15/ride_32769_20240419085357
20240419092103,/lus/lfs1aip2/projects/u6ex/fbots/frodobots_raw/frodobots_data/output_rides_15/ride_32780_20240419092103/recordings/b0317469064d9e2c30075ea8f9cd193c_ride_32780__uid_s_1001__uid_e_video.m3u8,/lus/lfs1aip2/projects/u6ex/fbots/frodobots_raw/frodobots_data/output_rides_15/ride_32780_20240419092103
20240419093708,/lus/lfs1aip2/projects/u6ex/fbots/frodobots_raw/frodobots_data/output_rides_15/ride_32788_20240419093708/recordings/f5df5a1e324fc981b1e0a69122e69e71_ride_32788__uid_s_1001__uid_e_video.m3u8,/lus/lfs1aip2/projects/u6ex/fbots/frodobots_raw/frodobots_data/output_rides_15/ride_32788_20240419093708
20240419094929,/lus/lfs1aip2/projects/u6ex/fbots/frodobots_raw/frodobots_data/output_rides_15/ride_32799_20240419094929/recordings/ad548b45354b1915c8a3939a1ee0e5d9_ride_32799__uid_s_1001__uid_e_video.m3u8,/lus/lfs1aip2/projects/u6ex/fbots/frodobots_raw/frodobots_data/output_rides_15/ride_32799_20240419094929
20240419101753,/lus/lfs1aip2/projects/u6ex/fbots/frodobots_raw/frodobots_data/output_rides_15/ride_32816_20240419101753/recordings/c1273d2d854e60d27f757482dc8fa9a0_ride_32816__uid_s_1001__uid_e_video.m3u8,/lus/lfs1aip2/projects/u6ex/fbots/frodobots_raw/frodobots_data/output_rides_15/ride_32816_20240419101753
20240422075720,/lus/lfs1aip2/projects/u6ex/fbots/frodobots_raw/frodobots_data/output_rides_17/ride_34176_20240422075720/recordings/a96dd766814fb16df5c71498d5aa6bcf_ride_34176__uid_s_1001__uid_e_video.m3u8,/lus/lfs1aip2/projects/u6ex/fbots/frodobots_raw/frodobots_data/output_rides_17/ride_34176_20240422075720
20240422081812,/lus/lfs1aip2/projects/u6ex/fbots/frodobots_raw/frodobots_data/output_rides_17/ride_34185_20240422081812/recordings/e80a24ded24f6998210eab938c301cf8_ride_34185__uid_s_1001__uid_e_video.m3u8,/lus/lfs1aip2/projects/u6ex/fbots/frodobots_raw/frodobots_data/output_rides_17/ride_34185_20240422081812
20240422111359,/lus/lfs1aip2/projects/u6ex/fbots/frodobots_raw/frodobots_data/output_rides_17/ride_34251_20240422111359/recordings/4fb979b6154563bf395b8c8bdaa3271b_ride_34251__uid_s_1001__uid_e_video.m3u8,/lus/lfs1aip2/projects/u6ex/fbots/frodobots_raw/frodobots_data/output_rides_17/ride_34251_20240422111359
20240422112340,/lus/lfs1aip2/projects/u6ex/fbots/frodobots_raw/frodobots_data/output_rides_17/ride_34257_20240422112340/recordings/5c51297c8e484f56bb811d9425abb6e2_ride_34257__uid_s_1001__uid_e_video.m3u8,/lus/lfs1aip2/projects/u6ex/fbots/frodobots_raw/frodobots_data/output_rides_17/ride_34257_20240422112340
20240422114422,/lus/lfs1aip2/projects/u6ex/fbots/frodobots_raw/frodobots_data/output_rides_17/ride_34268_20240422114422/recordings/0be5f168fc43ae81b09f37b7688567a8_ride_34268__uid_s_1001__uid_e_video.m3u8,/lus/lfs1aip2/projects/u6ex/fbots/frodobots_raw/frodobots_data/output_rides_17/ride_34268_20240422114422
20240422120247,/lus/lfs1aip2/projects/u6ex/fbots/frodobots_raw/frodobots_data/output_rides_17/ride_34274_20240422120247/recordings/343b64c861401e15a1d35da19cfd7de3_ride_34274__uid_s_1001__uid_e_video.m3u8,/lus/lfs1aip2/projects/u6ex/fbots/frodobots_raw/frodobots_data/output_rides_17/ride_34274_20240422120247
20240422121937,/lus/lfs1aip2/projects/u6ex/fbots/frodobots_raw/frodobots_data/output_rides_17/ride_34281_20240422121937/recordings/796c7005f8440e4d6d92599d430525dd_ride_34281__uid_s_1001__uid_e_video.m3u8,/lus/lfs1aip2/projects/u6ex/fbots/frodobots_raw/frodobots_data/output_rides_17/ride_34281_20240422121937
20240422122823,/lus/lfs1aip2/projects/u6ex/fbots/frodobots_raw/frodobots_data/output_rides_17/ride_34287_20240422122823/recordings/5346905d984d2f16a96470a4fd376f04_ride_34287__uid_s_1001__uid_e_video.m3u8,/lus/lfs1aip2/projects/u6ex/fbots/frodobots_raw/frodobots_data/output_rides_17/ride_34287_20240422122823
20240423075510,/lus/lfs1aip2/projects/u6ex/fbots/frodobots_raw/frodobots_data/output_rides_17/ride_34706_20240423075510/recordings/461959055f4b8c210e76a2a5680106e0_ride_34706__uid_s_1001__uid_e_video.m3u8,/lus/lfs1aip2/projects/u6ex/fbots/frodobots_raw/frodobots_data/output_rides_17/ride_34706_20240423075510
20240423093132,/lus/lfs1aip2/projects/u6ex/fbots/frodobots_raw/frodobots_data/output_rides_17/ride_34770_20240423093132/recordings/e66c9ca8f54c810460d2969738799257_ride_34770__uid_s_1001__uid_e_video.m3u8,/lus/lfs1aip2/projects/u6ex/fbots/frodobots_raw/frodobots_data/output_rides_17/ride_34770_20240423093132
20240423094210,/lus/lfs1aip2/projects/u6ex/fbots/frodobots_raw/frodobots_data/output_rides_17/ride_34777_20240423094210/recordings/1c30bbe33c4eca5bb6f1f0b246796396_ride_34777__uid_s_1001__uid_e_video.m3u8,/lus/lfs1aip2/projects/u6ex/fbots/frodobots_raw/frodobots_data/output_rides_17/ride_34777_20240423094210
20240423095536,/lus/lfs1aip2/projects/u6ex/fbots/frodobots_raw/frodobots_data/output_rides_17/ride_34783_20240423095536/recordings/f0a34d327642f691d8eab3aa6373654a_ride_34783__uid_s_1001__uid_e_video.m3u8,/lus/lfs1aip2/projects/u6ex/fbots/frodobots_raw/frodobots_data/output_rides_17/ride_34783_20240423095536
20240423103558,/lus/lfs1aip2/projects/u6ex/fbots/frodobots_raw/frodobots_data/output_rides_17/ride_34792_20240423103558/recordings/ff6faa22994d77ada83ac09f8065ee1f_ride_34792__uid_s_1001__uid_e_video.m3u8,/lus/lfs1aip2/projects/u6ex/fbots/frodobots_raw/frodobots_data/output_rides_17/ride_34792_20240423103558
20240423105251,/lus/lfs1aip2/projects/u6ex/fbots/frodobots_raw/frodobots_data/output_rides_17/ride_34801_20240423105251/recordings/ddfa014415452ac8d51591b6f1c962c5_ride_34801__uid_s_1001__uid_e_video.m3u8,/lus/lfs1aip2/projects/u6ex/fbots/frodobots_raw/frodobots_data/output_rides_17/ride_34801_20240423105251
20240423105420,/lus/lfs1aip2/projects/u6ex/fbots/frodobots_raw/frodobots_data/output_rides_17/ride_34803_20240423105420/recordings/7a475aee8643d9832c605ca66c72d079_ride_34803__uid_s_1001__uid_e_video.m3u8,/lus/lfs1aip2/projects/u6ex/fbots/frodobots_raw/frodobots_data/output_rides_17/ride_34803_20240423105420
20240423115432,/lus/lfs1aip2/projects/u6ex/fbots/frodobots_raw/frodobots_data/output_rides_17/ride_34829_20240423115432/recordings/002317bdfc4044d5235a03a03f8a34e2_ride_34829__uid_s_1001__uid_e_video.m3u8,/lus/lfs1aip2/projects/u6ex/fbots/frodobots_raw/frodobots_data/output_rides_17/ride_34829_20240423115432
20240424073442,/lus/lfs1aip2/projects/u6ex/fbots/frodobots_raw/frodobots_data/output_rides_18/ride_35252_20240424073442/recordings/b9be74b2df465c3ef1fcf6b2cf2315d8_ride_35252__uid_s_1001__uid_e_video.m3u8,/lus/lfs1aip2/projects/u6ex/fbots/frodobots_raw/frodobots_data/output_rides_18/ride_35252_20240424073442
20240424074353,/lus/lfs1aip2/projects/u6ex/fbots/frodobots_raw/frodobots_data/output_rides_18/ride_35257_20240424074353/recordings/c1c0ec328b47bfa8d80b478860388443_ride_35257__uid_s_1001__uid_e_video.m3u8,/lus/lfs1aip2/projects/u6ex/fbots/frodobots_raw/frodobots_data/output_rides_18/ride_35257_20240424074353
20240424082647,/lus/lfs1aip2/projects/u6ex/fbots/frodobots_raw/frodobots_data/output_rides_18/ride_35278_20240424082647/recordings/8d906cbd0848bbaad14925947bfb09d1_ride_35278__uid_s_1001__uid_e_video.m3u8,/lus/lfs1aip2/projects/u6ex/fbots/frodobots_raw/frodobots_data/output_rides_18/ride_35278_20240424082647
20240424090312,/lus/lfs1aip2/projects/u6ex/fbots/frodobots_raw/frodobots_data/output_rides_18/ride_35298_20240424090312/recordings/97ee649a5f4161aa5c7c8fb822a35c3d_ride_35298__uid_s_1001__uid_e_video.m3u8,/lus/lfs1aip2/projects/u6ex/fbots/frodobots_raw/frodobots_data/output_rides_18/ride_35298_20240424090312
20240424092714,/lus/lfs1aip2/projects/u6ex/fbots/frodobots_raw/frodobots_data/output_rides_18/ride_35320_20240424092714/recordings/c999676f2d4265ad7bfdceb9035d6250_ride_35320__uid_s_1001__uid_e_video.m3u8,/lus/lfs1aip2/projects/u6ex/fbots/frodobots_raw/frodobots_data/output_rides_18/ride_35320_20240424092714
20240424095030,/lus/lfs1aip2/projects/u6ex/fbots/frodobots_raw/frodobots_data/output_rides_18/ride_35332_20240424095030/recordings/8f61c51e414746ad574f73b2499f0a06_ride_35332__uid_s_1001__uid_e_video.m3u8,/lus/lfs1aip2/projects/u6ex/fbots/frodobots_raw/frodobots_data/output_rides_18/ride_35332_20240424095030
20240424112021,/lus/lfs1aip2/projects/u6ex/fbots/frodobots_raw/frodobots_data/output_rides_18/ride_35382_20240424112021/recordings/a6555988f246f1bad7cbaaa16631c768_ride_35382__uid_s_1001__uid_e_video.m3u8,/lus/lfs1aip2/projects/u6ex/fbots/frodobots_raw/frodobots_data/output_rides_18/ride_35382_20240424112021
20240424112625,/lus/lfs1aip2/projects/u6ex/fbots/frodobots_raw/frodobots_data/output_rides_18/ride_35387_20240424112625/recordings/24ff31ff85441ed4768cc7b32d542342_ride_35387__uid_s_1001__uid_e_video.m3u8,/lus/lfs1aip2/projects/u6ex/fbots/frodobots_raw/frodobots_data/output_rides_18/ride_35387_20240424112625
20240424113333,/lus/lfs1aip2/projects/u6ex/fbots/frodobots_raw/frodobots_data/output_rides_18/ride_35392_20240424113333/recordings/b049bfd7ce44b08286a747b146792d3f_ride_35392__uid_s_1001__uid_e_video.m3u8,/lus/lfs1aip2/projects/u6ex/fbots/frodobots_raw/frodobots_data/output_rides_18/ride_35392_20240424113333
20240424113442,/lus/lfs1aip2/projects/u6ex/fbots/frodobots_raw/frodobots_data/output_rides_18/ride_35393_20240424113442/recordings/f878b65c734823627594628bed5d66a8_ride_35393__uid_s_1001__uid_e_video.m3u8,/lus/lfs1aip2/projects/u6ex/fbots/frodobots_raw/frodobots_data/output_rides_18/ride_35393_20240424113442
20240425073744,/lus/lfs1aip2/projects/u6ex/fbots/frodobots_raw/frodobots_data/output_rides_18/ride_35797_20240425073744/recordings/58ef2923424310aa6c3b93b253548d69_ride_35797__uid_s_1001__uid_e_video.m3u8,/lus/lfs1aip2/projects/u6ex/fbots/frodobots_raw/frodobots_data/output_rides_18/ride_35797_20240425073744
20240425091420,/lus/lfs1aip2/projects/u6ex/fbots/frodobots_raw/frodobots_data/output_rides_18/ride_35832_20240425091420/recordings/cc949f26984310bdb485dea130d61f85_ride_35832__uid_s_1001__uid_e_video.m3u8,/lus/lfs1aip2/projects/u6ex/fbots/frodobots_raw/frodobots_data/output_rides_18/ride_35832_20240425091420
20240425092442,/lus/lfs1aip2/projects/u6ex/fbots/frodobots_raw/frodobots_data/output_rides_18/ride_35839_20240425092442/recordings/36790c01dc455624c01d8e99c08b8225_ride_35839__uid_s_1001__uid_e_video.m3u8,/lus/lfs1aip2/projects/u6ex/fbots/frodobots_raw/frodobots_data/output_rides_18/ride_35839_20240425092442
20240425094114,/lus/lfs1aip2/projects/u6ex/fbots/frodobots_raw/frodobots_data/output_rides_18/ride_35846_20240425094114/recordings/4d33bbad1847545e603ee1a086a99e74_ride_35846__uid_s_1001__uid_e_video.m3u8,/lus/lfs1aip2/projects/u6ex/fbots/frodobots_raw/frodobots_data/output_rides_18/ride_35846_20240425094114
20240425094913,/lus/lfs1aip2/projects/u6ex/fbots/frodobots_raw/frodobots_data/output_rides_18/ride_35852_20240425094913/recordings/d1b7b54c30421da5247d6f94036f95cb_ride_35852__uid_s_1001__uid_e_video.m3u8,/lus/lfs1aip2/projects/u6ex/fbots/frodobots_raw/frodobots_data/output_rides_18/ride_35852_20240425094913
20240425100548,/lus/lfs1aip2/projects/u6ex/fbots/frodobots_raw/frodobots_data/output_rides_18/ride_35862_20240425100548/recordings/e1a05a6106428b42caccab846aa16e3e_ride_35862__uid_s_1001__uid_e_video.m3u8,/lus/lfs1aip2/projects/u6ex/fbots/frodobots_raw/frodobots_data/output_rides_18/ride_35862_20240425100548
20240425102125,/lus/lfs1aip2/projects/u6ex/fbots/frodobots_raw/frodobots_data/output_rides_18/ride_35873_20240425102125/recordings/fdea463aa14d1878971ca5b20552b75b_ride_35873__uid_s_1001__uid_e_video.m3u8,/lus/lfs1aip2/projects/u6ex/fbots/frodobots_raw/frodobots_data/output_rides_18/ride_35873_20240425102125
20240425103207,/lus/lfs1aip2/projects/u6ex/fbots/frodobots_raw/frodobots_data/output_rides_18/ride_35875_20240425103207/recordings/766c17dd9d4851158bed42a781d3d4f9_ride_35875__uid_s_1001__uid_e_video.m3u8,/lus/lfs1aip2/projects/u6ex/fbots/frodobots_raw/frodobots_data/output_rides_18/ride_35875_20240425103207
20240425103947,/lus/lfs1aip2/projects/u6ex/fbots/frodobots_raw/frodobots_data/output_rides_18/ride_35878_20240425103947/recordings/ebcb8f988d4e968abcb7fbbb8ac6f4ba_ride_35878__uid_s_1001__uid_e_video.m3u8,/lus/lfs1aip2/projects/u6ex/fbots/frodobots_raw/frodobots_data/output_rides_18/ride_35878_20240425103947
20240425104343,/lus/lfs1aip2/projects/u6ex/fbots/frodobots_raw/frodobots_data/output_rides_18/ride_35879_20240425104343/recordings/9b23b91ed9493098836423b0e68d0176_ride_35879__uid_s_1001__uid_e_video.m3u8,/lus/lfs1aip2/projects/u6ex/fbots/frodobots_raw/frodobots_data/output_rides_18/ride_35879_20240425104343
20240425104942,/lus/lfs1aip2/projects/u6ex/fbots/frodobots_raw/frodobots_data/output_rides_18/ride_35882_20240425104942/recordings/67ae944db94e3451e0405bbf1eb2559a_ride_35882__uid_s_1001__uid_e_video.m3u8,/lus/lfs1aip2/projects/u6ex/fbots/frodobots_raw/frodobots_data/output_rides_18/ride_35882_20240425104942
20240425105705,/lus/lfs1aip2/projects/u6ex/fbots/frodobots_raw/frodobots_data/output_rides_18/ride_35884_20240425105705/recordings/548ad6665e436e7cf33ffc84845aca16_ride_35884__uid_s_1001__uid_e_video.m3u8,/lus/lfs1aip2/projects/u6ex/fbots/frodobots_raw/frodobots_data/output_rides_18/ride_35884_20240425105705
20240425110343,/lus/lfs1aip2/projects/u6ex/fbots/frodobots_raw/frodobots_data/output_rides_18/ride_35892_20240425110343/recordings/08c399dfc14fdea8dad738b10678e8cc_ride_35892__uid_s_1001__uid_e_video.m3u8,/lus/lfs1aip2/projects/u6ex/fbots/frodobots_raw/frodobots_data/output_rides_18/ride_35892_20240425110343
20240425111823,/lus/lfs1aip2/projects/u6ex/fbots/frodobots_raw/frodobots_data/output_rides_18/ride_35896_20240425111823/recordings/4813595f5d4b2f27bb4048910c13aa3b_ride_35896__uid_s_1001__uid_e_video.m3u8,/lus/lfs1aip2/projects/u6ex/fbots/frodobots_raw/frodobots_data/output_rides_18/ride_35896_20240425111823
20240425112356,/lus/lfs1aip2/projects/u6ex/fbots/frodobots_raw/frodobots_data/output_rides_18/ride_35899_20240425112356/recordings/1ed943568846df50085087a5b6ab4762_ride_35899__uid_s_1001__uid_e_video.m3u8,/lus/lfs1aip2/projects/u6ex/fbots/frodobots_raw/frodobots_data/output_rides_18/ride_35899_20240425112356
20240425113012,/lus/lfs1aip2/projects/u6ex/fbots/frodobots_raw/frodobots_data/output_rides_18/ride_35903_20240425113012/recordings/f11b9b620c42865514dbe4a7714409aa_ride_35903__uid_s_1001__uid_e_video.m3u8,/lus/lfs1aip2/projects/u6ex/fbots/frodobots_raw/frodobots_data/output_rides_18/ride_35903_20240425113012
20240425113831,/lus/lfs1aip2/projects/u6ex/fbots/frodobots_raw/frodobots_data/output_rides_18/ride_35911_20240425113831/recordings/76d05d637b45fafb63dddea29f156604_ride_35911__uid_s_1001__uid_e_video.m3u8,/lus/lfs1aip2/projects/u6ex/fbots/frodobots_raw/frodobots_data/output_rides_18/ride_35911_20240425113831
20240425114604,/lus/lfs1aip2/projects/u6ex/fbots/frodobots_raw/frodobots_data/output_rides_18/ride_35913_20240425114604/recordings/1f12c5c488424df3f047d1b4ca1e072c_ride_35913__uid_s_1001__uid_e_video.m3u8,/lus/lfs1aip2/projects/u6ex/fbots/frodobots_raw/frodobots_data/output_rides_18/ride_35913_20240425114604
20240425115402,/lus/lfs1aip2/projects/u6ex/fbots/frodobots_raw/frodobots_data/output_rides_18/ride_35918_20240425115402/recordings/f9f220a36f4b1d9df5cabfb53418e296_ride_35918__uid_s_1001__uid_e_video.m3u8,/lus/lfs1aip2/projects/u6ex/fbots/frodobots_raw/frodobots_data/output_rides_18/ride_35918_20240425115402
20240426065157,/lus/lfs1aip2/projects/u6ex/fbots/frodobots_raw/frodobots_data/output_rides_19/ride_36222_20240426065157/recordings/6f963f03ef4b2ba6c2d63bb3ac7f3db9_ride_36222__uid_s_1001__uid_e_video.m3u8,/lus/lfs1aip2/projects/u6ex/fbots/frodobots_raw/frodobots_data/output_rides_19/ride_36222_20240426065157
20240426065949,/lus/lfs1aip2/projects/u6ex/fbots/frodobots_raw/frodobots_data/output_rides_19/ride_36227_20240426065949/recordings/501b67363c4348b14309b0b22526dd68_ride_36227__uid_s_1001__uid_e_video.m3u8,/lus/lfs1aip2/projects/u6ex/fbots/frodobots_raw/frodobots_data/output_rides_19/ride_36227_20240426065949
20240426075726,/lus/lfs1aip2/projects/u6ex/fbots/frodobots_raw/frodobots_data/output_rides_19/ride_36246_20240426075726/recordings/cff6813be74ae4f940d0f5bf2c2f70a4_ride_36246__uid_s_1001__uid_e_video.m3u8,/lus/lfs1aip2/projects/u6ex/fbots/frodobots_raw/frodobots_data/output_rides_19/ride_36246_20240426075726
20240426080140,/lus/lfs1aip2/projects/u6ex/fbots/frodobots_raw/frodobots_data/output_rides_19/ride_36247_20240426080140/recordings/72c6e049f443deb4ec3704b0bb83946e_ride_36247__uid_s_1001__uid_e_video.m3u8,/lus/lfs1aip2/projects/u6ex/fbots/frodobots_raw/frodobots_data/output_rides_19/ride_36247_20240426080140
20240426080155,/lus/lfs1aip2/projects/u6ex/fbots/frodobots_raw/frodobots_data/output_rides_19/ride_36248_20240426080155/recordings/f386b032c642c9dbe6eb9bb4d341f5ff_ride_36248__uid_s_1001__uid_e_video.m3u8,/lus/lfs1aip2/projects/u6ex/fbots/frodobots_raw/frodobots_data/output_rides_19/ride_36248_20240426080155
20240426080313,/lus/lfs1aip2/projects/u6ex/fbots/frodobots_raw/frodobots_data/output_rides_19/ride_36249_20240426080313/recordings/148480f9be47fab25ad7cab8e324979e_ride_36249__uid_s_1001__uid_e_video.m3u8,/lus/lfs1aip2/projects/u6ex/fbots/frodobots_raw/frodobots_data/output_rides_19/ride_36249_20240426080313
20240426080545,/lus/lfs1aip2/projects/u6ex/fbots/frodobots_raw/frodobots_data/output_rides_19/ride_36252_20240426080545/recordings/e7d25b65a546e1c08ee83db414d4bcb4_ride_36252__uid_s_1001__uid_e_video.m3u8,/lus/lfs1aip2/projects/u6ex/fbots/frodobots_raw/frodobots_data/output_rides_19/ride_36252_20240426080545
20240426081231,/lus/lfs1aip2/projects/u6ex/fbots/frodobots_raw/frodobots_data/output_rides_19/ride_36253_20240426081231/recordings/364c78a8214832ff41be6585256cc513_ride_36253__uid_s_1001__uid_e_video.m3u8,/lus/lfs1aip2/projects/u6ex/fbots/frodobots_raw/frodobots_data/output_rides_19/ride_36253_20240426081231
20240426081258,/lus/lfs1aip2/projects/u6ex/fbots/frodobots_raw/frodobots_data/output_rides_19/ride_36254_20240426081258/recordings/43b7d1322c4af22df852c79835fd4dbc_ride_36254__uid_s_1001__uid_e_video.m3u8,/lus/lfs1aip2/projects/u6ex/fbots/frodobots_raw/frodobots_data/output_rides_19/ride_36254_20240426081258
20240426081355,/lus/lfs1aip2/projects/u6ex/fbots/frodobots_raw/frodobots_data/output_rides_19/ride_36258_20240426081355/recordings/7608fafc274f0c4e6ee08782d0b30755_ride_36258__uid_s_1001__uid_e_video.m3u8,/lus/lfs1aip2/projects/u6ex/fbots/frodobots_raw/frodobots_data/output_rides_19/ride_36258_20240426081355
20240426083350,/lus/lfs1aip2/projects/u6ex/fbots/frodobots_raw/frodobots_data/output_rides_19/ride_36267_20240426083350/recordings/b0f1e8fa694e3ecda05a61aceffa0921_ride_36267__uid_s_1001__uid_e_video.m3u8,/lus/lfs1aip2/projects/u6ex/fbots/frodobots_raw/frodobots_data/output_rides_19/ride_36267_20240426083350
20240426083424,/lus/lfs1aip2/projects/u6ex/fbots/frodobots_raw/frodobots_data/output_rides_19/ride_36269_20240426083424/recordings/50febcf58d413f6d7adb9a9a499f5eae_ride_36269__uid_s_1001__uid_e_video.m3u8,/lus/lfs1aip2/projects/u6ex/fbots/frodobots_raw/frodobots_data/output_rides_19/ride_36269_20240426083424
20240426084403,/lus/lfs1aip2/projects/u6ex/fbots/frodobots_raw/frodobots_data/output_rides_19/ride_36275_20240426084403/recordings/7605d12c574b228bf9f1f384394497f2_ride_36275__uid_s_1001__uid_e_video.m3u8,/lus/lfs1aip2/projects/u6ex/fbots/frodobots_raw/frodobots_data/output_rides_19/ride_36275_20240426084403
20240426084638,/lus/lfs1aip2/projects/u6ex/fbots/frodobots_raw/frodobots_data/output_rides_19/ride_36280_20240426084638/recordings/963a211738483254713010a5b38b7098_ride_36280__uid_s_1001__uid_e_video.m3u8,/lus/lfs1aip2/projects/u6ex/fbots/frodobots_raw/frodobots_data/output_rides_19/ride_36280_20240426084638
20240426084825,/lus/lfs1aip2/projects/u6ex/fbots/frodobots_raw/frodobots_data/output_rides_19/ride_36283_20240426084825/recordings/faef454e724bf6509f6d9db443b60698_ride_36283__uid_s_1001__uid_e_video.m3u8,/lus/lfs1aip2/projects/u6ex/fbots/frodobots_raw/frodobots_data/output_rides_19/ride_36283_20240426084825
20240426084842,/lus/lfs1aip2/projects/u6ex/fbots/frodobots_raw/frodobots_data/output_rides_19/ride_36284_20240426084842/recordings/a0664a0f0c423702a6c8b5ab5e9be41a_ride_36284__uid_s_1001__uid_e_video.m3u8,/lus/lfs1aip2/projects/u6ex/fbots/frodobots_raw/frodobots_data/output_rides_19/ride_36284_20240426084842
20240426085937,/lus/lfs1aip2/projects/u6ex/fbots/frodobots_raw/frodobots_data/output_rides_19/ride_36290_20240426085937/recordings/53add5ab504ccf44d590fa8c5518cc59_ride_36290__uid_s_1001__uid_e_video.m3u8,/lus/lfs1aip2/projects/u6ex/fbots/frodobots_raw/frodobots_data/output_rides_19/ride_36290_20240426085937
20240426090033,/lus/lfs1aip2/projects/u6ex/fbots/frodobots_raw/frodobots_data/output_rides_19/ride_36291_20240426090033/recordings/a9063aa5084437efe37954bdff75b29b_ride_36291__uid_s_1001__uid_e_video.m3u8,/lus/lfs1aip2/projects/u6ex/fbots/frodobots_raw/frodobots_data/output_rides_19/ride_36291_20240426090033
20240426115809,/lus/lfs1aip2/projects/u6ex/fbots/frodobots_raw/frodobots_data/output_rides_19/ride_36320_20240426115809/recordings/f5510ef2eb419e9736afba836385ddab_ride_36320__uid_s_1001__uid_e_video.m3u8,/lus/lfs1aip2/projects/u6ex/fbots/frodobots_raw/frodobots_data/output_rides_19/ride_36320_20240426115809
20240426123132,/lus/lfs1aip2/projects/u6ex/fbots/frodobots_raw/frodobots_data/output_rides_19/ride_36327_20240426123132/recordings/34c1096e4247267e34bf3b8f744baace_ride_36327__uid_s_1001__uid_e_video.m3u8,/lus/lfs1aip2/projects/u6ex/fbots/frodobots_raw/frodobots_data/output_rides_19/ride_36327_20240426123132
20240426124146,/lus/lfs1aip2/projects/u6ex/fbots/frodobots_raw/frodobots_data/output_rides_19/ride_36331_20240426124146/recordings/55c05fc23c46d3936e63168960358659_ride_36331__uid_s_1001__uid_e_video.m3u8,/lus/lfs1aip2/projects/u6ex/fbots/frodobots_raw/frodobots_data/output_rides_19/ride_36331_20240426124146
20240426130056,/lus/lfs1aip2/projects/u6ex/fbots/frodobots_raw/frodobots_data/output_rides_19/ride_36335_20240426130056/recordings/bff620b8dc4958c2898a40870c000ae1_ride_36335__uid_s_1001__uid_e_video.m3u8,/lus/lfs1aip2/projects/u6ex/fbots/frodobots_raw/frodobots_data/output_rides_19/ride_36335_20240426130056
20240426131331,/lus/lfs1aip2/projects/u6ex/fbots/frodobots_raw/frodobots_data/output_rides_19/ride_36339_20240426131331/recordings/0037de395841268b10be488b527e2eac_ride_36339__uid_s_1001__uid_e_video.m3u8,/lus/lfs1aip2/projects/u6ex/fbots/frodobots_raw/frodobots_data/output_rides_19/ride_36339_20240426131331
20240426132647,/lus/lfs1aip2/projects/u6ex/fbots/frodobots_raw/frodobots_data/output_rides_19/ride_36346_20240426132647/recordings/b9673b008644e04ebcca458393a3fe03_ride_36346__uid_s_1001__uid_e_video.m3u8,/lus/lfs1aip2/projects/u6ex/fbots/frodobots_raw/frodobots_data/output_rides_19/ride_36346_20240426132647
20240426134332,/lus/lfs1aip2/projects/u6ex/fbots/frodobots_raw/frodobots_data/output_rides_19/ride_36348_20240426134332/recordings/ebd734014144386e88978082924e576c_ride_36348__uid_s_1001__uid_e_video.m3u8,/lus/lfs1aip2/projects/u6ex/fbots/frodobots_raw/frodobots_data/output_rides_19/ride_36348_20240426134332
20240426134958,/lus/lfs1aip2/projects/u6ex/fbots/frodobots_raw/frodobots_data/output_rides_19/ride_36350_20240426134958/recordings/6bf493fa5e41ea3df49ce2be7d000a1f_ride_36350__uid_s_1001__uid_e_video.m3u8,/lus/lfs1aip2/projects/u6ex/fbots/frodobots_raw/frodobots_data/output_rides_19/ride_36350_20240426134958
20240426140227,/lus/lfs1aip2/projects/u6ex/fbots/frodobots_raw/frodobots_data/output_rides_19/ride_36352_20240426140227/recordings/7195a6ecdb47fd6b311ae093a9dba53c_ride_36352__uid_s_1001__uid_e_video.m3u8,/lus/lfs1aip2/projects/u6ex/fbots/frodobots_raw/frodobots_data/output_rides_19/ride_36352_20240426140227
20240426150316,/lus/lfs1aip2/projects/u6ex/fbots/frodobots_raw/frodobots_data/output_rides_19/ride_36366_20240426150316/recordings/61f459cee54750eaedb7f3ab0ce6d8f3_ride_36366__uid_s_1001__uid_e_video.m3u8,/lus/lfs1aip2/projects/u6ex/fbots/frodobots_raw/frodobots_data/output_rides_19/ride_36366_20240426150316
20240426151614,/lus/lfs1aip2/projects/u6ex/fbots/frodobots_raw/frodobots_data/output_rides_19/ride_36368_20240426151614/recordings/94c364f656446388b66cdc8478def1bd_ride_36368__uid_s_1001__uid_e_video.m3u8,/lus/lfs1aip2/projects/u6ex/fbots/frodobots_raw/frodobots_data/output_rides_19/ride_36368_20240426151614
20240426152658,/lus/lfs1aip2/projects/u6ex/fbots/frodobots_raw/frodobots_data/output_rides_19/ride_36373_20240426152658/recordings/0d1849d7c24aae3a9018de9a58cb8aec_ride_36373__uid_s_1001__uid_e_video.m3u8,/lus/lfs1aip2/projects/u6ex/fbots/frodobots_raw/frodobots_data/output_rides_19/ride_36373_20240426152658
20240429052525,/lus/lfs1aip2/projects/u6ex/fbots/frodobots_raw/frodobots_data/output_rides_20/ride_37294_20240429052525/recordings/ac6f164ec946ce4782a8c4a38c7949fc_ride_37294__uid_s_1001__uid_e_video.m3u8,/lus/lfs1aip2/projects/u6ex/fbots/frodobots_raw/frodobots_data/output_rides_20/ride_37294_20240429052525
20240429053732,/lus/lfs1aip2/projects/u6ex/fbots/frodobots_raw/frodobots_data/output_rides_20/ride_37300_20240429053732/recordings/af3824241f49b5632d8ce4b0aaf3c2a1_ride_37300__uid_s_1001__uid_e_video.m3u8,/lus/lfs1aip2/projects/u6ex/fbots/frodobots_raw/frodobots_data/output_rides_20/ride_37300_20240429053732
20240429055148,/lus/lfs1aip2/projects/u6ex/fbots/frodobots_raw/frodobots_data/output_rides_20/ride_37306_20240429055148/recordings/c8bcf944cd40656733b721b4554b146f_ride_37306__uid_s_1001__uid_e_video.m3u8,/lus/lfs1aip2/projects/u6ex/fbots/frodobots_raw/frodobots_data/output_rides_20/ride_37306_20240429055148
20240429083356,/lus/lfs1aip2/projects/u6ex/fbots/frodobots_raw/frodobots_data/output_rides_20/ride_37345_20240429083356/recordings/4e00aa48584080436df7f0a2d68e3c54_ride_37345__uid_s_1001__uid_e_video.m3u8,/lus/lfs1aip2/projects/u6ex/fbots/frodobots_raw/frodobots_data/output_rides_20/ride_37345_20240429083356
20240429084602,/lus/lfs1aip2/projects/u6ex/fbots/frodobots_raw/frodobots_data/output_rides_20/ride_37349_20240429084602/recordings/6b83adc4034f5a425aaa1ead0d2b0c2c_ride_37349__uid_s_1001__uid_e_video.m3u8,/lus/lfs1aip2/projects/u6ex/fbots/frodobots_raw/frodobots_data/output_rides_20/ride_37349_20240429084602
20240429085813,/lus/lfs1aip2/projects/u6ex/fbots/frodobots_raw/frodobots_data/output_rides_20/ride_37351_20240429085813/recordings/40058c13d147f20bc081ddabb5aa7a94_ride_37351__uid_s_1001__uid_e_video.m3u8,/lus/lfs1aip2/projects/u6ex/fbots/frodobots_raw/frodobots_data/output_rides_20/ride_37351_20240429085813
20240429092005,/lus/lfs1aip2/projects/u6ex/fbots/frodobots_raw/frodobots_data/output_rides_20/ride_37355_20240429092005/recordings/5fdc4601794fda73857c34bffa3af8dd_ride_37355__uid_s_1001__uid_e_video.m3u8,/lus/lfs1aip2/projects/u6ex/fbots/frodobots_raw/frodobots_data/output_rides_20/ride_37355_20240429092005
20240429102849,/lus/lfs1aip2/projects/u6ex/fbots/frodobots_raw/frodobots_data/output_rides_20/ride_37373_20240429102849/recordings/2442923d7d46b9808a3af6b6128fb9d6_ride_37373__uid_s_1001__uid_e_video.m3u8,/lus/lfs1aip2/projects/u6ex/fbots/frodobots_raw/frodobots_data/output_rides_20/ride_37373_20240429102849
20240429104339,/lus/lfs1aip2/projects/u6ex/fbots/frodobots_raw/frodobots_data/output_rides_20/ride_37376_20240429104339/recordings/46e4c304994811a1c60b6f8f2b502436_ride_37376__uid_s_1001__uid_e_video.m3u8,/lus/lfs1aip2/projects/u6ex/fbots/frodobots_raw/frodobots_data/output_rides_20/ride_37376_20240429104339
20240429111610,/lus/lfs1aip2/projects/u6ex/fbots/frodobots_raw/frodobots_data/output_rides_20/ride_37383_20240429111610/recordings/902e7278b54d191f1c366989e90e89d0_ride_37383__uid_s_1001__uid_e_video.m3u8,/lus/lfs1aip2/projects/u6ex/fbots/frodobots_raw/frodobots_data/output_rides_20/ride_37383_20240429111610
20240429112640,/lus/lfs1aip2/projects/u6ex/fbots/frodobots_raw/frodobots_data/output_rides_20/ride_37389_20240429112640/recordings/788e3efc564b7d3c9e0b8e98ec921669_ride_37389__uid_s_1001__uid_e_video.m3u8,/lus/lfs1aip2/projects/u6ex/fbots/frodobots_raw/frodobots_data/output_rides_20/ride_37389_20240429112640
20240429113140,/lus/lfs1aip2/projects/u6ex/fbots/frodobots_raw/frodobots_data/output_rides_20/ride_37390_20240429113140/recordings/9a6bd37c1544c4ecaec5a8937b1ff310_ride_37390__uid_s_1001__uid_e_video.m3u8,/lus/lfs1aip2/projects/u6ex/fbots/frodobots_raw/frodobots_data/output_rides_20/ride_37390_20240429113140
20240429113440,/lus/lfs1aip2/projects/u6ex/fbots/frodobots_raw/frodobots_data/output_rides_20/ride_37391_20240429113440/recordings/d66648127c4cf3a42a6f7d98606efab3_ride_37391__uid_s_1001__uid_e_video.m3u8,/lus/lfs1aip2/projects/u6ex/fbots/frodobots_raw/frodobots_data/output_rides_20/ride_37391_20240429113440
20240429114540,/lus/lfs1aip2/projects/u6ex/fbots/frodobots_raw/frodobots_data/output_rides_20/ride_37395_20240429114540/recordings/5a095a82c54a79ee471e01a464a94fc0_ride_37395__uid_s_1001__uid_e_video.m3u8,/lus/lfs1aip2/projects/u6ex/fbots/frodobots_raw/frodobots_data/output_rides_20/ride_37395_20240429114540
20240429114739,/lus/lfs1aip2/projects/u6ex/fbots/frodobots_raw/frodobots_data/output_rides_20/ride_37397_20240429114739/recordings/d1b2a8df2f4a2418564db88fb41a1b4b_ride_37397__uid_s_1001__uid_e_video.m3u8,/lus/lfs1aip2/projects/u6ex/fbots/frodobots_raw/frodobots_data/output_rides_20/ride_37397_20240429114739
20240429115320,/lus/lfs1aip2/projects/u6ex/fbots/frodobots_raw/frodobots_data/output_rides_20/ride_37398_20240429115320/recordings/69a7ebff6b40f620be609ebb04cc650f_ride_37398__uid_s_1001__uid_e_video.m3u8,/lus/lfs1aip2/projects/u6ex/fbots/frodobots_raw/frodobots_data/output_rides_20/ride_37398_20240429115320
20240429121541,/lus/lfs1aip2/projects/u6ex/fbots/frodobots_raw/frodobots_data/output_rides_20/ride_37401_20240429121541/recordings/e377d8826d40244c74b420bb22f30742_ride_37401__uid_s_1001__uid_e_video.m3u8,/lus/lfs1aip2/projects/u6ex/fbots/frodobots_raw/frodobots_data/output_rides_20/ride_37401_20240429121541
20240430070818,/lus/lfs1aip2/projects/u6ex/fbots/frodobots_raw/frodobots_data/output_rides_20/ride_37765_20240430070818/recordings/9ecd9fb4e7486587be600b8d2b13d14b_ride_37765__uid_s_1001__uid_e_video.m3u8,/lus/lfs1aip2/projects/u6ex/fbots/frodobots_raw/frodobots_data/output_rides_20/ride_37765_20240430070818
20240430071614,/lus/lfs1aip2/projects/u6ex/fbots/frodobots_raw/frodobots_data/output_rides_20/ride_37768_20240430071614/recordings/a66d9478d24124ee8b4c3b89d3cf655c_ride_37768__uid_s_1001__uid_e_video.m3u8,/lus/lfs1aip2/projects/u6ex/fbots/frodobots_raw/frodobots_data/output_rides_20/ride_37768_20240430071614
20240430072532,/lus/lfs1aip2/projects/u6ex/fbots/frodobots_raw/frodobots_data/output_rides_20/ride_37771_20240430072532/recordings/6759649df14c857af95932bef457889d_ride_37771__uid_s_1001__uid_e_video.m3u8,/lus/lfs1aip2/projects/u6ex/fbots/frodobots_raw/frodobots_data/output_rides_20/ride_37771_20240430072532
20240430073022,/lus/lfs1aip2/projects/u6ex/fbots/frodobots_raw/frodobots_data/output_rides_20/ride_37774_20240430073022/recordings/62442cd7114a7e6bd483009bf43f334e_ride_37774__uid_s_1001__uid_e_video.m3u8,/lus/lfs1aip2/projects/u6ex/fbots/frodobots_raw/frodobots_data/output_rides_20/ride_37774_20240430073022
20240430073555,/lus/lfs1aip2/projects/u6ex/fbots/frodobots_raw/frodobots_data/output_rides_20/ride_37775_20240430073555/recordings/b912208c9546997b9de2df8f292437e8_ride_37775__uid_s_1001__uid_e_video.m3u8,/lus/lfs1aip2/projects/u6ex/fbots/frodobots_raw/frodobots_data/output_rides_20/ride_37775_20240430073555
20240430080453,/lus/lfs1aip2/projects/u6ex/fbots/frodobots_raw/frodobots_data/output_rides_20/ride_37779_20240430080453/recordings/1a67ec48764d1a8f97609bb754f32e35_ride_37779__uid_s_1001__uid_e_video.m3u8,/lus/lfs1aip2/projects/u6ex/fbots/frodobots_raw/frodobots_data/output_rides_20/ride_37779_20240430080453
20240430101627,/lus/lfs1aip2/projects/u6ex/fbots/frodobots_raw/frodobots_data/output_rides_20/ride_37819_20240430101627/recordings/56898645134f122efc2a5eb1c12e3f67_ride_37819__uid_s_1001__uid_e_video.m3u8,/lus/lfs1aip2/projects/u6ex/fbots/frodobots_raw/frodobots_data/output_rides_20/ride_37819_20240430101627
20240430103228,/lus/lfs1aip2/projects/u6ex/fbots/frodobots_raw/frodobots_data/output_rides_20/ride_37828_20240430103228/recordings/61ddd065534394a16a119b977aecaa15_ride_37828__uid_s_1001__uid_e_video.m3u8,/lus/lfs1aip2/projects/u6ex/fbots/frodobots_raw/frodobots_data/output_rides_20/ride_37828_20240430103228
20240430104449,/lus/lfs1aip2/projects/u6ex/fbots/frodobots_raw/frodobots_data/output_rides_20/ride_37831_20240430104449/recordings/8961fb22574f2e87206679a5d097eb03_ride_37831__uid_s_1001__uid_e_video.m3u8,/lus/lfs1aip2/projects/u6ex/fbots/frodobots_raw/frodobots_data/output_rides_20/ride_37831_20240430104449
20240430105815,/lus/lfs1aip2/projects/u6ex/fbots/frodobots_raw/frodobots_data/output_rides_20/ride_37837_20240430105815/recordings/c7857efc1b417b6c5ec3c59829987d51_ride_37837__uid_s_1001__uid_e_video.m3u8,/lus/lfs1aip2/projects/u6ex/fbots/frodobots_raw/frodobots_data/output_rides_20/ride_37837_20240430105815
20240430110921,/lus/lfs1aip2/projects/u6ex/fbots/frodobots_raw/frodobots_data/output_rides_20/ride_37838_20240430110921/recordings/35466f51e444b257bc4318a224cf1b2f_ride_37838__uid_s_1001__uid_e_video.m3u8,/lus/lfs1aip2/projects/u6ex/fbots/frodobots_raw/frodobots_data/output_rides_20/ride_37838_20240430110921
20240430112456,/lus/lfs1aip2/projects/u6ex/fbots/frodobots_raw/frodobots_data/output_rides_20/ride_37845_20240430112456/recordings/7d56722ebd43bf94dc82928ca6dc0e8f_ride_37845__uid_s_1001__uid_e_video.m3u8,/lus/lfs1aip2/projects/u6ex/fbots/frodobots_raw/frodobots_data/output_rides_20/ride_37845_20240430112456
20240430114001,/lus/lfs1aip2/projects/u6ex/fbots/frodobots_raw/frodobots_data/output_rides_20/ride_37848_20240430114001/recordings/b34d692f694b2795057c428a65f077dd_ride_37848__uid_s_1001__uid_e_video.m3u8,/lus/lfs1aip2/projects/u6ex/fbots/frodobots_raw/frodobots_data/output_rides_20/ride_37848_20240430114001
20240430114930,/lus/lfs1aip2/projects/u6ex/fbots/frodobots_raw/frodobots_data/output_rides_20/ride_37855_20240430114930/recordings/04b83ecddb4a939af6510ea6bdbefa90_ride_37855__uid_s_1001__uid_e_video.m3u8,/lus/lfs1aip2/projects/u6ex/fbots/frodobots_raw/frodobots_data/output_rides_20/ride_37855_20240430114930
20240430124101,/lus/lfs1aip2/projects/u6ex/fbots/frodobots_raw/frodobots_data/output_rides_20/ride_37867_20240430124101/recordings/dfb2b135ce4d8324932841b994c3bb97_ride_37867__uid_s_1001__uid_e_video.m3u8,/lus/lfs1aip2/projects/u6ex/fbots/frodobots_raw/frodobots_data/output_rides_20/ride_37867_20240430124101
20240430133014,/lus/lfs1aip2/projects/u6ex/fbots/frodobots_raw/frodobots_data/output_rides_20/ride_37881_20240430133014/recordings/2c59758e4c4c7414bfbc5baeeeab9598_ride_37881__uid_s_1001__uid_e_video.m3u8,/lus/lfs1aip2/projects/u6ex/fbots/frodobots_raw/frodobots_data/output_rides_20/ride_37881_20240430133014
20240430133822,/lus/lfs1aip2/projects/u6ex/fbots/frodobots_raw/frodobots_data/output_rides_20/ride_37888_20240430133822/recordings/ef5dfd74cc489c4f19174abb069a7729_ride_37888__uid_s_1001__uid_e_video.m3u8,/lus/lfs1aip2/projects/u6ex/fbots/frodobots_raw/frodobots_data/output_rides_20/ride_37888_20240430133822
20240430135028,/lus/lfs1aip2/projects/u6ex/fbots/frodobots_raw/frodobots_data/output_rides_20/ride_37893_20240430135028/recordings/67947f918541324f2e28ebb15d571a62_ride_37893__uid_s_1001__uid_e_video.m3u8,/lus/lfs1aip2/projects/u6ex/fbots/frodobots_raw/frodobots_data/output_rides_20/ride_37893_20240430135028
20240501075518,/lus/lfs1aip2/projects/u6ex/fbots/frodobots_raw/frodobots_data/output_rides_21/ride_38482_20240501075518/recordings/a0b6e36c7343076fbe6d9497d01bc698_ride_38482__uid_s_1001__uid_e_video.m3u8,/lus/lfs1aip2/projects/u6ex/fbots/frodobots_raw/frodobots_data/output_rides_21/ride_38482_20240501075518
20240501090219,/lus/lfs1aip2/projects/u6ex/fbots/frodobots_raw/frodobots_data/output_rides_21/ride_38539_20240501090219/recordings/2c294ee7c84a447a26efb7b98e56052d_ride_38539__uid_s_1001__uid_e_video.m3u8,/lus/lfs1aip2/projects/u6ex/fbots/frodobots_raw/frodobots_data/output_rides_21/ride_38539_20240501090219
20240501093431,/lus/lfs1aip2/projects/u6ex/fbots/frodobots_raw/frodobots_data/output_rides_21/ride_38551_20240501093431/recordings/0de3fb8312456a690a7f6785138121cd_ride_38551__uid_s_1001__uid_e_video.m3u8,/lus/lfs1aip2/projects/u6ex/fbots/frodobots_raw/frodobots_data/output_rides_21/ride_38551_20240501093431
20240501094242,/lus/lfs1aip2/projects/u6ex/fbots/frodobots_raw/frodobots_data/output_rides_21/ride_38557_20240501094242/recordings/8ffa66fc744580ed2acdc4a048078b47_ride_38557__uid_s_1001__uid_e_video.m3u8,/lus/lfs1aip2/projects/u6ex/fbots/frodobots_raw/frodobots_data/output_rides_21/ride_38557_20240501094242
20240501100413,/lus/lfs1aip2/projects/u6ex/fbots/frodobots_raw/frodobots_data/output_rides_21/ride_38564_20240501100413/recordings/1105b46bc241412f4b30d891ddfd63f7_ride_38564__uid_s_1001__uid_e_video.m3u8,/lus/lfs1aip2/projects/u6ex/fbots/frodobots_raw/frodobots_data/output_rides_21/ride_38564_20240501100413
20240501103132,/lus/lfs1aip2/projects/u6ex/fbots/frodobots_raw/frodobots_data/output_rides_21/ride_38578_20240501103132/recordings/f5c7cea1d54c30248c4235b61df93e51_ride_38578__uid_s_1001__uid_e_video.m3u8,/lus/lfs1aip2/projects/u6ex/fbots/frodobots_raw/frodobots_data/output_rides_21/ride_38578_20240501103132
20240501121014,/lus/lfs1aip2/projects/u6ex/fbots/frodobots_raw/frodobots_data/output_rides_21/ride_38600_20240501121014/recordings/9e063365674aafe75a7202a0c69110de_ride_38600__uid_s_1001__uid_e_video.m3u8,/lus/lfs1aip2/projects/u6ex/fbots/frodobots_raw/frodobots_data/output_rides_21/ride_38600_20240501121014
20240501122152,/lus/lfs1aip2/projects/u6ex/fbots/frodobots_raw/frodobots_data/output_rides_21/ride_38602_20240501122152/recordings/a563b22269456dc7325fee9641118ef9_ride_38602__uid_s_1001__uid_e_video.m3u8,/lus/lfs1aip2/projects/u6ex/fbots/frodobots_raw/frodobots_data/output_rides_21/ride_38602_20240501122152
20240501125737,/lus/lfs1aip2/projects/u6ex/fbots/frodobots_raw/frodobots_data/output_rides_21/ride_38614_20240501125737/recordings/95275c833f4afef467e426ac88383f04_ride_38614__uid_s_1001__uid_e_video.m3u8,/lus/lfs1aip2/projects/u6ex/fbots/frodobots_raw/frodobots_data/output_rides_21/ride_38614_20240501125737
20240501130806,/lus/lfs1aip2/projects/u6ex/fbots/frodobots_raw/frodobots_data/output_rides_21/ride_38618_20240501130806/recordings/9f0f3fa595423ee499ad5ca2b32014bc_ride_38618__uid_s_1001__uid_e_video.m3u8,/lus/lfs1aip2/projects/u6ex/fbots/frodobots_raw/frodobots_data/output_rides_21/ride_38618_20240501130806
20240501132416,/lus/lfs1aip2/projects/u6ex/fbots/frodobots_raw/frodobots_data/output_rides_21/ride_38624_20240501132416/recordings/014caff34f45557ea16245b9768619b2_ride_38624__uid_s_1001__uid_e_video.m3u8,/lus/lfs1aip2/projects/u6ex/fbots/frodobots_raw/frodobots_data/output_rides_21/ride_38624_20240501132416
20240501134601,/lus/lfs1aip2/projects/u6ex/fbots/frodobots_raw/frodobots_data/output_rides_21/ride_38632_20240501134601/recordings/66b477d6294ceb52809b519611235c67_ride_38632__uid_s_1001__uid_e_video.m3u8,/lus/lfs1aip2/projects/u6ex/fbots/frodobots_raw/frodobots_data/output_rides_21/ride_38632_20240501134601
20240501142423,/lus/lfs1aip2/projects/u6ex/fbots/frodobots_raw/frodobots_data/output_rides_21/ride_38642_20240501142423/recordings/3a1a76d37f493dddc7279aa2739f0c07_ride_38642__uid_s_1001__uid_e_video.m3u8,/lus/lfs1aip2/projects/u6ex/fbots/frodobots_raw/frodobots_data/output_rides_21/ride_38642_20240501142423
20240502103852,/lus/lfs1aip2/projects/u6ex/fbots/frodobots_raw/frodobots_data/output_rides_21/ride_39218_20240502103852/recordings/9e3772a5a2480314907192887f56a201_ride_39218__uid_s_1001__uid_e_video.m3u8,/lus/lfs1aip2/projects/u6ex/fbots/frodobots_raw/frodobots_data/output_rides_21/ride_39218_20240502103852
20240502104537,/lus/lfs1aip2/projects/u6ex/fbots/frodobots_raw/frodobots_data/output_rides_21/ride_39220_20240502104537/recordings/3d672f652b4f77f80efc30beb14b9ec1_ride_39220__uid_s_1001__uid_e_video.m3u8,/lus/lfs1aip2/projects/u6ex/fbots/frodobots_raw/frodobots_data/output_rides_21/ride_39220_20240502104537
20240502110116,/lus/lfs1aip2/projects/u6ex/fbots/frodobots_raw/frodobots_data/output_rides_21/ride_39232_20240502110116/recordings/a1ea00e69f4dc03f70a6428404d83606_ride_39232__uid_s_1001__uid_e_video.m3u8,/lus/lfs1aip2/projects/u6ex/fbots/frodobots_raw/frodobots_data/output_rides_21/ride_39232_20240502110116
20240502111936,/lus/lfs1aip2/projects/u6ex/fbots/frodobots_raw/frodobots_data/output_rides_22/ride_39248_20240502111936/recordings/0866cacf1c43f33ca1e2a6a36d72f1bc_ride_39248__uid_s_1001__uid_e_video.m3u8,/lus/lfs1aip2/projects/u6ex/fbots/frodobots_raw/frodobots_data/output_rides_22/ride_39248_20240502111936
20240502112720,/lus/lfs1aip2/projects/u6ex/fbots/frodobots_raw/frodobots_data/output_rides_22/ride_39252_20240502112720/recordings/d49826abb8467b654d8a48a201bbc722_ride_39252__uid_s_1001__uid_e_video.m3u8,/lus/lfs1aip2/projects/u6ex/fbots/frodobots_raw/frodobots_data/output_rides_22/ride_39252_20240502112720
20240502113600,/lus/lfs1aip2/projects/u6ex/fbots/frodobots_raw/frodobots_data/output_rides_22/ride_39254_20240502113600/recordings/80b4833fb04bcad440a7698297aa6194_ride_39254__uid_s_1001__uid_e_video.m3u8,/lus/lfs1aip2/projects/u6ex/fbots/frodobots_raw/frodobots_data/output_rides_22/ride_39254_20240502113600
20240502114755,/lus/lfs1aip2/projects/u6ex/fbots/frodobots_raw/frodobots_data/output_rides_22/ride_39260_20240502114755/recordings/757522a6444bb07495b7be9e70880eac_ride_39260__uid_s_1001__uid_e_video.m3u8,/lus/lfs1aip2/projects/u6ex/fbots/frodobots_raw/frodobots_data/output_rides_22/ride_39260_20240502114755
20240502115621,/lus/lfs1aip2/projects/u6ex/fbots/frodobots_raw/frodobots_data/output_rides_22/ride_39267_20240502115621/recordings/e0bef9abd940ce9aa32b05b0a83b2385_ride_39267__uid_s_1001__uid_e_video.m3u8,/lus/lfs1aip2/projects/u6ex/fbots/frodobots_raw/frodobots_data/output_rides_22/ride_39267_20240502115621
20240503073640,/lus/lfs1aip2/projects/u6ex/fbots/frodobots_raw/frodobots_data/output_rides_22/ride_39818_20240503073640/recordings/0ef7a0b3984b2250420632acdaa7ce44_ride_39818__uid_s_1001__uid_e_video.m3u8,/lus/lfs1aip2/projects/u6ex/fbots/frodobots_raw/frodobots_data/output_rides_22/ride_39818_20240503073640
20240503115252,/lus/lfs1aip2/projects/u6ex/fbots/frodobots_raw/frodobots_data/output_rides_22/ride_39932_20240503115252/recordings/8c73e5758a4f6a91a8c6dead005ab611_ride_39932__uid_s_1001__uid_e_video.m3u8,/lus/lfs1aip2/projects/u6ex/fbots/frodobots_raw/frodobots_data/output_rides_22/ride_39932_20240503115252
20240503120743,/lus/lfs1aip2/projects/u6ex/fbots/frodobots_raw/frodobots_data/output_rides_22/ride_39940_20240503120743/recordings/911844cd864e7e364e1158b3e9d3e651_ride_39940__uid_s_1001__uid_e_video.m3u8,/lus/lfs1aip2/projects/u6ex/fbots/frodobots_raw/frodobots_data/output_rides_22/ride_39940_20240503120743
20240503122234,/lus/lfs1aip2/projects/u6ex/fbots/frodobots_raw/frodobots_data/output_rides_22/ride_39951_20240503122234/recordings/27a74b21ca423225ba9137b6e28cb11c_ride_39951__uid_s_1001__uid_e_video.m3u8,/lus/lfs1aip2/projects/u6ex/fbots/frodobots_raw/frodobots_data/output_rides_22/ride_39951_20240503122234
